Artículo,,,Nombre artículo,Serie,Documento,Fecha,Agrup.,Nº agrup.,Uni.agr.,,Unid.,Precio,Dto1,,Importe,,,,,Factura
,,,00011 - CONTADO ZOCODOVER,,,,,,,,,,,,,,,,,
MCG006,,,UD. SOMBRILLA DE CHOCOLATE 35 GMS.,11,   908178T,01/12/2025,,,,,2,"2,2",,,"4,4",,,,,T251201
,,,Total albarán 11908178T,,,,,,,,2,,,,"4,4",,,,,
MVH008,,,"UD. AGUA MINERAL DE 1, 5 L. AQUABONA",11,   908184T,01/12/2025,,,,,1,"1,75",,,"1,75",,,,,T251201
,,,Total albarán 11908184T,,,,,,,,1,,,,"1,75",,,,,
MCK048,,,UD. MEGA-ROULETE,11,   908186T,01/12/2025,,,,,1,"0,7",,,"0,7",,,,,T251201
,,,Total albarán 11908186T,,,,,,,,1,,,,"0,7",,,,,
MVH010B,,,UD. BOTELLA AGUA 1/2 L. AQUABONA,11,   908192T,01/12/2025,,,,,1,"1,1",,,"1,1",,,,,T251201
,,,Total albarán 11908192T,,,,,,,,1,,,,"1,1",,,,,
MVH010B,,,UD. BOTELLA AGUA 1/2 L. AQUABONA,11,   908202T,01/12/2025,,,,,1,"1,1",,,"1,1",,,,,T251201
,,,Total albarán 11908202T,,,,,,,,1,,,,"1,1",,,,,
MCJ003F,,,UD. BOLSA CARAMELO MIEL - EUCALIPTO 175 GR.,11,   908209T,01/12/2025,,,,,1,"3,3",,,"3,3",,,,,T251201
MVH010B,,,UD. BOTELLA AGUA 1/2 L. AQUABONA,11,   908209T,01/12/2025,,,,,1,"1,1",,,"1,1",,,,,T251201
,,,Total albarán 11908209T,,,,,,,,2,,,,"4,4",,,,,
MCN001,,,UD. CHUPA CHUPS,11,   908215T,01/12/2025,,,,,1,"0,3",,,"0,3",,,,,T251201
,,,Total albarán 11908215T,,,,,,,,1,,,,"0,3",,,,,
MCG001F,,,UD. HUEVO PATRULLA CANINA,11,   908221T,01/12/2025,,,,,2,"1,5",,,3,,,,,T251201
,,,Total albarán 11908221T,,,,,,,,2,,,,3,,,,,
MVH010B,,,UD. BOTELLA AGUA 1/2 L. AQUABONA,11,   908232T,01/12/2025,,,,,1,"1,1",,,"1,1",,,,,T251201
,,,Total albarán 11908232T,,,,,,,,1,,,,"1,1",,,,,
,04/03/2026 20:10:36,,,,,,,,,,,,,,,,,Página: 1,,
MVH010B,,,UD. BOTELLA AGUA 1/2 L. AQUABONA,11,   908238T,01/12/2025,,,,,1,"1,1",,,"1,1",,,,,T251201
,,,Total albarán 11908238T,,,,,,,,1,,,,"1,1",,,,,
MTU016,,,KG. POLVORONES Y MANTECADOS,11,   908257T,01/12/2025,,,,,"1,36","19,8",,,"26,93",,,,,T251201
,,,Total albarán 11908257T,,,,,,,,"1,36",,,,"26,93",,,,,
MTU002,,,UD. TURRON JIJONA 300 GR.,11,   908268T,01/12/2025,,,,,1,"12,1",,,"12,1",,,,,T251201
,,,Total albarán 11908268T,,,,,,,,1,,,,"12,1",,,,,
MBB003,,,KG. LENGUAS DE GATO,11,   908274T,01/12/2025,,,,,"0,26","34,1",,,"8,87",,,,,T251201
,,,Total albarán 11908274T,,,,,,,,"0,26",,,,"8,87",,,,,
MVH010B,,,UD. BOTELLA AGUA 1/2 L. AQUABONA,11,   908275T,01/12/2025,,,,,1,"1,1",,,"1,1",,,,,T251201
,,,Total albarán 11908275T,,,,,,,,1,,,,"1,1",,,,,
MVA001,,,UD. VELA NUMERO,11,   908290T,01/12/2025,,,,,2,"0,99",,,"1,98",,,,,T251201
,,,Total albarán 11908290T,,,,,,,,2,,,,"1,98",,,,,
MCF018J,,,UD. CHOC. TORRAS SEA SALT ORGANIC,11,   908296T,01/12/2025,,,,,1,"3,85",,,"3,85",,,,,T251201
,,,Total albarán 11908296T,,,,,,,,1,,,,"3,85",,,,,
MCK005,,,UD. TUBO LACASITOS 20 GMS.,11,   908306T,01/12/2025,,,,,1,"1,1",,,"1,1",,,,,T251201
,,,Total albarán 11908306T,,,,,,,,1,,,,"1,1",,,,,
MTU002,,,UD. TURRON JIJONA 300 GR.,11,   908311T,01/12/2025,,,,,1,"12,1",,,"12,1",,,,,T251201
,,,Total albarán 11908311T,,,,,,,,1,,,,"12,1",,,,,
MTU010,,,KG. ALMENDRAS RELLENAS,11,   908313T,01/12/2025,,,,,"0,05","41,8",,,"2,09",,,,,T251201
,,,Total albarán 11908313T,,,,,,,,"0,05",,,,"2,09",,,,,
MCG001F,,,UD. HUEVO PATRULLA CANINA,11,   908323T,01/12/2025,,,,,1,"1,5",,,"1,5",,,,,T251201
,,,Total albarán 11908323T,,,,,,,,1,,,,"1,5",,,,,
MVH008,,,"UD. AGUA MINERAL DE 1, 5 L. AQUABONA",11,   908344T,01/12/2025,,,,,1,"1,75",,,"1,75",,,,,T251201
,,,Total albarán 11908344T,,,,,,,,1,,,,"1,75",,,,,
MTU002,,,UD. TURRON JIJONA 300 GR.,11,   908349T,01/12/2025,,,,,1,"12,1",,,"12,1",,,,,T251201
,,,Total albarán 11908349T,,,,,,,,1,,,,"12,1",,,,,
MCN001,,,UD. CHUPA CHUPS,11,   908350T,01/12/2025,,,,,2,"0,3",,,"0,6",,,,,T251201
,,,Total albarán 11908350T,,,,,,,,2,,,,"0,6",,,,,
MVH012A,,,UD. BOTELLA COCA COLA ZERO,11,   908355T,01/12/2025,,,,,1,2,,,2,,,,,T251201
,,,Total albarán 11908355T,,,,,,,,1,,,,2,,,,,
,04/03/2026 20:10:36,,,,,,,,,,,,,,,,,Página: 2,,
MCG006,,,UD. SOMBRILLA DE CHOCOLATE 35 GMS.,11,   908356T,01/12/2025,,,,,1,"2,2",,,"2,2",,,,,T251201
,,,Total albarán 11908356T,,,,,,,,1,,,,"2,2",,,,,
MVH010B,,,UD. BOTELLA AGUA 1/2 L. AQUABONA,11,   908358T,01/12/2025,,,,,2,"1,1",,,"2,2",,,,,T251201
,,,Total albarán 11908358T,,,,,,,,2,,,,"2,2",,,,,
MFA001,,,KG. FRUTA ESCARCHADA,11,   908372T,01/12/2025,,,,,"0,745","29,7",,,"22,13",,,,,T251201
,,,Total albarán 11908372T,,,,,,,,"0,745",,,,"22,13",,,,,
MVH010B,,,UD. BOTELLA AGUA 1/2 L. AQUABONA,11,   908385T,01/12/2025,,,,,3,"1,1",,,"3,3",,,,,T251201
,,,Total albarán 11908385T,,,,,,,,3,,,,"3,3",,,,,
MVH010B,,,UD. BOTELLA AGUA 1/2 L. AQUABONA,11,   908392T,01/12/2025,,,,,1,"1,1",,,"1,1",,,,,T251201
,,,Total albarán 11908392T,,,,,,,,1,,,,"1,1",,,,,
MFA002,,,KG. FRUTAS DE ARAGON,11,   908395T,01/12/2025,,,,,"0,25",33,,,"8,25",,,,,T251201
,,,Total albarán 11908395T,,,,,,,,"0,25",,,,"8,25",,,,,
MTU010,,,KG. ALMENDRAS RELLENAS,11,   908423T,01/12/2025,,,,,"0,01","41,8",,,"0,42",,,,,T251201
,,,Total albarán 11908423T,,,,,,,,"0,01",,,,"0,42",,,,,
MBB003,,,KG. LENGUAS DE GATO,11,   908425T,01/12/2025,,,,,"0,08","34,1",,,"2,73",,,,,T251201
,,,Total albarán 11908425T,,,,,,,,"0,08",,,,"2,73",,,,,
MBB001,,,KG. BOMBONES SURTIDOS,11,   908428T,01/12/2025,,,,,"0,045","51,7",,,"2,33",,,,,T251201
,,,Total albarán 11908428T,,,,,,,,"0,045",,,,"2,33",,,,,
MTU010,,,KG. ALMENDRAS RELLENAS,11,   908435T,01/12/2025,,,,,"0,1","41,8",,,"4,18",,,,,T251201
,,,Total albarán 11908435T,,,,,,,,"0,1",,,,"4,18",,,,,
MCN051,,,UD. PIRULETA LIMON,11,   908438T,01/12/2025,,,,,1,"1,43",,,"1,43",,,,,T251201
,,,Total albarán 11908438T,,,,,,,,1,,,,"1,43",,,,,
MTU016A,,,KG. MANTECADOS FELIPE II,11,   908440T,01/12/2025,,,,,"0,5",55,,,"27,5",,,,,T251201
,,,Total albarán 11908440T,,,,,,,,"0,5",,,,"27,5",,,,,
MVH015,,,UD. BOTELLA AQUARIUS,11,   908457T,02/12/2025,,,,,1,2,,,2,,,,,T251202
,,,Total albarán 11908457T,,,,,,,,1,,,,2,,,,,
MCK015A,,,UD. TUBO MENTOS FRUTAS 38 GR.,11,   908469T,02/12/2025,,,,,2,"1,1",,,"2,2",,,,,T251202
,,,Total albarán 11908469T,,,,,,,,2,,,,"2,2",,,,,
MVH010B,,,UD. BOTELLA AGUA 1/2 L. AQUABONA,11,   908473T,02/12/2025,,,,,1,"1,1",,,"1,1",,,,,T251202
,,,Total albarán 11908473T,,,,,,,,1,,,,"1,1",,,,,
,04/03/2026 20:10:36,,,,,,,,,,,,,,,,,Página: 3,,
MVH008,,,"UD. AGUA MINERAL DE 1, 5 L. AQUABONA",11,   908474T,02/12/2025,,,,,1,"1,75",,,"1,75",,,,,T251202
,,,Total albarán 11908474T,,,,,,,,1,,,,"1,75",,,,,
MCO004O,,,UD. TRIDENT MENTA SIN AZUCAR,11,   908492T,02/12/2025,,,,,1,"1,65",,,"1,65",,,,,T251202
MVH010B,,,UD. BOTELLA AGUA 1/2 L. AQUABONA,11,   908492T,02/12/2025,,,,,1,"1,1",,,"1,1",,,,,T251202
,,,Total albarán 11908492T,,,,,,,,2,,,,"2,75",,,,,
MTU010,,,KG. ALMENDRAS RELLENAS,11,   908496T,02/12/2025,,,,,"0,265","41,8",,,"11,08",,,,,T251202
,,,Total albarán 11908496T,,,,,,,,"0,265",,,,"11,08",,,,,
MCK024C,,,UD. EST. HALLS ORIGINAL,11,   908508T,02/12/2025,,,,,1,"1,4",,,"1,4",,,,,T251202
,,,Total albarán 11908508T,,,,,,,,1,,,,"1,4",,,,,
MFA001,,,KG. FRUTA ESCARCHADA,11,   908528T,02/12/2025,,,,,"0,5","29,7",,,"14,85",,,,,T251202
MTU016,,,KG. POLVORONES Y MANTECADOS,11,   908528T,02/12/2025,,,,,"0,5","19,8",,,"9,9",,,,,T251202
,,,Total albarán 11908528T,,,,,,,,1,,,,"24,75",,,,,
MTU016,,,KG. POLVORONES Y MANTECADOS,11,   908530T,02/12/2025,,,,,"0,5","19,8",,,"9,9",,,,,T251202
MFA001,,,KG. FRUTA ESCARCHADA,11,   908530T,02/12/2025,,,,,"0,5","29,7",,,"14,85",,,,,T251202
,,,Total albarán 11908530T,,,,,,,,1,,,,"24,75",,,,,
MTU016,,,KG. POLVORONES Y MANTECADOS,11,   908531T,02/12/2025,,,,,"1,25","19,8",,,"24,75",,,,,T251202
,,,Total albarán 11908531T,,,,,,,,"1,25",,,,"24,75",,,,,
MBB001,,,KG. BOMBONES SURTIDOS,11,   908536T,02/12/2025,,,,,"0,33","51,7",,,"17,06",,,,,T251202
,,,Total albarán 11908536T,,,,,,,,"0,33",,,,"17,06",,,,,
MTU016A,,,KG. MANTECADOS FELIPE II,11,   908543T,02/12/2025,,,,,"0,315",55,,,"17,33",,,,,T251202
,,,Total albarán 11908543T,,,,,,,,"0,315",,,,"17,33",,,,,
MTU010,,,KG. ALMENDRAS RELLENAS,11,   908565T,02/12/2025,,,,,"0,07","41,8",,,"2,93",,,,,T251202
,,,Total albarán 11908565T,,,,,,,,"0,07",,,,"2,93",,,,,
MVH010B,,,UD. BOTELLA AGUA 1/2 L. AQUABONA,11,   908572T,02/12/2025,,,,,1,"1,1",,,"1,1",,,,,T251202
,,,Total albarán 11908572T,,,,,,,,1,,,,"1,1",,,,,
MVH010B,,,UD. BOTELLA AGUA 1/2 L. AQUABONA,11,   908578T,02/12/2025,,,,,1,"1,1",,,"1,1",,,,,T251202
,,,Total albarán 11908578T,,,,,,,,1,,,,"1,1",,,,,
MTU010,,,KG. ALMENDRAS RELLENAS,11,   908585T,02/12/2025,,,,,"0,06","41,8",,,"2,51",,,,,T251202
,,,Total albarán 11908585T,,,,,,,,"0,06",,,,"2,51",,,,,
MTU016,,,KG. POLVORONES Y MANTECADOS,11,   908604T,02/12/2025,,,,,"0,58","19,8",,,"11,48",,,,,T251202
,04/03/2026 20:10:36,,,,,,,,,,,,,,,,,Página: 4,,
,,,Total albarán 11908604T,,,,,,,,"0,58",,,,"11,48",,,,,
MTU016,,,KG. POLVORONES Y MANTECADOS,11,   908606T,02/12/2025,,,,,"0,28","19,8",,,"5,54",,,,,T251202
,,,Total albarán 11908606T,,,,,,,,"0,28",,,,"5,54",,,,,
MTU016A,,,KG. MANTECADOS FELIPE II,11,   908613T,02/12/2025,,,,,"0,08",55,,,"4,4",,,,,T251202
,,,Total albarán 11908613T,,,,,,,,"0,08",,,,"4,4",,,,,
MVH010B,,,UD. BOTELLA AGUA 1/2 L. AQUABONA,11,   908618T,02/12/2025,,,,,2,"1,1",,,"2,2",,,,,T251202
,,,Total albarán 11908618T,,,,,,,,2,,,,"2,2",,,,,
MCJ003D,,,UD. BOLSA CARAMELO NARANJA 175 GR.,11,   908619T,02/12/2025,,,,,1,"3,3",,,"3,3",,,,,T251202
,,,Total albarán 11908619T,,,,,,,,1,,,,"3,3",,,,,
MVH010B,,,UD. BOTELLA AGUA 1/2 L. AQUABONA,11,   908624T,02/12/2025,,,,,1,"1,1",,,"1,1",,,,,T251202
,,,Total albarán 11908624T,,,,,,,,1,,,,"1,1",,,,,
MTU016A,,,KG. MANTECADOS FELIPE II,11,   908644T,02/12/2025,,,,,"0,035",55,,,"1,93",,,,,T251202
MTU016,,,KG. POLVORONES Y MANTECADOS,11,   908644T,02/12/2025,,,,,"0,04","19,8",,,"0,79",,,,,T251202
,,,Total albarán 11908644T,,,,,,,,"0,075",,,,"2,72",,,,,
MCK008R,,,UD. SMINT BUBLLE FRESH,11,   908663T,02/12/2025,,,,,1,"2,2",,,"2,2",,,,,T251202
,,,Total albarán 11908663T,,,,,,,,1,,,,"2,2",,,,,
MCN034E,,,UD. PIRULETA CORAZON,11,   908678T,02/12/2025,,,,,1,"1,43",,,"1,43",,,,,T251202
,,,Total albarán 11908678T,,,,,,,,1,,,,"1,43",,,,,
MCK048,,,UD. MEGA-ROULETE,11,   908679T,02/12/2025,,,,,1,"0,7",,,"0,7",,,,,T251202
,,,Total albarán 11908679T,,,,,,,,1,,,,"0,7",,,,,
MBB001,,,KG. BOMBONES SURTIDOS,11,   908685T,02/12/2025,,,,,"0,08","51,7",,,"4,14",,,,,T251202
MBB003,,,KG. LENGUAS DE GATO,11,   908685T,02/12/2025,,,,,"0,31","34,1",,,"10,57",,,,,T251202
,,,Total albarán 11908685T,,,,,,,,"0,39",,,,"14,71",,,,,
MCN001,,,UD. CHUPA CHUPS,11,   908687T,02/12/2025,,,,,1,"0,3",,,"0,3",,,,,T251202
,,,Total albarán 11908687T,,,,,,,,1,,,,"0,3",,,,,
MVA001,,,UD. VELA NUMERO,11,   908688T,02/12/2025,,,,,2,"0,99",,,"1,98",,,,,T251202
,,,Total albarán 11908688T,,,,,,,,2,,,,"1,98",,,,,
MVH010B,,,UD. BOTELLA AGUA 1/2 L. AQUABONA,11,   908697T,03/12/2025,,,,,1,"1,1",,,"1,1",,,,,T251203
,,,Total albarán 11908697T,,,,,,,,1,,,,"1,1",,,,,
MTU002,,,UD. TURRON JIJONA 300 GR.,11,   908701T,03/12/2025,,,,,1,"12,1",,,"12,1",,,,,T251203
,,,Total albarán 11908701T,,,,,,,,1,,,,"12,1",,,,,
,04/03/2026 20:10:36,,,,,,,,,,,,,,,,,Página: 5,,
MTU016A,,,KG. MANTECADOS FELIPE II,11,   908707T,03/12/2025,,,,,"0,085",55,,,"4,68",,,,,T251203
,,,Total albarán 11908707T,,,,,,,,"0,085",,,,"4,68",,,,,
MTU016A,,,KG. MANTECADOS FELIPE II,11,   908708T,03/12/2025,,,,,"0,08",55,,,"4,4",,,,,T251203
,,,Total albarán 11908708T,,,,,,,,"0,08",,,,"4,4",,,,,
MVH010B,,,UD. BOTELLA AGUA 1/2 L. AQUABONA,11,   908744T,03/12/2025,,,,,1,"1,1",,,"1,1",,,,,T251203
,,,Total albarán 11908744T,,,,,,,,1,,,,"1,1",,,,,
MFA001,,,KG. FRUTA ESCARCHADA,11,   908745T,03/12/2025,,,,,"0,13","29,7",,,"3,86",,,,,T251203
,,,Total albarán 11908745T,,,,,,,,"0,13",,,,"3,86",,,,,
MVH010B,,,UD. BOTELLA AGUA 1/2 L. AQUABONA,11,   908749T,03/12/2025,,,,,1,"1,1",,,"1,1",,,,,T251203
,,,Total albarán 11908749T,,,,,,,,1,,,,"1,1",,,,,
MTU016,,,KG. POLVORONES Y MANTECADOS,11,   908758T,03/12/2025,,,,,"0,35","19,8",,,"6,93",,,,,T251203
,,,Total albarán 11908758T,,,,,,,,"0,35",,,,"6,93",,,,,
MFA001,,,KG. FRUTA ESCARCHADA,11,   908764T,03/12/2025,,,,,"0,29","29,7",,,"8,61",,,,,T251203
MTU018,,,UD. BOLSA PELADILLA 150 GR.,11,   908764T,03/12/2025,,,,,1,"6,05",,,"6,05",,,,,T251203
,,,Total albarán 11908764T,,,,,,,,"1,29",,,,"14,66",,,,,
MTU016,,,KG. POLVORONES Y MANTECADOS,11,   908778T,03/12/2025,,,,,"0,27","19,8",,,"5,35",,,,,T251203
,,,Total albarán 11908778T,,,,,,,,"0,27",,,,"5,35",,,,,
MFA002,,,KG. FRUTAS DE ARAGON,11,   908791T,03/12/2025,,,,,1,33,,,33,,,,,T251203
,,,Total albarán 11908791T,,,,,,,,1,,,,33,,,,,
MTU002,,,UD. TURRON JIJONA 300 GR.,11,   908792T,03/12/2025,,,,,2,"12,1",,,"24,2",,,,,T251203
,,,Total albarán 11908792T,,,,,,,,2,,,,"24,2",,,,,
MTU016A,,,KG. MANTECADOS FELIPE II,11,   908814T,03/12/2025,,,,,"0,2",55,,,11,,,,,T251203
,,,Total albarán 11908814T,,,,,,,,"0,2",,,,11,,,,,
MVH010B,,,UD. BOTELLA AGUA 1/2 L. AQUABONA,11,   908823T,03/12/2025,,,,,1,"1,1",,,"1,1",,,,,T251203
,,,Total albarán 11908823T,,,,,,,,1,,,,"1,1",,,,,
MCK005,,,UD. TUBO LACASITOS 20 GMS.,11,   908827T,03/12/2025,,,,,1,"1,1",,,"1,1",,,,,T251203
MCN001S,,,UD. CHUPA CHUPS GRANDE,11,   908827T,03/12/2025,,,,,2,1,,,2,,,,,T251203
MCG005,,,UD. SOMBRILLA DE CHOCOLATE 10 GMS.,11,   908827T,03/12/2025,,,,,1,"0,9",,,"0,9",,,,,T251203
,,,Total albarán 11908827T,,,,,,,,4,,,,4,,,,,
MTU011,,,KG. PASTELES YEMA,11,   908833T,03/12/2025,,,,,"0,07","38,5",,,"2,7",,,,,T251203
,04/03/2026 20:10:36,,,,,,,,,,,,,,,,,Página: 6,,
,,,Total albarán 11908833T,,,,,,,,"0,07",,,,"2,7",,,,,
MFA004,,,KG. MARRON GLACE,11,   908835T,03/12/2025,,,,,"0,25","61,6",,,"15,4",,,,,T251203
,,,Total albarán 11908835T,,,,,,,,"0,25",,,,"15,4",,,,,
MBB001,,,KG. BOMBONES SURTIDOS,11,   908836T,03/12/2025,,,,,"0,19","51,7",,,"9,82",,,,,T251203
,,,Total albarán 11908836T,,,,,,,,"0,19",,,,"9,82",,,,,
MBB001,,,KG. BOMBONES SURTIDOS,11,   908841T,03/12/2025,,,,,"0,03","51,7",,,"1,55",,,,,T251203
,,,Total albarán 11908841T,,,,,,,,"0,03",,,,"1,55",,,,,
MCG006A,,,UD. SOMBRILLA DE CHOCOLATE 15 GMS.,11,   908852T,03/12/2025,,,,,1,"1,1",,,"1,1",,,,,T251203
,,,Total albarán 11908852T,,,,,,,,1,,,,"1,1",,,,,
MTU016,,,KG. POLVORONES Y MANTECADOS,11,   908860T,03/12/2025,,,,,"0,25","19,8",,,"4,95",,,,,T251203
,,,Total albarán 11908860T,,,,,,,,"0,25",,,,"4,95",,,,,
MCF016O,,,UD. CHOC. CREMA LECHE CACHET 100 GR.,11,   908864T,03/12/2025,,,,,2,"3,3",,,"6,6",,,,,T251203
,,,Total albarán 11908864T,,,,,,,,2,,,,"6,6",,,,,
MTU001,,,UD. TURRON ALICANTE 300 GR.,11,   908873T,03/12/2025,,,,,1,"12,1",,,"12,1",,,,,T251203
,,,Total albarán 11908873T,,,,,,,,1,,,,"12,1",,,,,
MTU032,,,UD. TURRON CHOCO-LECHE P. ALM. CARAMELIZADA,11,   908879T,03/12/2025,,,,,1,"9,9",,,"9,9",,,,,T251203
,,,Total albarán 11908879T,,,,,,,,1,,,,"9,9",,,,,
MCK048,,,UD. MEGA-ROULETE,11,   908885T,03/12/2025,,,,,1,"0,7",,,"0,7",,,,,T251203
MCN001,,,UD. CHUPA CHUPS,11,   908885T,03/12/2025,,,,,1,"0,33",,,"0,33",,,,,T251203
,,,Total albarán 11908885T,,,,,,,,2,,,,"1,03",,,,,
MCF016P,,,UD. CHOC. CREMA LECHE BELGA CACHET 100 GR.,11,   908890T,03/12/2025,,,,,1,"3,3",,,"3,3",,,,,T251203
,,,Total albarán 11908890T,,,,,,,,1,,,,"3,3",,,,,
MTU016A,,,KG. MANTECADOS FELIPE II,11,   908906T,03/12/2025,,,,,"0,04",55,,,"2,2",,,,,T251203
,,,Total albarán 11908906T,,,,,,,,"0,04",,,,"2,2",,,,,
MTU016A,,,KG. MANTECADOS FELIPE II,11,   908926T,03/12/2025,,,,,"0,12",55,,,"6,6",,,,,T251203
,,,Total albarán 11908926T,,,,,,,,"0,12",,,,"6,6",,,,,
MTU016A,,,KG. MANTECADOS FELIPE II,11,   908929T,03/12/2025,,,,,"0,16",55,,,"8,8",,,,,T251203
,,,Total albarán 11908929T,,,,,,,,"0,16",,,,"8,8",,,,,
MTU016A,,,KG. MANTECADOS FELIPE II,11,   908931T,03/12/2025,,,,,"0,3",55,,,"16,5",,,,,T251203
MTU016,,,KG. POLVORONES Y MANTECADOS,11,   908931T,03/12/2025,,,,,"0,3","19,8",,,"5,94",,,,,T251203
,04/03/2026 20:10:36,,,,,,,,,,,,,,,,,Página: 7,,
,,,Total albarán 11908931T,,,,,,,,"0,6",,,,"22,44",,,,,
MVH015,,,UD. BOTELLA AQUARIUS,11,   908932T,03/12/2025,,,,,1,2,,,2,,,,,T251203
,,,Total albarán 11908932T,,,,,,,,1,,,,2,,,,,
MTU010,,,KG. ALMENDRAS RELLENAS,11,   908947T,03/12/2025,,,,,"0,25","41,8",,,"10,45",,,,,T251203
MTU019,,,UD. BOLSA PIÑONES 150 GR.,11,   908947T,03/12/2025,,,,,1,11,,,11,,,,,T251203
,,,Total albarán 11908947T,,,,,,,,"1,25",,,,"21,45",,,,,
MVH008,,,"UD. AGUA MINERAL DE 1, 5 L. AQUABONA",11,   908963T,03/12/2025,,,,,1,"1,75",,,"1,75",,,,,T251203
,,,Total albarán 11908963T,,,,,,,,1,,,,"1,75",,,,,
MBB001,,,KG. BOMBONES SURTIDOS,11,   908967T,03/12/2025,,,,,"0,23","51,7",,,"11,89",,,,,T251203
,,,Total albarán 11908967T,,,,,,,,"0,23",,,,"11,89",,,,,
MTU016A,,,KG. MANTECADOS FELIPE II,11,   908994T,03/12/2025,,,,,"0,125",55,,,"6,88",,,,,T251203
,,,Total albarán 11908994T,,,,,,,,"0,125",,,,"6,88",,,,,
MTU001,,,UD. TURRON ALICANTE 300 GR.,11,   908996T,03/12/2025,,,,,1,"12,1",,,"12,1",,,,,T251203
,,,Total albarán 11908996T,,,,,,,,1,,,,"12,1",,,,,
MCG007A,,,UD. BOLSA MONEDAS CHOCOLATE 50 gm.,11,   908997T,03/12/2025,,,,,1,"1,65",,,"1,65",,,,,T251203
,,,Total albarán 11908997T,,,,,,,,1,,,,"1,65",,,,,
MTU018,,,UD. BOLSA PELADILLA 150 GR.,11,   909008T,04/12/2025,,,,,1,"6,05",,,"6,05",,,,,T251204
,,,Total albarán 11909008T,,,,,,,,1,,,,"6,05",,,,,
MTU016A,,,KG. MANTECADOS FELIPE II,11,   909036T,04/12/2025,,,,,"0,23",55,,,"12,65",,,,,T251204
,,,Total albarán 11909036T,,,,,,,,"0,23",,,,"12,65",,,,,
MVH015,,,UD. BOTELLA AQUARIUS,11,   909049T,04/12/2025,,,,,1,2,,,2,,,,,T251204
,,,Total albarán 11909049T,,,,,,,,1,,,,2,,,,,
MCF018J,,,UD. CHOC. TORRAS SEA SALT ORGANIC,11,   909053T,04/12/2025,,,,,1,"3,85",,,"3,85",,,,,T251204
,,,Total albarán 11909053T,,,,,,,,1,,,,"3,85",,,,,
MTU010,,,KG. ALMENDRAS RELLENAS,11,   909062T,04/12/2025,,,,,"0,5","41,8",,,"20,9",,,,,T251204
,,,Total albarán 11909062T,,,,,,,,"0,5",,,,"20,9",,,,,
MTU002,,,UD. TURRON JIJONA 300 GR.,11,   909065T,04/12/2025,,,,,2,"12,1",,,"24,2",,,,,T251204
MTU001,,,UD. TURRON ALICANTE 300 GR.,11,   909065T,04/12/2025,,,,,2,"12,1",,,"24,2",,,,,T251204
,,,Total albarán 11909065T,,,,,,,,4,,,,"48,4",,,,,
MFA002,,,KG. FRUTAS DE ARAGON,11,   909067T,04/12/2025,,,,,1,33,,,33,,,,,T251204
,04/03/2026 20:10:36,,,,,,,,,,,,,,,,,Página: 8,,
,,,Total albarán 11909067T,,,,,,,,1,,,,33,,,,,
MTU001,,,UD. TURRON ALICANTE 300 GR.,11,   909071T,04/12/2025,,,,,1,"12,1",,,"12,1",,,,,T251204
MTU016,,,KG. POLVORONES Y MANTECADOS,11,   909071T,04/12/2025,,,,,"0,5","19,8",,,"9,9",,,,,T251204
,,,Total albarán 11909071T,,,,,,,,"1,5",,,,22,,,,,
MTU018,,,UD. BOLSA PELADILLA 150 GR.,11,   909077T,04/12/2025,,,,,1,"6,05",,,"6,05",,,,,T251204
,,,Total albarán 11909077T,,,,,,,,1,,,,"6,05",,,,,
MBB003,,,KG. LENGUAS DE GATO,11,   909082T,04/12/2025,,,,,"0,25","34,1",,,"8,53",,,,,T251204
,,,Total albarán 11909082T,,,,,,,,"0,25",,,,"8,53",,,,,
MVH008,,,"UD. AGUA MINERAL DE 1, 5 L. AQUABONA",11,   909092T,04/12/2025,,,,,1,"1,75",,,"1,75",,,,,T251204
,,,Total albarán 11909092T,,,,,,,,1,,,,"1,75",,,,,
MCN001S,,,UD. CHUPA CHUPS GRANDE,11,   909096T,04/12/2025,,,,,1,1,,,1,,,,,T251204
,,,Total albarán 11909096T,,,,,,,,1,,,,1,,,,,
MFA001,,,KG. FRUTA ESCARCHADA,11,   909098T,04/12/2025,,,,,"0,35","29,7",,,"10,4",,,,,T251204
MBB003,,,KG. LENGUAS DE GATO,11,   909098T,04/12/2025,,,,,"0,22","34,1",,,"7,5",,,,,T251204
,,,Total albarán 11909098T,,,,,,,,"0,57",,,,"17,9",,,,,
MTU016A,,,KG. MANTECADOS FELIPE II,11,   909116T,04/12/2025,,,,,"0,31",55,,,"17,05",,,,,T251204
,,,Total albarán 11909116T,,,,,,,,"0,31",,,,"17,05",,,,,
MVH012,,,UD. BOTELLA COCA COLA,11,   909128T,04/12/2025,,,,,1,2,,,2,,,,,T251204
MVH012A,,,UD. BOTELLA COCA COLA ZERO,11,   909128T,04/12/2025,,,,,1,2,,,2,,,,,T251204
,,,Total albarán 11909128T,,,,,,,,2,,,,4,,,,,
MTU010,,,KG. ALMENDRAS RELLENAS,11,   909166T,04/12/2025,,,,,"0,21","41,8",,,"8,78",,,,,T251204
,,,Total albarán 11909166T,,,,,,,,"0,21",,,,"8,78",,,,,
MCN001,,,UD. CHUPA CHUPS,11,   909177T,04/12/2025,,,,,2,"0,33",,,"0,66",,,,,T251204
,,,Total albarán 11909177T,,,,,,,,2,,,,"0,66",,,,,
MCN051,,,UD. PIRULETA LIMON,11,   909179T,04/12/2025,,,,,1,"2,2",,,"2,2",,,,,T251204
,,,Total albarán 11909179T,,,,,,,,1,,,,"2,2",,,,,
MTU016,,,KG. POLVORONES Y MANTECADOS,11,   909181T,04/12/2025,,,,,"0,04","19,8",,,"0,79",,,,,T251204
,,,Total albarán 11909181T,,,,,,,,"0,04",,,,"0,79",,,,,
MVH010B,,,UD. BOTELLA AGUA 1/2 L. AQUABONA,11,   909202T,04/12/2025,,,,,1,"1,1",,,"1,1",,,,,T251204
,,,Total albarán 11909202T,,,,,,,,1,,,,"1,1",,,,,
,04/03/2026 20:10:36,,,,,,,,,,,,,,,,,Página: 9,,
MTU016,,,KG. POLVORONES Y MANTECADOS,11,   909205T,04/12/2025,,,,,"0,5","19,8",,,"9,9",,,,,T251204
,,,Total albarán 11909205T,,,,,,,,"0,5",,,,"9,9",,,,,
MCN001S,,,UD. CHUPA CHUPS GRANDE,11,   909206T,04/12/2025,,,,,1,1,,,1,,,,,T251204
MCK008R,,,UD. SMINT BUBLLE FRESH,11,   909206T,04/12/2025,,,,,1,"2,2",,,"2,2",,,,,T251204
,,,Total albarán 11909206T,,,,,,,,2,,,,"3,2",,,,,
MCJ003F,,,UD. BOLSA CARAMELO MIEL - EUCALIPTO 175 GR.,11,   909216T,04/12/2025,,,,,1,"3,3",,,"3,3",,,,,T251204
,,,Total albarán 11909216T,,,,,,,,1,,,,"3,3",,,,,
MCG001H,,,UD. HUEVO BARBIE,11,   909265T,04/12/2025,,,,,1,"1,5",,,"1,5",,,,,T251204
,,,Total albarán 11909265T,,,,,,,,1,,,,"1,5",,,,,
MCF050A,,,UD. CHOCOLATE 50 % CACAO AMATLLER 18 GR,11,   909266T,04/12/2025,,,,,1,"1,1",,,"1,1",,,,,T251204
,,,Total albarán 11909266T,,,,,,,,1,,,,"1,1",,,,,
MBB001,,,KG. BOMBONES SURTIDOS,11,   909288T,04/12/2025,,,,,"0,155","51,7",,,"8,01",,,,,T251204
,,,Total albarán 11909288T,,,,,,,,"0,155",,,,"8,01",,,,,
MBB001,,,KG. BOMBONES SURTIDOS,11,   909295T,04/12/2025,,,,,"0,015","51,7",,,"0,78",,,,,T251204
,,,Total albarán 11909295T,,,,,,,,"0,015",,,,"0,78",,,,,
MTU018,,,UD. BOLSA PELADILLA 150 GR.,11,   909301T,04/12/2025,,,,,1,"6,05",,,"6,05",,,,,T251204
MTU019,,,UD. BOLSA PIÑONES 150 GR.,11,   909301T,04/12/2025,,,,,1,11,,,11,,,,,T251204
MFA001,,,KG. FRUTA ESCARCHADA,11,   909301T,04/12/2025,,,,,"0,35","29,7",,,"10,4",,,,,T251204
,,,Total albarán 11909301T,,,,,,,,"2,35",,,,"27,45",,,,,
MBB003,,,KG. LENGUAS DE GATO,11,   909348T,05/12/2025,,,,,1,10,,,10,,,,,T251205
MBB001,,,KG. BOMBONES SURTIDOS,11,   909348T,05/12/2025,,,,,1,12,,,12,,,,,T251205
,,,Total albarán 11909348T,,,,,,,,2,,,,22,,,,,
MVH010B,,,UD. BOTELLA AGUA 1/2 L. AQUABONA,11,   909349T,05/12/2025,,,,,1,"1,1",,,"1,1",,,,,T251205
,,,Total albarán 11909349T,,,,,,,,1,,,,"1,1",,,,,
MFA001,,,KG. FRUTA ESCARCHADA,11,   909350T,05/12/2025,,,,,"0,06","29,7",,,"1,78",,,,,T251205
,,,Total albarán 11909350T,,,,,,,,"0,06",,,,"1,78",,,,,
MBB001,,,KG. BOMBONES SURTIDOS,11,   909358T,05/12/2025,,,,,"0,54","51,7",,,"27,92",,,,,T251205
,,,Total albarán 11909358T,,,,,,,,"0,54",,,,"27,92",,,,,
MCG006,,,UD. SOMBRILLA DE CHOCOLATE 35 GMS.,11,   909376T,05/12/2025,,,,,1,"2,2",,,"2,2",,,,,T251205
,,,Total albarán 11909376T,,,,,,,,1,,,,"2,2",,,,,
,04/03/2026 20:10:36,,,,,,,,,,,,,,,,,Página: 10,,
MTU016,,,KG. POLVORONES Y MANTECADOS,11,   909379T,05/12/2025,,,,,"0,215","19,8",,,"4,26",,,,,T251205
,,,Total albarán 11909379T,,,,,,,,"0,215",,,,"4,26",,,,,
MCO004O,,,UD. TRIDENT MENTA SIN AZUCAR,11,   909386T,05/12/2025,,,,,1,"1,65",,,"1,65",,,,,T251205
,,,Total albarán 11909386T,,,,,,,,1,,,,"1,65",,,,,
MCN001,,,UD. CHUPA CHUPS,11,   909417T,05/12/2025,,,,,1,"0,3",,,"0,3",,,,,T251205
MCN011,,,UD. MELODY POPS,11,   909417T,05/12/2025,,,,,1,"0,66",,,"0,66",,,,,T251205
,,,Total albarán 11909417T,,,,,,,,2,,,,"0,96",,,,,
MTU019,,,UD. BOLSA PIÑONES 150 GR.,11,   909425T,05/12/2025,,,,,1,11,,,11,,,,,T251205
,,,Total albarán 11909425T,,,,,,,,1,,,,11,,,,,
MTU032,,,UD. TURRON CHOCO-LECHE P. ALM. CARAMELIZADA,11,   909448T,05/12/2025,,,,,1,"9,9",,,"9,9",,,,,T251205
,,,Total albarán 11909448T,,,,,,,,1,,,,"9,9",,,,,
MTU032,,,UD. TURRON CHOCO-LECHE P. ALM. CARAMELIZADA,11,   909449T,05/12/2025,,,,,1,"9,9",,,"9,9",,,,,T251205
,,,Total albarán 11909449T,,,,,,,,1,,,,"9,9",,,,,
MBB003,,,KG. LENGUAS DE GATO,11,   909468T,05/12/2025,,,,,"0,025","34,1",,,"0,85",,,,,T251205
,,,Total albarán 11909468T,,,,,,,,"0,025",,,,"0,85",,,,,
MVH008,,,"UD. AGUA MINERAL DE 1, 5 L. AQUABONA",11,   909470T,05/12/2025,,,,,1,"1,75",,,"1,75",,,,,T251205
,,,Total albarán 11909470T,,,,,,,,1,,,,"1,75",,,,,
MFA004,,,KG. MARRON GLACE,11,   909475T,05/12/2025,,,,,"0,355","61,6",,,"21,87",,,,,T251205
,,,Total albarán 11909475T,,,,,,,,"0,355",,,,"21,87",,,,,
MVA001,,,UD. VELA NUMERO,11,   909478T,05/12/2025,,,,,2,"0,99",,,"1,98",,,,,T251205
,,,Total albarán 11909478T,,,,,,,,2,,,,"1,98",,,,,
MVH008,,,"UD. AGUA MINERAL DE 1, 5 L. AQUABONA",11,   909485T,05/12/2025,,,,,1,"1,75",,,"1,75",,,,,T251205
,,,Total albarán 11909485T,,,,,,,,1,,,,"1,75",,,,,
MCG005,,,UD. SOMBRILLA DE CHOCOLATE 10 GMS.,11,   909490T,05/12/2025,,,,,1,"0,9",,,"0,9",,,,,T251205
,,,Total albarán 11909490T,,,,,,,,1,,,,"0,9",,,,,
MTU010,,,KG. ALMENDRAS RELLENAS,11,   909492T,05/12/2025,,,,,"0,04","41,8",,,"1,67",,,,,T251205
,,,Total albarán 11909492T,,,,,,,,"0,04",,,,"1,67",,,,,
MCJ003D,,,UD. BOLSA CARAMELO NARANJA 175 GR.,11,   909505T,05/12/2025,,,,,1,"3,3",,,"3,3",,,,,T251205
,,,Total albarán 11909505T,,,,,,,,1,,,,"3,3",,,,,
MCJ003D,,,UD. BOLSA CARAMELO NARANJA 175 GR.,11,   909510T,05/12/2025,,,,,1,"3,3",,,"3,3",,,,,T251205
,04/03/2026 20:10:36,,,,,,,,,,,,,,,,,Página: 11,,
,,,Total albarán 11909510T,,,,,,,,1,,,,"3,3",,,,,
MBB001,,,KG. BOMBONES SURTIDOS,11,   909516T,05/12/2025,,,,,"0,2","51,7",,,"10,34",,,,,T251205
,,,Total albarán 11909516T,,,,,,,,"0,2",,,,"10,34",,,,,
MCN011,,,UD. MELODY POPS,11,   909524T,05/12/2025,,,,,1,"0,66",,,"0,66",,,,,T251205
,,,Total albarán 11909524T,,,,,,,,1,,,,"0,66",,,,,
MVH008,,,"UD. AGUA MINERAL DE 1, 5 L. AQUABONA",11,   909558T,05/12/2025,,,,,1,"1,75",,,"1,75",,,,,T251205
,,,Total albarán 11909558T,,,,,,,,1,,,,"1,75",,,,,
MTU016,,,KG. POLVORONES Y MANTECADOS,11,   909568T,05/12/2025,,,,,"0,38","19,8",,,"7,52",,,,,T251205
,,,Total albarán 11909568T,,,,,,,,"0,38",,,,"7,52",,,,,
MTU016A,,,KG. MANTECADOS FELIPE II,11,   909576T,05/12/2025,,,,,"0,48",55,,,"26,4",,,,,T251205
MFA002,,,KG. FRUTAS DE ARAGON,11,   909576T,05/12/2025,,,,,"0,25",33,,,"8,25",,,,,T251205
,,,Total albarán 11909576T,,,,,,,,"0,73",,,,"34,65",,,,,
MVH008,,,"UD. AGUA MINERAL DE 1, 5 L. AQUABONA",11,   909610T,05/12/2025,,,,,2,"1,75",,,"3,5",,,,,T251205
,,,Total albarán 11909610T,,,,,,,,2,,,,"3,5",,,,,
MVH008,,,"UD. AGUA MINERAL DE 1, 5 L. AQUABONA",11,   909613T,05/12/2025,,,,,1,"1,75",,,"1,75",,,,,T251205
MVH010B,,,UD. BOTELLA AGUA 1/2 L. AQUABONA,11,   909613T,05/12/2025,,,,,1,"1,1",,,"1,1",,,,,T251205
,,,Total albarán 11909613T,,,,,,,,2,,,,"2,85",,,,,
MCK008R,,,UD. SMINT BUBLLE FRESH,11,   909619T,05/12/2025,,,,,1,"2,2",,,"2,2",,,,,T251205
,,,Total albarán 11909619T,,,,,,,,1,,,,"2,2",,,,,
MCG007C,,,UD. MEDALLON SANTO TOME 60 GR.,11,   909623T,05/12/2025,,,,,1,"2,75",,,"2,75",,,,,T251205
MBB003,,,KG. LENGUAS DE GATO,11,   909623T,05/12/2025,,,,,"0,23","34,1",,,"7,84",,,,,T251205
,,,Total albarán 11909623T,,,,,,,,"1,23",,,,"10,59",,,,,
MVH008,,,"UD. AGUA MINERAL DE 1, 5 L. AQUABONA",11,   909626T,05/12/2025,,,,,1,"1,75",,,"1,75",,,,,T251205
,,,Total albarán 11909626T,,,,,,,,1,,,,"1,75",,,,,
MVH010B,,,UD. BOTELLA AGUA 1/2 L. AQUABONA,11,   909643T,06/12/2025,,,,,3,"1,1",,,"3,3",,,,,T251206
,,,Total albarán 11909643T,,,,,,,,3,,,,"3,3",,,,,
MFA002,,,KG. FRUTAS DE ARAGON,11,   909649T,06/12/2025,,,,,"0,12",33,,,"3,96",,,,,T251206
,,,Total albarán 11909649T,,,,,,,,"0,12",,,,"3,96",,,,,
MVH010B,,,UD. BOTELLA AGUA 1/2 L. AQUABONA,11,   909675T,06/12/2025,,,,,2,"1,1",,,"2,2",,,,,T251206
,,,Total albarán 11909675T,,,,,,,,2,,,,"2,2",,,,,
,04/03/2026 20:10:36,,,,,,,,,,,,,,,,,Página: 12,,
MVH010B,,,UD. BOTELLA AGUA 1/2 L. AQUABONA,11,   909681T,06/12/2025,,,,,1,"1,1",,,"1,1",,,,,T251206
,,,Total albarán 11909681T,,,,,,,,1,,,,"1,1",,,,,
MVH010B,,,UD. BOTELLA AGUA 1/2 L. AQUABONA,11,   909698T,06/12/2025,,,,,1,"1,1",,,"1,1",,,,,T251206
,,,Total albarán 11909698T,,,,,,,,1,,,,"1,1",,,,,
MFA002,,,KG. FRUTAS DE ARAGON,11,   909703T,06/12/2025,,,,,"0,25",33,,,"8,25",,,,,T251206
,,,Total albarán 11909703T,,,,,,,,"0,25",,,,"8,25",,,,,
MTU010,,,KG. ALMENDRAS RELLENAS,11,   909705T,06/12/2025,,,,,"0,07","41,8",,,"2,93",,,,,T251206
,,,Total albarán 11909705T,,,,,,,,"0,07",,,,"2,93",,,,,
MVH010B,,,UD. BOTELLA AGUA 1/2 L. AQUABONA,11,   909708T,06/12/2025,,,,,2,"1,1",,,"2,2",,,,,T251206
,,,Total albarán 11909708T,,,,,,,,2,,,,"2,2",,,,,
MTU016A,,,KG. MANTECADOS FELIPE II,11,   909710T,06/12/2025,,,,,"0,04",55,,,"2,2",,,,,T251206
,,,Total albarán 11909710T,,,,,,,,"0,04",,,,"2,2",,,,,
MTU016A,,,KG. MANTECADOS FELIPE II,11,   909716T,06/12/2025,,,,,"0,5",55,,,"27,5",,,,,T251206
,,,Total albarán 11909716T,,,,,,,,"0,5",,,,"27,5",,,,,
MCG006A,,,UD. SOMBRILLA DE CHOCOLATE 15 GMS.,11,   909742T,06/12/2025,,,,,2,"1,1",,,"2,2",,,,,T251206
,,,Total albarán 11909742T,,,,,,,,2,,,,"2,2",,,,,
MBB003,,,KG. LENGUAS DE GATO,11,   909746T,06/12/2025,,,,,"0,1","34,1",,,"3,41",,,,,T251206
,,,Total albarán 11909746T,,,,,,,,"0,1",,,,"3,41",,,,,
MTU016A,,,KG. MANTECADOS FELIPE II,11,   909753T,06/12/2025,,,,,"0,085",55,,,"4,68",,,,,T251206
,,,Total albarán 11909753T,,,,,,,,"0,085",,,,"4,68",,,,,
MVH010B,,,UD. BOTELLA AGUA 1/2 L. AQUABONA,11,   909763T,06/12/2025,,,,,2,"1,1",,,"2,2",,,,,T251206
,,,Total albarán 11909763T,,,,,,,,2,,,,"2,2",,,,,
MFA002,,,KG. FRUTAS DE ARAGON,11,   909768T,06/12/2025,,,,,"0,25",33,,,"8,25",,,,,T251206
MCN001S,,,UD. CHUPA CHUPS GRANDE,11,   909768T,06/12/2025,,,,,2,1,,,2,,,,,T251206
,,,Total albarán 11909768T,,,,,,,,"2,25",,,,"10,25",,,,,
MVH010B,,,UD. BOTELLA AGUA 1/2 L. AQUABONA,11,   909771T,06/12/2025,,,,,1,"1,1",,,"1,1",,,,,T251206
,,,Total albarán 11909771T,,,,,,,,1,,,,"1,1",,,,,
MTU016A,,,KG. MANTECADOS FELIPE II,11,   909773T,06/12/2025,,,,,"0,245",55,,,"13,48",,,,,T251206
,,,Total albarán 11909773T,,,,,,,,"0,245",,,,"13,48",,,,,
MTU016A,,,KG. MANTECADOS FELIPE II,11,   909788T,06/12/2025,,,,,"0,155",55,,,"8,53",,,,,T251206
,,,Total albarán 11909788T,,,,,,,,"0,155",,,,"8,53",,,,,
,04/03/2026 20:10:37,,,,,,,,,,,,,,,,,Página: 13,,
MTU016,,,KG. POLVORONES Y MANTECADOS,11,   909798T,06/12/2025,,,,,"0,07","19,8",,,"1,39",,,,,T251206
,,,Total albarán 11909798T,,,,,,,,"0,07",,,,"1,39",,,,,
MVH008,,,"UD. AGUA MINERAL DE 1, 5 L. AQUABONA",11,   909800T,06/12/2025,,,,,1,"1,75",,,"1,75",,,,,T251206
,,,Total albarán 11909800T,,,,,,,,1,,,,"1,75",,,,,
MVH008,,,"UD. AGUA MINERAL DE 1, 5 L. AQUABONA",11,   909809T,06/12/2025,,,,,1,"1,75",,,"1,75",,,,,T251206
,,,Total albarán 11909809T,,,,,,,,1,,,,"1,75",,,,,
MCF016O,,,UD. CHOC. CREMA LECHE CACHET 100 GR.,11,   909816T,06/12/2025,,,,,1,"3,3",,,"3,3",,,,,T251206
,,,Total albarán 11909816T,,,,,,,,1,,,,"3,3",,,,,
MFA001,,,KG. FRUTA ESCARCHADA,11,   909820T,06/12/2025,,,,,"0,135","29,7",,,"4,01",,,,,T251206
MTU010,,,KG. ALMENDRAS RELLENAS,11,   909820T,06/12/2025,,,,,"0,165","41,8",,,"6,9",,,,,T251206
,,,Total albarán 11909820T,,,,,,,,"0,3",,,,"10,91",,,,,
MTU011,,,KG. PASTELES YEMA,11,   909832T,06/12/2025,,,,,"0,8","38,5",,,"30,8",,,,,T251206
,,,Total albarán 11909832T,,,,,,,,"0,8",,,,"30,8",,,,,
MBB001,,,KG. BOMBONES SURTIDOS,11,   909834T,06/12/2025,,,,,"0,205","51,7",,,"10,6",,,,,T251206
,,,Total albarán 11909834T,,,,,,,,"0,205",,,,"10,6",,,,,
MVH010B,,,UD. BOTELLA AGUA 1/2 L. AQUABONA,11,   909849T,06/12/2025,,,,,1,"1,1",,,"1,1",,,,,T251206
,,,Total albarán 11909849T,,,,,,,,1,,,,"1,1",,,,,
MTU016,,,KG. POLVORONES Y MANTECADOS,11,   909858T,06/12/2025,,,,,"0,15","19,8",,,"2,97",,,,,T251206
,,,Total albarán 11909858T,,,,,,,,"0,15",,,,"2,97",,,,,
MBB001,,,KG. BOMBONES SURTIDOS,11,   909865T,06/12/2025,,,,,"0,26","51,7",,,"13,44",,,,,T251206
,,,Total albarán 11909865T,,,,,,,,"0,26",,,,"13,44",,,,,
MVH014,,,UD. BOTELLA NESTEA,11,   909870T,06/12/2025,,,,,1,2,,,2,,,,,T251206
,,,Total albarán 11909870T,,,,,,,,1,,,,2,,,,,
MCO004O,,,UD. TRIDENT MENTA SIN AZUCAR,11,   909875T,06/12/2025,,,,,2,"1,65",,,"3,3",,,,,T251206
,,,Total albarán 11909875T,,,,,,,,2,,,,"3,3",,,,,
MTU011,,,KG. PASTELES YEMA,11,   909890T,06/12/2025,,,,,"0,2","38,5",,,"7,7",,,,,T251206
,,,Total albarán 11909890T,,,,,,,,"0,2",,,,"7,7",,,,,
MBB001,,,KG. BOMBONES SURTIDOS,11,   909894T,06/12/2025,,,,,"0,21","51,7",,,"10,86",,,,,T251206
,,,Total albarán 11909894T,,,,,,,,"0,21",,,,"10,86",,,,,
MVH010B,,,UD. BOTELLA AGUA 1/2 L. AQUABONA,11,   909895T,06/12/2025,,,,,2,"1,1",,,"2,2",,,,,T251206
,04/03/2026 20:10:37,,,,,,,,,,,,,,,,,Página: 14,,
,,,Total albarán 11909895T,,,,,,,,2,,,,"2,2",,,,,
MVH010B,,,UD. BOTELLA AGUA 1/2 L. AQUABONA,11,   909896T,06/12/2025,,,,,1,"1,1",,,"1,1",,,,,T251206
,,,Total albarán 11909896T,,,,,,,,1,,,,"1,1",,,,,
MVH010B,,,UD. BOTELLA AGUA 1/2 L. AQUABONA,11,   909913T,06/12/2025,,,,,1,"1,1",,,"1,1",,,,,T251206
,,,Total albarán 11909913T,,,,,,,,1,,,,"1,1",,,,,
MTU016,,,KG. POLVORONES Y MANTECADOS,11,   909916T,06/12/2025,,,,,"0,075","19,8",,,"1,49",,,,,T251206
,,,Total albarán 11909916T,,,,,,,,"0,075",,,,"1,49",,,,,
MCG007C,,,UD. MEDALLON SANTO TOME 60 GR.,11,   909925T,06/12/2025,,,,,3,"2,75",,,"8,25",,,,,T251206
,,,Total albarán 11909925T,,,,,,,,3,,,,"8,25",,,,,
MTU010,,,KG. ALMENDRAS RELLENAS,11,   909926T,06/12/2025,,,,,"0,25","41,8",,,"10,45",,,,,T251206
,,,Total albarán 11909926T,,,,,,,,"0,25",,,,"10,45",,,,,
MCG006,,,UD. SOMBRILLA DE CHOCOLATE 35 GMS.,11,   909948T,06/12/2025,,,,,4,"2,2",,,"8,8",,,,,T251206
,,,Total albarán 11909948T,,,,,,,,4,,,,"8,8",,,,,
MBB001,,,KG. BOMBONES SURTIDOS,11,   909958T,06/12/2025,,,,,"0,4","51,7",,,"20,68",,,,,T251206
,,,Total albarán 11909958T,,,,,,,,"0,4",,,,"20,68",,,,,
MFA004,,,KG. MARRON GLACE,11,   909974T,06/12/2025,,,,,"0,25","61,6",,,"15,4",,,,,T251206
,,,Total albarán 11909974T,,,,,,,,"0,25",,,,"15,4",,,,,
MTU010,,,KG. ALMENDRAS RELLENAS,11,   909976T,06/12/2025,,,,,"0,25","41,8",,,"10,45",,,,,T251206
,,,Total albarán 11909976T,,,,,,,,"0,25",,,,"10,45",,,,,
MBB001,,,KG. BOMBONES SURTIDOS,11,   909977T,06/12/2025,,,,,"0,145","51,7",,,"7,5",,,,,T251206
MBB003,,,KG. LENGUAS DE GATO,11,   909977T,06/12/2025,,,,,"0,035","34,1",,,"1,19",,,,,T251206
,,,Total albarán 11909977T,,,,,,,,"0,18",,,,"8,69",,,,,
MCK015A,,,UD. TUBO MENTOS FRUTAS 38 GR.,11,   909997T,06/12/2025,,,,,1,"1,1",,,"1,1",,,,,T251206
,,,Total albarán 11909997T,,,,,,,,1,,,,"1,1",,,,,
MTU012,,,KG. PASTELES YEMA-CHOCOLATE,11,   909998T,06/12/2025,,,,,"0,26","38,5",,,"10,01",,,,,T251206
MCK015A,,,UD. TUBO MENTOS FRUTAS 38 GR.,11,   909998T,06/12/2025,,,,,1,"1,1",,,"1,1",,,,,T251206
,,,Total albarán 11909998T,,,,,,,,"1,26",,,,"11,11",,,,,
MVH010B,,,UD. BOTELLA AGUA 1/2 L. AQUABONA,11,   910005T,06/12/2025,,,,,1,"1,1",,,"1,1",,,,,T251206
,,,Total albarán 11910005T,,,,,,,,1,,,,"1,1",,,,,
MTU016A,,,KG. MANTECADOS FELIPE II,11,   910008T,06/12/2025,,,,,"0,16",55,,,"8,8",,,,,T251206
,04/03/2026 20:10:37,,,,,,,,,,,,,,,,,Página: 15,,
,,,Total albarán 11910008T,,,,,,,,"0,16",,,,"8,8",,,,,
MTU016,,,KG. POLVORONES Y MANTECADOS,11,   910017T,06/12/2025,,,,,1,"19,8",,,"19,8",,,,,T251206
,,,Total albarán 11910017T,,,,,,,,1,,,,"19,8",,,,,
MTU016,,,KG. POLVORONES Y MANTECADOS,11,   910021T,06/12/2025,,,,,"0,215","19,8",,,"4,26",,,,,T251206
,,,Total albarán 11910021T,,,,,,,,"0,215",,,,"4,26",,,,,
MBB003,,,KG. LENGUAS DE GATO,11,   910025T,06/12/2025,,,,,"0,235","34,1",,,"8,01",,,,,T251206
MTU016A,,,KG. MANTECADOS FELIPE II,11,   910025T,06/12/2025,,,,,"0,12",55,,,"6,6",,,,,T251206
MCN001,,,UD. CHUPA CHUPS,11,   910025T,06/12/2025,,,,,1,"0,3",,,"0,3",,,,,T251206
,,,Total albarán 11910025T,,,,,,,,"1,355",,,,"14,91",,,,,
MTU010,,,KG. ALMENDRAS RELLENAS,11,   910027T,06/12/2025,,,,,"0,07","41,8",,,"2,93",,,,,T251206
,,,Total albarán 11910027T,,,,,,,,"0,07",,,,"2,93",,,,,
MVH008,,,"UD. AGUA MINERAL DE 1, 5 L. AQUABONA",11,   910032T,06/12/2025,,,,,1,"1,75",,,"1,75",,,,,T251206
,,,Total albarán 11910032T,,,,,,,,1,,,,"1,75",,,,,
MVH012,,,UD. BOTELLA COCA COLA,11,   910039T,06/12/2025,,,,,1,2,,,2,,,,,T251206
MVH012A,,,UD. BOTELLA COCA COLA ZERO,11,   910039T,06/12/2025,,,,,1,2,,,2,,,,,T251206
MVH008,,,"UD. AGUA MINERAL DE 1, 5 L. AQUABONA",11,   910039T,06/12/2025,,,,,1,"1,75",,,"1,75",,,,,T251206
,,,Total albarán 11910039T,,,,,,,,3,,,,"5,75",,,,,
MTU016,,,KG. POLVORONES Y MANTECADOS,11,   910043T,06/12/2025,,,,,"0,5","19,8",,,"9,9",,,,,T251206
,,,Total albarán 11910043T,,,,,,,,"0,5",,,,"9,9",,,,,
MCN001S,,,UD. CHUPA CHUPS GRANDE,11,   910049T,06/12/2025,,,,,2,1,,,2,,,,,T251206
,,,Total albarán 11910049T,,,,,,,,2,,,,2,,,,,
MTU016,,,KG. POLVORONES Y MANTECADOS,11,   910050T,06/12/2025,,,,,"0,62","19,8",,,"12,28",,,,,T251206
,,,Total albarán 11910050T,,,,,,,,"0,62",,,,"12,28",,,,,
MTU002,,,UD. TURRON JIJONA 300 GR.,11,   910058T,06/12/2025,,,,,1,"12,1",,,"12,1",,,,,T251206
,,,Total albarán 11910058T,,,,,,,,1,,,,"12,1",,,,,
MVH008,,,"UD. AGUA MINERAL DE 1, 5 L. AQUABONA",11,   910064T,06/12/2025,,,,,1,"1,75",,,"1,75",,,,,T251206
,,,Total albarán 11910064T,,,,,,,,1,,,,"1,75",,,,,
MCN001,,,UD. CHUPA CHUPS,11,   910072T,06/12/2025,,,,,2,"0,33",,,"0,66",,,,,T251206
,,,Total albarán 11910072T,,,,,,,,2,,,,"0,66",,,,,
MVH012,,,UD. BOTELLA COCA COLA,11,   910076T,06/12/2025,,,,,2,2,,,4,,,,,T251206
,04/03/2026 20:10:37,,,,,,,,,,,,,,,,,Página: 16,,
,,,Total albarán 11910076T,,,,,,,,2,,,,4,,,,,
MTU016,,,KG. POLVORONES Y MANTECADOS,11,   910077T,06/12/2025,,,,,"0,175","19,8",,,"3,47",,,,,T251206
,,,Total albarán 11910077T,,,,,,,,"0,175",,,,"3,47",,,,,
MVH012,,,UD. BOTELLA COCA COLA,11,   910079T,06/12/2025,,,,,1,2,,,2,,,,,T251206
,,,Total albarán 11910079T,,,,,,,,1,,,,2,,,,,
MTU016A,,,KG. MANTECADOS FELIPE II,11,   910081T,06/12/2025,,,,,"0,3",55,,,"16,5",,,,,T251206
,,,Total albarán 11910081T,,,,,,,,"0,3",,,,"16,5",,,,,
MFA001,,,KG. FRUTA ESCARCHADA,11,   910088T,06/12/2025,,,,,"0,5","29,7",,,"14,85",,,,,T251206
MBB001,,,KG. BOMBONES SURTIDOS,11,   910088T,06/12/2025,,,,,"0,48","51,7",,,"24,82",,,,,T251206
MVH010B,,,UD. BOTELLA AGUA 1/2 L. AQUABONA,11,   910088T,06/12/2025,,,,,1,"1,1",,,"1,1",,,,,T251206
,,,Total albarán 11910088T,,,,,,,,"1,98",,,,"40,77",,,,,
MVH010B,,,UD. BOTELLA AGUA 1/2 L. AQUABONA,11,   910094T,06/12/2025,,,,,1,"1,1",,,"1,1",,,,,T251206
,,,Total albarán 11910094T,,,,,,,,1,,,,"1,1",,,,,
MTU016A,,,KG. MANTECADOS FELIPE II,11,   910095T,06/12/2025,,,,,"0,23",55,,,"12,65",,,,,T251206
,,,Total albarán 11910095T,,,,,,,,"0,23",,,,"12,65",,,,,
MCN001S,,,UD. CHUPA CHUPS GRANDE,11,   910102T,06/12/2025,,,,,1,1,,,1,,,,,T251206
,,,Total albarán 11910102T,,,,,,,,1,,,,1,,,,,
MVH010B,,,UD. BOTELLA AGUA 1/2 L. AQUABONA,11,   910105T,06/12/2025,,,,,2,"1,1",,,"2,2",,,,,T251206
,,,Total albarán 11910105T,,,,,,,,2,,,,"2,2",,,,,
MBB003,,,KG. LENGUAS DE GATO,11,   910106T,06/12/2025,,,,,"0,07","34,1",,,"2,39",,,,,T251206
,,,Total albarán 11910106T,,,,,,,,"0,07",,,,"2,39",,,,,
MBB003,,,KG. LENGUAS DE GATO,11,   910107T,06/12/2025,,,,,"0,14","34,1",,,"4,77",,,,,T251206
,,,Total albarán 11910107T,,,,,,,,"0,14",,,,"4,77",,,,,
MVH012,,,UD. BOTELLA COCA COLA,11,   910113T,06/12/2025,,,,,1,2,,,2,,,,,T251206
,,,Total albarán 11910113T,,,,,,,,1,,,,2,,,,,
MBB003,,,KG. LENGUAS DE GATO,11,   910117T,06/12/2025,,,,,"0,25","34,1",,,"8,53",,,,,T251206
,,,Total albarán 11910117T,,,,,,,,"0,25",,,,"8,53",,,,,
MBB003,,,KG. LENGUAS DE GATO,11,   910123T,06/12/2025,,,,,"0,065","34,1",,,"2,22",,,,,T251206
MCG007A,,,UD. BOLSA MONEDAS CHOCOLATE 50 gm.,11,   910123T,06/12/2025,,,,,1,"1,65",,,"1,65",,,,,T251206
,,,Total albarán 11910123T,,,,,,,,"1,065",,,,"3,87",,,,,
MTU019,,,UD. BOLSA PIÑONES 150 GR.,11,   910138T,06/12/2025,,,,,2,11,,,22,,,,,T251206
,04/03/2026 20:10:37,,,,,,,,,,,,,,,,,Página: 17,,
MFA004,,,KG. MARRON GLACE,11,   910138T,06/12/2025,,,,,"0,065","61,6",,,4,,,,,T251206
,,,Total albarán 11910138T,,,,,,,,"2,065",,,,26,,,,,
MVH010B,,,UD. BOTELLA AGUA 1/2 L. AQUABONA,11,   910139T,06/12/2025,,,,,1,"1,1",,,"1,1",,,,,T251206
,,,Total albarán 11910139T,,,,,,,,1,,,,"1,1",,,,,
MCN051,,,UD. PIRULETA LIMON,11,   910161T,06/12/2025,,,,,1,"1,43",,,"1,43",,,,,T251206
,,,Total albarán 11910161T,,,,,,,,1,,,,"1,43",,,,,
MVH010B,,,UD. BOTELLA AGUA 1/2 L. AQUABONA,11,   910165T,06/12/2025,,,,,1,"1,1",,,"1,1",,,,,T251206
,,,Total albarán 11910165T,,,,,,,,1,,,,"1,1",,,,,
MBB003,,,KG. LENGUAS DE GATO,11,   910167T,06/12/2025,,,,,"0,2","34,1",,,"6,82",,,,,T251206
,,,Total albarán 11910167T,,,,,,,,"0,2",,,,"6,82",,,,,
MVA001,,,UD. VELA NUMERO,11,   910173T,06/12/2025,,,,,2,"0,99",,,"1,98",,,,,T251206
,,,Total albarán 11910173T,,,,,,,,2,,,,"1,98",,,,,
MTU002,,,UD. TURRON JIJONA 300 GR.,11,   910184T,06/12/2025,,,,,1,"12,1",,,"12,1",,,,,T251206
MTU001,,,UD. TURRON ALICANTE 300 GR.,11,   910184T,06/12/2025,,,,,1,"12,1",,,"12,1",,,,,T251206
,,,Total albarán 11910184T,,,,,,,,2,,,,"24,2",,,,,
MVH008,,,"UD. AGUA MINERAL DE 1, 5 L. AQUABONA",11,   910203T,06/12/2025,,,,,2,"1,75",,,"3,5",,,,,T251206
,,,Total albarán 11910203T,,,,,,,,2,,,,"3,5",,,,,
MFA001,,,KG. FRUTA ESCARCHADA,11,   910219T,06/12/2025,,,,,"0,165","29,7",,,"4,9",,,,,T251206
,,,Total albarán 11910219T,,,,,,,,"0,165",,,,"4,9",,,,,
MFA002,,,KG. FRUTAS DE ARAGON,11,   910225T,06/12/2025,,,,,"0,23",33,,,"7,59",,,,,T251206
,,,Total albarán 11910225T,,,,,,,,"0,23",,,,"7,59",,,,,
MCF050A,,,UD. CHOCOLATE 50 % CACAO AMATLLER 18 GR,11,   910232T,06/12/2025,,,,,2,"1,1",,,"2,2",,,,,T251206
MFA001,,,KG. FRUTA ESCARCHADA,11,   910232T,06/12/2025,,,,,"0,43","29,7",,,"12,77",,,,,T251206
,,,Total albarán 11910232T,,,,,,,,"2,43",,,,"14,97",,,,,
MFA002,,,KG. FRUTAS DE ARAGON,11,   910239T,06/12/2025,,,,,"0,5",33,,,"16,5",,,,,T251206
,,,Total albarán 11910239T,,,,,,,,"0,5",,,,"16,5",,,,,
MBE000C,,,UD. ESTUCHE LENGUAS DE GATO,11,   910246T,06/12/2025,,,,,1,10,,,10,,,,,T251206
,,,Total albarán 11910246T,,,,,,,,1,,,,10,,,,,
MVH008,,,"UD. AGUA MINERAL DE 1, 5 L. AQUABONA",11,   910251T,06/12/2025,,,,,1,"1,75",,,"1,75",,,,,T251206
,,,Total albarán 11910251T,,,,,,,,1,,,,"1,75",,,,,
,04/03/2026 20:10:37,,,,,,,,,,,,,,,,,Página: 18,,
MVH008,,,"UD. AGUA MINERAL DE 1, 5 L. AQUABONA",11,   910252T,06/12/2025,,,,,1,"1,75",,,"1,75",,,,,T251206
,,,Total albarán 11910252T,,,,,,,,1,,,,"1,75",,,,,
MCF050A,,,UD. CHOCOLATE 50 % CACAO AMATLLER 18 GR,11,   910265T,07/12/2025,,,,,1,"1,1",,,"1,1",,,,,T251207
,,,Total albarán 11910265T,,,,,,,,1,,,,"1,1",,,,,
MTU016,,,KG. POLVORONES Y MANTECADOS,11,   910266T,07/12/2025,,,,,"0,11","19,8",,,"2,18",,,,,T251207
MCN001S,,,UD. CHUPA CHUPS GRANDE,11,   910266T,07/12/2025,,,,,1,1,,,1,,,,,T251207
,,,Total albarán 11910266T,,,,,,,,"1,11",,,,"3,18",,,,,
MTU002,,,UD. TURRON JIJONA 300 GR.,11,   910275T,07/12/2025,,,,,1,"12,1",,,"12,1",,,,,T251207
,,,Total albarán 11910275T,,,,,,,,1,,,,"12,1",,,,,
MVH010B,,,UD. BOTELLA AGUA 1/2 L. AQUABONA,11,   910293T,07/12/2025,,,,,1,"1,1",,,"1,1",,,,,T251207
,,,Total albarán 11910293T,,,,,,,,1,,,,"1,1",,,,,
MTU018,,,UD. BOLSA PELADILLA 150 GR.,11,   910304T,07/12/2025,,,,,1,"6,05",,,"6,05",,,,,T251207
,,,Total albarán 11910304T,,,,,,,,1,,,,"6,05",,,,,
MVH010B,,,UD. BOTELLA AGUA 1/2 L. AQUABONA,11,   910305T,07/12/2025,,,,,2,"1,1",,,"2,2",,,,,T251207
,,,Total albarán 11910305T,,,,,,,,2,,,,"2,2",,,,,
MTU018,,,UD. BOLSA PELADILLA 150 GR.,11,   910332T,07/12/2025,,,,,1,"6,05",,,"6,05",,,,,T251207
,,,Total albarán 11910332T,,,,,,,,1,,,,"6,05",,,,,
MTU010,,,KG. ALMENDRAS RELLENAS,11,   910337T,07/12/2025,,,,,"0,1","41,8",,,"4,18",,,,,T251207
,,,Total albarán 11910337T,,,,,,,,"0,1",,,,"4,18",,,,,
MVH010B,,,UD. BOTELLA AGUA 1/2 L. AQUABONA,11,   910338T,07/12/2025,,,,,1,"1,1",,,"1,1",,,,,T251207
,,,Total albarán 11910338T,,,,,,,,1,,,,"1,1",,,,,
MTU010,,,KG. ALMENDRAS RELLENAS,11,   910347T,07/12/2025,,,,,"0,5","41,8",,,"20,9",,,,,T251207
MTU002,,,UD. TURRON JIJONA 300 GR.,11,   910347T,07/12/2025,,,,,1,"12,1",,,"12,1",,,,,T251207
,,,Total albarán 11910347T,,,,,,,,"1,5",,,,33,,,,,
MVH010B,,,UD. BOTELLA AGUA 1/2 L. AQUABONA,11,   910350T,07/12/2025,,,,,1,"1,1",,,"1,1",,,,,T251207
,,,Total albarán 11910350T,,,,,,,,1,,,,"1,1",,,,,
MTU019,,,UD. BOLSA PIÑONES 150 GR.,11,   910352T,07/12/2025,,,,,1,11,,,11,,,,,T251207
MFA002,,,KG. FRUTAS DE ARAGON,11,   910352T,07/12/2025,,,,,"0,05",33,,,"1,65",,,,,T251207
,,,Total albarán 11910352T,,,,,,,,"1,05",,,,"12,65",,,,,
MFA001,,,KG. FRUTA ESCARCHADA,11,   910357T,07/12/2025,,,,,"0,33","29,7",,,"9,8",,,,,T251207
,04/03/2026 20:10:37,,,,,,,,,,,,,,,,,Página: 19,,
,,,Total albarán 11910357T,,,,,,,,"0,33",,,,"9,8",,,,,
MTU010,,,KG. ALMENDRAS RELLENAS,11,   910358T,07/12/2025,,,,,"0,25","41,8",,,"10,45",,,,,T251207
,,,Total albarán 11910358T,,,,,,,,"0,25",,,,"10,45",,,,,
MBB003,,,KG. LENGUAS DE GATO,11,   910359T,07/12/2025,,,,,"0,25","34,1",,,"8,53",,,,,T251207
,,,Total albarán 11910359T,,,,,,,,"0,25",,,,"8,53",,,,,
MTU019,,,UD. BOLSA PIÑONES 150 GR.,11,   910362T,07/12/2025,,,,,1,11,,,11,,,,,T251207
,,,Total albarán 11910362T,,,,,,,,1,,,,11,,,,,
MFA002,,,KG. FRUTAS DE ARAGON,11,   910382T,07/12/2025,,,,,"0,25",33,,,"8,25",,,,,T251207
,,,Total albarán 11910382T,,,,,,,,"0,25",,,,"8,25",,,,,
MFA002,,,KG. FRUTAS DE ARAGON,11,   910384T,07/12/2025,,,,,"0,245",33,,,"8,09",,,,,T251207
,,,Total albarán 11910384T,,,,,,,,"0,245",,,,"8,09",,,,,
MCG001F,,,UD. HUEVO PATRULLA CANINA,11,   910405T,07/12/2025,,,,,2,"1,5",,,3,,,,,T251207
,,,Total albarán 11910405T,,,,,,,,2,,,,3,,,,,
MTU010,,,KG. ALMENDRAS RELLENAS,11,   910431T,07/12/2025,,,,,"0,25","41,8",,,"10,45",,,,,T251207
,,,Total albarán 11910431T,,,,,,,,"0,25",,,,"10,45",,,,,
MTU010,,,KG. ALMENDRAS RELLENAS,11,   910432T,07/12/2025,,,,,"0,25","41,8",,,"10,45",,,,,T251207
,,,Total albarán 11910432T,,,,,,,,"0,25",,,,"10,45",,,,,
MBB003,,,KG. LENGUAS DE GATO,11,   910435T,07/12/2025,,,,,"0,2","34,1",,,"6,82",,,,,T251207
,,,Total albarán 11910435T,,,,,,,,"0,2",,,,"6,82",,,,,
MTU010,,,KG. ALMENDRAS RELLENAS,11,   910441T,07/12/2025,,,,,"0,05","41,8",,,"2,09",,,,,T251207
,,,Total albarán 11910441T,,,,,,,,"0,05",,,,"2,09",,,,,
MTU016A,,,KG. MANTECADOS FELIPE II,11,   910443T,07/12/2025,,,,,"0,085",55,,,"4,68",,,,,T251207
,,,Total albarán 11910443T,,,,,,,,"0,085",,,,"4,68",,,,,
MCK008R,,,UD. SMINT BUBLLE FRESH,11,   910456T,07/12/2025,,,,,1,"2,2",,,"2,2",,,,,T251207
MCK015A,,,UD. TUBO MENTOS FRUTAS 38 GR.,11,   910456T,07/12/2025,,,,,1,"1,1",,,"1,1",,,,,T251207
,,,Total albarán 11910456T,,,,,,,,2,,,,"3,3",,,,,
MTU010,,,KG. ALMENDRAS RELLENAS,11,   910459T,07/12/2025,,,,,"0,26","41,8",,,"10,87",,,,,T251207
,,,Total albarán 11910459T,,,,,,,,"0,26",,,,"10,87",,,,,
MTU010,,,KG. ALMENDRAS RELLENAS,11,   910470T,07/12/2025,,,,,"0,25","41,8",,,"10,45",,,,,T251207
,,,Total albarán 11910470T,,,,,,,,"0,25",,,,"10,45",,,,,
MFA002,,,KG. FRUTAS DE ARAGON,11,   910474T,07/12/2025,,,,,"0,11",33,,,"3,63",,,,,T251207
,04/03/2026 20:10:37,,,,,,,,,,,,,,,,,Página: 20,,
MTU019,,,UD. BOLSA PIÑONES 150 GR.,11,   910474T,07/12/2025,,,,,1,11,,,11,,,,,T251207
,,,Total albarán 11910474T,,,,,,,,"1,11",,,,"14,63",,,,,
MBB001,,,KG. BOMBONES SURTIDOS,11,   910478T,07/12/2025,,,,,"0,03","51,7",,,"1,55",,,,,T251207
,,,Total albarán 11910478T,,,,,,,,"0,03",,,,"1,55",,,,,
MTU016A,,,KG. MANTECADOS FELIPE II,11,   910491T,07/12/2025,,,,,"0,045",55,,,"2,48",,,,,T251207
,,,Total albarán 11910491T,,,,,,,,"0,045",,,,"2,48",,,,,
MTU016,,,KG. POLVORONES Y MANTECADOS,11,   910497T,07/12/2025,,,,,"0,175","19,8",,,"3,47",,,,,T251207
,,,Total albarán 11910497T,,,,,,,,"0,175",,,,"3,47",,,,,
MBB001,,,KG. BOMBONES SURTIDOS,11,   910511T,07/12/2025,,,,,"0,07","51,7",,,"3,62",,,,,T251207
,,,Total albarán 11910511T,,,,,,,,"0,07",,,,"3,62",,,,,
MBB001,,,KG. BOMBONES SURTIDOS,11,   910517T,07/12/2025,,,,,"0,17","51,7",,,"8,79",,,,,T251207
MBB003,,,KG. LENGUAS DE GATO,11,   910517T,07/12/2025,,,,,"0,01","34,1",,,"0,34",,,,,T251207
,,,Total albarán 11910517T,,,,,,,,"0,18",,,,"9,13",,,,,
MFA002,,,KG. FRUTAS DE ARAGON,11,   910519T,07/12/2025,,,,,"0,23",33,,,"7,59",,,,,T251207
,,,Total albarán 11910519T,,,,,,,,"0,23",,,,"7,59",,,,,
MCG007C,,,UD. MEDALLON SANTO TOME 60 GR.,11,   910525T,07/12/2025,,,,,1,"2,75",,,"2,75",,,,,T251207
,,,Total albarán 11910525T,,,,,,,,1,,,,"2,75",,,,,
MTU016A,,,KG. MANTECADOS FELIPE II,11,   910526T,07/12/2025,,,,,"0,235",55,,,"12,93",,,,,T251207
,,,Total albarán 11910526T,,,,,,,,"0,235",,,,"12,93",,,,,
MTU016,,,KG. POLVORONES Y MANTECADOS,11,   910530T,07/12/2025,,,,,"0,225","19,8",,,"4,46",,,,,T251207
,,,Total albarán 11910530T,,,,,,,,"0,225",,,,"4,46",,,,,
MVH010B,,,UD. BOTELLA AGUA 1/2 L. AQUABONA,11,   910543T,07/12/2025,,,,,1,"1,1",,,"1,1",,,,,T251207
,,,Total albarán 11910543T,,,,,,,,1,,,,"1,1",,,,,
MTU016,,,KG. POLVORONES Y MANTECADOS,11,   910544T,07/12/2025,,,,,"0,145","19,8",,,"2,87",,,,,T251207
,,,Total albarán 11910544T,,,,,,,,"0,145",,,,"2,87",,,,,
MCF050,,,UD. CHOCOLATE BLANCO AMATLLER 18 GR,11,   910549T,07/12/2025,,,,,1,"1,1",,,"1,1",,,,,T251207
,,,Total albarán 11910549T,,,,,,,,1,,,,"1,1",,,,,
MTU016,,,KG. POLVORONES Y MANTECADOS,11,   910557T,07/12/2025,,,,,"0,545","19,8",,,"10,79",,,,,T251207
,,,Total albarán 11910557T,,,,,,,,"0,545",,,,"10,79",,,,,
MTU016,,,KG. POLVORONES Y MANTECADOS,11,   910558T,07/12/2025,,,,,"0,375","19,8",,,"7,43",,,,,T251207
,04/03/2026 20:10:37,,,,,,,,,,,,,,,,,Página: 21,,
MCK008R,,,UD. SMINT BUBLLE FRESH,11,   910558T,07/12/2025,,,,,2,"2,2",,,"4,4",,,,,T251207
,,,Total albarán 11910558T,,,,,,,,"2,375",,,,"11,83",,,,,
MCG006A,,,UD. SOMBRILLA DE CHOCOLATE 15 GMS.,11,   910578T,07/12/2025,,,,,3,"1,1",,,"3,3",,,,,T251207
,,,Total albarán 11910578T,,,,,,,,3,,,,"3,3",,,,,
MBB001,,,KG. BOMBONES SURTIDOS,11,   910597T,07/12/2025,,,,,"0,075","51,7",,,"3,88",,,,,T251207
,,,Total albarán 11910597T,,,,,,,,"0,075",,,,"3,88",,,,,
MTU018,,,UD. BOLSA PELADILLA 150 GR.,11,   910599T,07/12/2025,,,,,2,"6,05",,,"12,1",,,,,T251207
,,,Total albarán 11910599T,,,,,,,,2,,,,"12,1",,,,,
MBB001,,,KG. BOMBONES SURTIDOS,11,   910601T,07/12/2025,,,,,"0,095","51,7",,,"4,91",,,,,T251207
,,,Total albarán 11910601T,,,,,,,,"0,095",,,,"4,91",,,,,
MCG005,,,UD. SOMBRILLA DE CHOCOLATE 10 GMS.,11,   910613T,07/12/2025,,,,,3,"0,9",,,"2,7",,,,,T251207
,,,Total albarán 11910613T,,,,,,,,3,,,,"2,7",,,,,
MCG005,,,UD. SOMBRILLA DE CHOCOLATE 10 GMS.,11,   910620T,07/12/2025,,,,,1,"0,9",,,"0,9",,,,,T251207
,,,Total albarán 11910620T,,,,,,,,1,,,,"0,9",,,,,
MTU010,,,KG. ALMENDRAS RELLENAS,11,   910625T,07/12/2025,,,,,"0,25","41,8",,,"10,45",,,,,T251207
MFA002,,,KG. FRUTAS DE ARAGON,11,   910625T,07/12/2025,,,,,"0,25",33,,,"8,25",,,,,T251207
,,,Total albarán 11910625T,,,,,,,,"0,5",,,,"18,7",,,,,
MTU010,,,KG. ALMENDRAS RELLENAS,11,   910628T,07/12/2025,,,,,"0,145","41,8",,,"6,06",,,,,T251207
,,,Total albarán 11910628T,,,,,,,,"0,145",,,,"6,06",,,,,
MTU016,,,KG. POLVORONES Y MANTECADOS,11,   910635T,07/12/2025,,,,,"0,3","19,8",,,"5,94",,,,,T251207
,,,Total albarán 11910635T,,,,,,,,"0,3",,,,"5,94",,,,,
MBB003,,,KG. LENGUAS DE GATO,11,   910640T,07/12/2025,,,,,"0,26","34,1",,,"8,87",,,,,T251207
,,,Total albarán 11910640T,,,,,,,,"0,26",,,,"8,87",,,,,
MTU019,,,UD. BOLSA PIÑONES 150 GR.,11,   910641T,07/12/2025,,,,,1,11,,,11,,,,,T251207
,,,Total albarán 11910641T,,,,,,,,1,,,,11,,,,,
MTU016A,,,KG. MANTECADOS FELIPE II,11,   910642T,07/12/2025,,,,,"0,26",55,,,"14,3",,,,,T251207
,,,Total albarán 11910642T,,,,,,,,"0,26",,,,"14,3",,,,,
MBB001,,,KG. BOMBONES SURTIDOS,11,   910664T,07/12/2025,,,,,"0,42","51,7",,,"21,71",,,,,T251207
,,,Total albarán 11910664T,,,,,,,,"0,42",,,,"21,71",,,,,
MCN001,,,UD. CHUPA CHUPS,11,   910668T,07/12/2025,,,,,1,"0,3",,,"0,3",,,,,T251207
,,,Total albarán 11910668T,,,,,,,,1,,,,"0,3",,,,,
,04/03/2026 20:10:37,,,,,,,,,,,,,,,,,Página: 22,,
MFA002,,,KG. FRUTAS DE ARAGON,11,   910680T,07/12/2025,,,,,"0,175",33,,,"5,78",,,,,T251207
,,,Total albarán 11910680T,,,,,,,,"0,175",,,,"5,78",,,,,
MCG001H,,,UD. HUEVO BARBIE,11,   910681T,07/12/2025,,,,,2,"1,5",,,3,,,,,T251207
,,,Total albarán 11910681T,,,,,,,,2,,,,3,,,,,
MVH010B,,,UD. BOTELLA AGUA 1/2 L. AQUABONA,11,   910682T,07/12/2025,,,,,1,"1,1",,,"1,1",,,,,T251207
,,,Total albarán 11910682T,,,,,,,,1,,,,"1,1",,,,,
MBB003,,,KG. LENGUAS DE GATO,11,   910693T,07/12/2025,,,,,"0,055","34,1",,,"1,88",,,,,T251207
,,,Total albarán 11910693T,,,,,,,,"0,055",,,,"1,88",,,,,
MBB003,,,KG. LENGUAS DE GATO,11,   910697T,07/12/2025,,,,,"0,065","34,1",,,"2,22",,,,,T251207
,,,Total albarán 11910697T,,,,,,,,"0,065",,,,"2,22",,,,,
MBB003,,,KG. LENGUAS DE GATO,11,   910700T,07/12/2025,,,,,"0,135","34,1",,,"4,6",,,,,T251207
,,,Total albarán 11910700T,,,,,,,,"0,135",,,,"4,6",,,,,
MCG001F,,,UD. HUEVO PATRULLA CANINA,11,   910702T,07/12/2025,,,,,1,"1,5",,,"1,5",,,,,T251207
,,,Total albarán 11910702T,,,,,,,,1,,,,"1,5",,,,,
MTU016,,,KG. POLVORONES Y MANTECADOS,11,   910706T,07/12/2025,,,,,"0,33","19,8",,,"6,53",,,,,T251207
MTU011,,,KG. PASTELES YEMA,11,   910706T,07/12/2025,,,,,"0,28","38,5",,,"10,78",,,,,T251207
,,,Total albarán 11910706T,,,,,,,,"0,61",,,,"17,31",,,,,
MVH010B,,,UD. BOTELLA AGUA 1/2 L. AQUABONA,11,   910713T,07/12/2025,,,,,1,"1,1",,,"1,1",,,,,T251207
,,,Total albarán 11910713T,,,,,,,,1,,,,"1,1",,,,,
MTU016,,,KG. POLVORONES Y MANTECADOS,11,   910717T,07/12/2025,,,,,"0,5","19,8",,,"9,9",,,,,T251207
,,,Total albarán 11910717T,,,,,,,,"0,5",,,,"9,9",,,,,
MTU010,,,KG. ALMENDRAS RELLENAS,11,   910722T,07/12/2025,,,,,"0,25","41,8",,,"10,45",,,,,T251207
,,,Total albarán 11910722T,,,,,,,,"0,25",,,,"10,45",,,,,
MTU016A,,,KG. MANTECADOS FELIPE II,11,   910723T,07/12/2025,,,,,"0,26",55,,,"14,3",,,,,T251207
,,,Total albarán 11910723T,,,,,,,,"0,26",,,,"14,3",,,,,
MBB003,,,KG. LENGUAS DE GATO,11,   910737T,07/12/2025,,,,,"0,26","34,1",,,"8,87",,,,,T251207
,,,Total albarán 11910737T,,,,,,,,"0,26",,,,"8,87",,,,,
MFA002,,,KG. FRUTAS DE ARAGON,11,   910741T,07/12/2025,,,,,"0,25",33,,,"8,25",,,,,T251207
,,,Total albarán 11910741T,,,,,,,,"0,25",,,,"8,25",,,,,
MCK008R,,,UD. SMINT BUBLLE FRESH,11,   910744T,07/12/2025,,,,,1,"2,2",,,"2,2",,,,,T251207
,,,Total albarán 11910744T,,,,,,,,1,,,,"2,2",,,,,
,04/03/2026 20:10:38,,,,,,,,,,,,,,,,,Página: 23,,
MFA002,,,KG. FRUTAS DE ARAGON,11,   910749T,07/12/2025,,,,,"0,25",33,,,"8,25",,,,,T251207
,,,Total albarán 11910749T,,,,,,,,"0,25",,,,"8,25",,,,,
MVH010B,,,UD. BOTELLA AGUA 1/2 L. AQUABONA,11,   910750T,07/12/2025,,,,,1,"1,1",,,"1,1",,,,,T251207
,,,Total albarán 11910750T,,,,,,,,1,,,,"1,1",,,,,
MTU010,,,KG. ALMENDRAS RELLENAS,11,   910751T,07/12/2025,,,,,"0,09","41,8",,,"3,76",,,,,T251207
,,,Total albarán 11910751T,,,,,,,,"0,09",,,,"3,76",,,,,
MVH010B,,,UD. BOTELLA AGUA 1/2 L. AQUABONA,11,   910758T,07/12/2025,,,,,1,"1,1",,,"1,1",,,,,T251207
,,,Total albarán 11910758T,,,,,,,,1,,,,"1,1",,,,,
MFA002,,,KG. FRUTAS DE ARAGON,11,   910766T,07/12/2025,,,,,"0,04",33,,,"1,32",,,,,T251207
,,,Total albarán 11910766T,,,,,,,,"0,04",,,,"1,32",,,,,
MCO004L,,,UD. BOTE TRIDENT MENTA,11,   910779T,07/12/2025,,,,,1,"3,5",,,"3,5",,,,,T251207
,,,Total albarán 11910779T,,,,,,,,1,,,,"3,5",,,,,
MVH015,,,UD. BOTELLA AQUARIUS,11,   910785T,07/12/2025,,,,,1,2,,,2,,,,,T251207
,,,Total albarán 11910785T,,,,,,,,1,,,,2,,,,,
MFA002,,,KG. FRUTAS DE ARAGON,11,   910794T,07/12/2025,,,,,"0,105",33,,,"3,47",,,,,T251207
,,,Total albarán 11910794T,,,,,,,,"0,105",,,,"3,47",,,,,
MBB003,,,KG. LENGUAS DE GATO,11,   910801T,07/12/2025,,,,,"0,25","34,1",,,"8,53",,,,,T251207
,,,Total albarán 11910801T,,,,,,,,"0,25",,,,"8,53",,,,,
MBB003,,,KG. LENGUAS DE GATO,11,   910829T,07/12/2025,,,,,"0,11","34,1",,,"3,75",,,,,T251207
,,,Total albarán 11910829T,,,,,,,,"0,11",,,,"3,75",,,,,
MTU018,,,UD. BOLSA PELADILLA 150 GR.,11,   910831T,07/12/2025,,,,,1,"6,05",,,"6,05",,,,,T251207
,,,Total albarán 11910831T,,,,,,,,1,,,,"6,05",,,,,
MVH012,,,UD. BOTELLA COCA COLA,11,   910838T,07/12/2025,,,,,1,2,,,2,,,,,T251207
,,,Total albarán 11910838T,,,,,,,,1,,,,2,,,,,
MVH010B,,,UD. BOTELLA AGUA 1/2 L. AQUABONA,11,   910842T,07/12/2025,,,,,2,"1,1",,,"2,2",,,,,T251207
MCG007A,,,UD. BOLSA MONEDAS CHOCOLATE 50 gm.,11,   910842T,07/12/2025,,,,,1,"1,65",,,"1,65",,,,,T251207
,,,Total albarán 11910842T,,,,,,,,3,,,,"3,85",,,,,
MCG006A,,,UD. SOMBRILLA DE CHOCOLATE 15 GMS.,11,   910895T,07/12/2025,,,,,2,"1,1",,,"2,2",,,,,T251207
,,,Total albarán 11910895T,,,,,,,,2,,,,"2,2",,,,,
MVH012,,,UD. BOTELLA COCA COLA,11,   910896T,07/12/2025,,,,,1,2,,,2,,,,,T251207
,,,Total albarán 11910896T,,,,,,,,1,,,,2,,,,,
,04/03/2026 20:10:38,,,,,,,,,,,,,,,,,Página: 24,,
MFA002,,,KG. FRUTAS DE ARAGON,11,   910910T,07/12/2025,,,,,"0,21",33,,,"6,93",,,,,T251207
,,,Total albarán 11910910T,,,,,,,,"0,21",,,,"6,93",,,,,
MTU002,,,UD. TURRON JIJONA 300 GR.,11,   910916T,07/12/2025,,,,,1,"12,1",,,"12,1",,,,,T251207
,,,Total albarán 11910916T,,,,,,,,1,,,,"12,1",,,,,
MBB003,,,KG. LENGUAS DE GATO,11,   910920T,07/12/2025,,,,,"0,23","34,1",,,"7,84",,,,,T251207
,,,Total albarán 11910920T,,,,,,,,"0,23",,,,"7,84",,,,,
MTU010,,,KG. ALMENDRAS RELLENAS,11,   910929T,07/12/2025,,,,,"0,1","41,8",,,"4,18",,,,,T251207
,,,Total albarán 11910929T,,,,,,,,"0,1",,,,"4,18",,,,,
MBB003,,,KG. LENGUAS DE GATO,11,   910932T,07/12/2025,,,,,"0,08","34,1",,,"2,73",,,,,T251207
MBB001,,,KG. BOMBONES SURTIDOS,11,   910932T,07/12/2025,,,,,"0,21","51,7",,,"10,86",,,,,T251207
,,,Total albarán 11910932T,,,,,,,,"0,29",,,,"13,59",,,,,
MBB001,,,KG. BOMBONES SURTIDOS,11,   910944T,07/12/2025,,,,,"0,01","51,7",,,"0,52",,,,,T251207
,,,Total albarán 11910944T,,,,,,,,"0,01",,,,"0,52",,,,,
MTU010,,,KG. ALMENDRAS RELLENAS,11,   910955T,07/12/2025,,,,,"0,11","41,8",,,"4,6",,,,,T251207
,,,Total albarán 11910955T,,,,,,,,"0,11",,,,"4,6",,,,,
MTU016A,,,KG. MANTECADOS FELIPE II,11,   910972T,08/12/2025,,,,,"0,16",55,,,"8,8",,,,,T251208
MTU016,,,KG. POLVORONES Y MANTECADOS,11,   910972T,08/12/2025,,,,,"0,035","19,8",,,"0,69",,,,,T251208
,,,Total albarán 11910972T,,,,,,,,"0,195",,,,"9,49",,,,,
MTU010,,,KG. ALMENDRAS RELLENAS,11,   910973T,08/12/2025,,,,,"0,6","41,8",,,"25,08",,,,,T251208
,,,Total albarán 11910973T,,,,,,,,"0,6",,,,"25,08",,,,,
MBB001,,,KG. BOMBONES SURTIDOS,11,   910977T,08/12/2025,,,,,"0,115","51,7",,,"5,95",,,,,T251208
MBB003,,,KG. LENGUAS DE GATO,11,   910977T,08/12/2025,,,,,"0,01","34,1",,,"0,34",,,,,T251208
,,,Total albarán 11910977T,,,,,,,,"0,125",,,,"6,29",,,,,
MTU010,,,KG. ALMENDRAS RELLENAS,11,   910986T,08/12/2025,,,,,"0,025","41,8",,,"1,05",,,,,T251208
,,,Total albarán 11910986T,,,,,,,,"0,025",,,,"1,05",,,,,
MTU010,,,KG. ALMENDRAS RELLENAS,11,   910988T,08/12/2025,,,,,"0,02","41,8",,,"0,84",,,,,T251208
,,,Total albarán 11910988T,,,,,,,,"0,02",,,,"0,84",,,,,
MBB001,,,KG. BOMBONES SURTIDOS,11,   910993T,08/12/2025,,,,,1,12,,,12,,,,,T251208
,,,Total albarán 11910993T,,,,,,,,1,,,,12,,,,,
MBB003,,,KG. LENGUAS DE GATO,11,   911005T,08/12/2025,,,,,2,12,,,24,,,,,T251208
,,,Total albarán 11911005T,,,,,,,,2,,,,24,,,,,
MTU011,,,KG. PASTELES YEMA,11,   911009T,08/12/2025,,,,,"0,07","38,5",,,"2,7",,,,,T251208
,04/03/2026 20:10:38,,,,,,,,,,,,,,,,,Página: 25,,
,,,Total albarán 11911009T,,,,,,,,"0,07",,,,"2,7",,,,,
MVH010B,,,UD. BOTELLA AGUA 1/2 L. AQUABONA,11,   911014T,08/12/2025,,,,,1,"1,1",,,"1,1",,,,,T251208
,,,Total albarán 11911014T,,,,,,,,1,,,,"1,1",,,,,
MCF015X,,,UD. CHOC. 100 GR. CACHET ORANGE & ALMONS 57 %,11,   911015T,08/12/2025,,,,,1,3,,,3,,,,,T251208
,,,Total albarán 11911015T,,,,,,,,1,,,,3,,,,,
MVH010B,,,UD. BOTELLA AGUA 1/2 L. AQUABONA,11,   911020T,08/12/2025,,,,,1,"1,1",,,"1,1",,,,,T251208
,,,Total albarán 11911020T,,,,,,,,1,,,,"1,1",,,,,
MTU018,,,UD. BOLSA PELADILLA 150 GR.,11,   911023T,08/12/2025,,,,,1,"6,05",,,"6,05",,,,,T251208
,,,Total albarán 11911023T,,,,,,,,1,,,,"6,05",,,,,
MTU019,,,UD. BOLSA PIÑONES 150 GR.,11,   911026T,08/12/2025,,,,,1,11,,,11,,,,,T251208
,,,Total albarán 11911026T,,,,,,,,1,,,,11,,,,,
MTU011,,,KG. PASTELES YEMA,11,   911029T,08/12/2025,,,,,"0,3","38,5",,,"11,55",,,,,T251208
,,,Total albarán 11911029T,,,,,,,,"0,3",,,,"11,55",,,,,
MCG006A,,,UD. SOMBRILLA DE CHOCOLATE 15 GMS.,11,   911030T,08/12/2025,,,,,2,"1,1",,,"2,2",,,,,T251208
,,,Total albarán 11911030T,,,,,,,,2,,,,"2,2",,,,,
MCF015X,,,UD. CHOC. 100 GR. CACHET ORANGE & ALMONS 57 %,11,   911039T,08/12/2025,,,,,2,"3,3",,,"6,6",,,,,T251208
,,,Total albarán 11911039T,,,,,,,,2,,,,"6,6",,,,,
MTU016,,,KG. POLVORONES Y MANTECADOS,11,   911040T,08/12/2025,,,,,"0,5","19,8",,,"9,9",,,,,T251208
,,,Total albarán 11911040T,,,,,,,,"0,5",,,,"9,9",,,,,
MFA001,,,KG. FRUTA ESCARCHADA,11,   911044T,08/12/2025,,,,,"0,6","29,7",,,"17,82",,,,,T251208
MTU002,,,UD. TURRON JIJONA 300 GR.,11,   911044T,08/12/2025,,,,,2,"12,1",,,"24,2",,,,,T251208
,,,Total albarán 11911044T,,,,,,,,"2,6",,,,"42,02",,,,,
MFA002,,,KG. FRUTAS DE ARAGON,11,   911050T,08/12/2025,,,,,"0,5",33,,,"16,5",,,,,T251208
MTU011,,,KG. PASTELES YEMA,11,   911050T,08/12/2025,,,,,"0,5","38,5",,,"19,25",,,,,T251208
,,,Total albarán 11911050T,,,,,,,,1,,,,"35,75",,,,,
MBB003,,,KG. LENGUAS DE GATO,11,   911054T,08/12/2025,,,,,"0,19","34,1",,,"6,48",,,,,T251208
,,,Total albarán 11911054T,,,,,,,,"0,19",,,,"6,48",,,,,
MTU016,,,KG. POLVORONES Y MANTECADOS,11,   911059T,08/12/2025,,,,,"0,21","19,8",,,"4,16",,,,,T251208
,,,Total albarán 11911059T,,,,,,,,"0,21",,,,"4,16",,,,,
MTU016,,,KG. POLVORONES Y MANTECADOS,11,   911063T,08/12/2025,,,,,2,"19,8",,,"39,6",,,,,T251208
,04/03/2026 20:10:38,,,,,,,,,,,,,,,,,Página: 26,,
,,,Total albarán 11911063T,,,,,,,,2,,,,"39,6",,,,,
MVH008,,,"UD. AGUA MINERAL DE 1, 5 L. AQUABONA",11,   911064T,08/12/2025,,,,,1,"1,75",,,"1,75",,,,,T251208
MCG005,,,UD. SOMBRILLA DE CHOCOLATE 10 GMS.,11,   911064T,08/12/2025,,,,,2,"0,9",,,"1,8",,,,,T251208
,,,Total albarán 11911064T,,,,,,,,3,,,,"3,55",,,,,
MFA001,,,KG. FRUTA ESCARCHADA,11,   911065T,08/12/2025,,,,,"0,325","29,7",,,"9,65",,,,,T251208
,,,Total albarán 11911065T,,,,,,,,"0,325",,,,"9,65",,,,,
MCN001,,,UD. CHUPA CHUPS,11,   911066T,08/12/2025,,,,,2,"0,33",,,"0,66",,,,,T251208
,,,Total albarán 11911066T,,,,,,,,2,,,,"0,66",,,,,
MBB001,,,KG. BOMBONES SURTIDOS,11,   911075T,08/12/2025,,,,,"0,75","51,7",,,"38,78",,,,,T251208
,,,Total albarán 11911075T,,,,,,,,"0,75",,,,"38,78",,,,,
MBB003,,,KG. LENGUAS DE GATO,11,   911079T,08/12/2025,,,,,"0,24","34,1",,,"8,18",,,,,T251208
,,,Total albarán 11911079T,,,,,,,,"0,24",,,,"8,18",,,,,
MBB003,,,KG. LENGUAS DE GATO,11,   911082T,08/12/2025,,,,,"0,25","34,1",,,"8,53",,,,,T251208
,,,Total albarán 11911082T,,,,,,,,"0,25",,,,"8,53",,,,,
MTU002,,,UD. TURRON JIJONA 300 GR.,11,   911083T,08/12/2025,,,,,1,"12,1",,,"12,1",,,,,T251208
,,,Total albarán 11911083T,,,,,,,,1,,,,"12,1",,,,,
MFA001,,,KG. FRUTA ESCARCHADA,11,   911096T,08/12/2025,,,,,"0,14","29,7",,,"4,16",,,,,T251208
,,,Total albarán 11911096T,,,,,,,,"0,14",,,,"4,16",,,,,
MFA002,,,KG. FRUTAS DE ARAGON,11,   911104T,08/12/2025,,,,,"0,1",33,,,"3,3",,,,,T251208
,,,Total albarán 11911104T,,,,,,,,"0,1",,,,"3,3",,,,,
MFA001,,,KG. FRUTA ESCARCHADA,11,   911106T,08/12/2025,,,,,"0,21","29,7",,,"6,24",,,,,T251208
,,,Total albarán 11911106T,,,,,,,,"0,21",,,,"6,24",,,,,
MCN001S,,,UD. CHUPA CHUPS GRANDE,11,   911109T,08/12/2025,,,,,1,1,,,1,,,,,T251208
MCG006A,,,UD. SOMBRILLA DE CHOCOLATE 15 GMS.,11,   911109T,08/12/2025,,,,,1,"1,1",,,"1,1",,,,,T251208
MCG007A,,,UD. BOLSA MONEDAS CHOCOLATE 50 gm.,11,   911109T,08/12/2025,,,,,1,"1,65",,,"1,65",,,,,T251208
MTU010,,,KG. ALMENDRAS RELLENAS,11,   911109T,08/12/2025,,,,,"0,11","41,8",,,"4,6",,,,,T251208
,,,Total albarán 11911109T,,,,,,,,"3,11",,,,"8,35",,,,,
MFA004,,,KG. MARRON GLACE,11,   911111T,08/12/2025,,,,,"0,58","61,6",,,"35,73",,,,,T251208
,,,Total albarán 11911111T,,,,,,,,"0,58",,,,"35,73",,,,,
MFA001,,,KG. FRUTA ESCARCHADA,11,   911112T,08/12/2025,,,,,"0,5","29,7",,,"14,85",,,,,T251208
MTU011,,,KG. PASTELES YEMA,11,   911112T,08/12/2025,,,,,"0,15","38,5",,,"5,78",,,,,T251208
,04/03/2026 20:10:38,,,,,,,,,,,,,,,,,Página: 27,,
,,,Total albarán 11911112T,,,,,,,,"0,65",,,,"20,63",,,,,
MFA001,,,KG. FRUTA ESCARCHADA,11,   911113T,08/12/2025,,,,,"0,4","29,7",,,"11,88",,,,,T251208
,,,Total albarán 11911113T,,,,,,,,"0,4",,,,"11,88",,,,,
MTU016,,,KG. POLVORONES Y MANTECADOS,11,   911121T,08/12/2025,,,,,"0,135","19,8",,,"2,67",,,,,T251208
MFA001,,,KG. FRUTA ESCARCHADA,11,   911121T,08/12/2025,,,,,"0,265","29,7",,,"7,87",,,,,T251208
,,,Total albarán 11911121T,,,,,,,,"0,4",,,,"10,54",,,,,
MTU010,,,KG. ALMENDRAS RELLENAS,11,   911122T,08/12/2025,,,,,"0,04","41,8",,,"1,67",,,,,T251208
,,,Total albarán 11911122T,,,,,,,,"0,04",,,,"1,67",,,,,
MFA001,,,KG. FRUTA ESCARCHADA,11,   911131T,08/12/2025,,,,,"0,03","29,7",,,"0,89",,,,,T251208
MBB001,,,KG. BOMBONES SURTIDOS,11,   911131T,08/12/2025,,,,,"0,05","51,7",,,"2,59",,,,,T251208
,,,Total albarán 11911131T,,,,,,,,"0,08",,,,"3,48",,,,,
MTU010,,,KG. ALMENDRAS RELLENAS,11,   911134T,08/12/2025,,,,,"0,195","41,8",,,"8,15",,,,,T251208
,,,Total albarán 11911134T,,,,,,,,"0,195",,,,"8,15",,,,,
MCN011,,,UD. MELODY POPS,11,   911143T,08/12/2025,,,,,1,"0,66",,,"0,66",,,,,T251208
,,,Total albarán 11911143T,,,,,,,,1,,,,"0,66",,,,,
MFA004,,,KG. MARRON GLACE,11,   911146T,08/12/2025,,,,,"0,065","61,6",,,4,,,,,T251208
,,,Total albarán 11911146T,,,,,,,,"0,065",,,,4,,,,,
MCK015A,,,UD. TUBO MENTOS FRUTAS 38 GR.,11,   911151T,08/12/2025,,,,,1,"1,1",,,"1,1",,,,,T251208
MCG005,,,UD. SOMBRILLA DE CHOCOLATE 10 GMS.,11,   911151T,08/12/2025,,,,,2,"0,9",,,"1,8",,,,,T251208
,,,Total albarán 11911151T,,,,,,,,3,,,,"2,9",,,,,
MBB001,,,KG. BOMBONES SURTIDOS,11,   911172T,08/12/2025,,,,,"0,285","51,7",,,"14,73",,,,,T251208
,,,Total albarán 11911172T,,,,,,,,"0,285",,,,"14,73",,,,,
MTU002,,,UD. TURRON JIJONA 300 GR.,11,   911176T,08/12/2025,,,,,1,"12,1",,,"12,1",,,,,T251208
,,,Total albarán 11911176T,,,,,,,,1,,,,"12,1",,,,,
MCG005,,,UD. SOMBRILLA DE CHOCOLATE 10 GMS.,11,   911189T,08/12/2025,,,,,2,"0,9",,,"1,8",,,,,T251208
,,,Total albarán 11911189T,,,,,,,,2,,,,"1,8",,,,,
MTU002,,,UD. TURRON JIJONA 300 GR.,11,   911213T,08/12/2025,,,,,1,"12,1",,,"12,1",,,,,T251208
MTU001,,,UD. TURRON ALICANTE 300 GR.,11,   911213T,08/12/2025,,,,,1,"12,1",,,"12,1",,,,,T251208
,,,Total albarán 11911213T,,,,,,,,2,,,,"24,2",,,,,
MVH012,,,UD. BOTELLA COCA COLA,11,   911227T,08/12/2025,,,,,1,2,,,2,,,,,T251208
,,,Total albarán 11911227T,,,,,,,,1,,,,2,,,,,
,04/03/2026 20:10:38,,,,,,,,,,,,,,,,,Página: 28,,
MVH010B,,,UD. BOTELLA AGUA 1/2 L. AQUABONA,11,   911260T,08/12/2025,,,,,1,"1,1",,,"1,1",,,,,T251208
,,,Total albarán 11911260T,,,,,,,,1,,,,"1,1",,,,,
MCG001F,,,UD. HUEVO PATRULLA CANINA,11,   911274T,08/12/2025,,,,,1,"1,5",,,"1,5",,,,,T251208
,,,Total albarán 11911274T,,,,,,,,1,,,,"1,5",,,,,
MFA004,,,KG. MARRON GLACE,11,   911287T,08/12/2025,,,,,"0,055","61,6",,,"3,39",,,,,T251208
,,,Total albarán 11911287T,,,,,,,,"0,055",,,,"3,39",,,,,
MBB003,,,KG. LENGUAS DE GATO,11,   911288T,08/12/2025,,,,,"0,52","34,1",,,"17,73",,,,,T251208
,,,Total albarán 11911288T,,,,,,,,"0,52",,,,"17,73",,,,,
MTU016,,,KG. POLVORONES Y MANTECADOS,11,   911324T,08/12/2025,,,,,"0,44","19,8",,,"8,71",,,,,T251208
,,,Total albarán 11911324T,,,,,,,,"0,44",,,,"8,71",,,,,
MTU016A,,,KG. MANTECADOS FELIPE II,11,   911336T,08/12/2025,,,,,"0,3",55,,,"16,5",,,,,T251208
,,,Total albarán 11911336T,,,,,,,,"0,3",,,,"16,5",,,,,
MVH010B,,,UD. BOTELLA AGUA 1/2 L. AQUABONA,11,   911352T,08/12/2025,,,,,1,"1,1",,,"1,1",,,,,T251208
,,,Total albarán 11911352T,,,,,,,,1,,,,"1,1",,,,,
MTU011,,,KG. PASTELES YEMA,11,   911355T,08/12/2025,,,,,"0,28","38,5",,,"10,78",,,,,T251208
,,,Total albarán 11911355T,,,,,,,,"0,28",,,,"10,78",,,,,
MVH010B,,,UD. BOTELLA AGUA 1/2 L. AQUABONA,11,   911359T,08/12/2025,,,,,1,"1,1",,,"1,1",,,,,T251208
,,,Total albarán 11911359T,,,,,,,,1,,,,"1,1",,,,,
MCN001,,,UD. CHUPA CHUPS,11,   911377T,08/12/2025,,,,,2,"0,3",,,"0,6",,,,,T251208
,,,Total albarán 11911377T,,,,,,,,2,,,,"0,6",,,,,
MCG005,,,UD. SOMBRILLA DE CHOCOLATE 10 GMS.,11,   911383T,08/12/2025,,,,,2,"0,9",,,"1,8",,,,,T251208
,,,Total albarán 11911383T,,,,,,,,2,,,,"1,8",,,,,
MFA001,,,KG. FRUTA ESCARCHADA,11,   911384T,08/12/2025,,,,,"0,5","29,7",,,"14,85",,,,,T251208
,,,Total albarán 11911384T,,,,,,,,"0,5",,,,"14,85",,,,,
MTU019,,,UD. BOLSA PIÑONES 150 GR.,11,   911387T,08/12/2025,,,,,1,11,,,11,,,,,T251208
,,,Total albarán 11911387T,,,,,,,,1,,,,11,,,,,
MBB003,,,KG. LENGUAS DE GATO,11,   911397T,08/12/2025,,,,,"0,16","34,1",,,"5,46",,,,,T251208
MVH010B,,,UD. BOTELLA AGUA 1/2 L. AQUABONA,11,   911397T,08/12/2025,,,,,1,"1,1",,,"1,1",,,,,T251208
,,,Total albarán 11911397T,,,,,,,,"1,16",,,,"6,56",,,,,
MBE000E,,,UD. ESTUCHE BOMBONES SURTIDOS 200 GR.,11,   911401T,08/12/2025,,,,,2,12,,,24,,,,,T251208
,04/03/2026 20:10:38,,,,,,,,,,,,,,,,,Página: 29,,
,,,Total albarán 11911401T,,,,,,,,2,,,,24,,,,,
MTU010,,,KG. ALMENDRAS RELLENAS,11,   911404T,08/12/2025,,,,,"0,25","41,8",,,"10,45",,,,,T251208
,,,Total albarán 11911404T,,,,,,,,"0,25",,,,"10,45",,,,,
MVH010B,,,UD. BOTELLA AGUA 1/2 L. AQUABONA,11,   911408T,08/12/2025,,,,,1,"1,1",,,"1,1",,,,,T251208
,,,Total albarán 11911408T,,,,,,,,1,,,,"1,1",,,,,
MTU010,,,KG. ALMENDRAS RELLENAS,11,   911413T,08/12/2025,,,,,"0,07","41,8",,,"2,93",,,,,T251208
,,,Total albarán 11911413T,,,,,,,,"0,07",,,,"2,93",,,,,
MVH010B,,,UD. BOTELLA AGUA 1/2 L. AQUABONA,11,   911415T,08/12/2025,,,,,2,"1,1",,,"2,2",,,,,T251208
,,,Total albarán 11911415T,,,,,,,,2,,,,"2,2",,,,,
MVH008,,,"UD. AGUA MINERAL DE 1, 5 L. AQUABONA",11,   911416T,08/12/2025,,,,,1,"1,75",,,"1,75",,,,,T251208
,,,Total albarán 11911416T,,,,,,,,1,,,,"1,75",,,,,
MFA001,,,KG. FRUTA ESCARCHADA,11,   911418T,08/12/2025,,,,,"0,5","29,7",,,"14,85",,,,,T251208
,,,Total albarán 11911418T,,,,,,,,"0,5",,,,"14,85",,,,,
MBE000E,,,UD. ESTUCHE BOMBONES SURTIDOS 200 GR.,11,   911419T,08/12/2025,,,,,1,12,,,12,,,,,T251208
,,,Total albarán 11911419T,,,,,,,,1,,,,12,,,,,
MTU010,,,KG. ALMENDRAS RELLENAS,11,   911424T,08/12/2025,,,,,"0,3","41,8",,,"12,54",,,,,T251208
,,,Total albarán 11911424T,,,,,,,,"0,3",,,,"12,54",,,,,
MBB003,,,KG. LENGUAS DE GATO,11,   911433T,08/12/2025,,,,,"0,3","34,1",,,"10,23",,,,,T251208
,,,Total albarán 11911433T,,,,,,,,"0,3",,,,"10,23",,,,,
MBB003,,,KG. LENGUAS DE GATO,11,   911435T,08/12/2025,,,,,"0,045","34,1",,,"1,53",,,,,T251208
,,,Total albarán 11911435T,,,,,,,,"0,045",,,,"1,53",,,,,
MTU010,,,KG. ALMENDRAS RELLENAS,11,   911442T,08/12/2025,,,,,"0,15","41,8",,,"6,27",,,,,T251208
,,,Total albarán 11911442T,,,,,,,,"0,15",,,,"6,27",,,,,
MTU018,,,UD. BOLSA PELADILLA 150 GR.,11,   911450T,08/12/2025,,,,,1,"6,05",,,"6,05",,,,,T251208
MTU019,,,UD. BOLSA PIÑONES 150 GR.,11,   911450T,08/12/2025,,,,,1,11,,,11,,,,,T251208
MCK015A,,,UD. TUBO MENTOS FRUTAS 38 GR.,11,   911450T,08/12/2025,,,,,1,"1,1",,,"1,1",,,,,T251208
,,,Total albarán 11911450T,,,,,,,,3,,,,"18,15",,,,,
MTU016,,,KG. POLVORONES Y MANTECADOS,11,   911451T,08/12/2025,,,,,"0,2","19,8",,,"3,96",,,,,T251208
,,,Total albarán 11911451T,,,,,,,,"0,2",,,,"3,96",,,,,
MTU016,,,KG. POLVORONES Y MANTECADOS,11,   911468T,08/12/2025,,,,,"0,225","19,8",,,"4,46",,,,,T251208
,04/03/2026 20:10:38,,,,,,,,,,,,,,,,,Página: 30,,
,,,Total albarán 11911468T,,,,,,,,"0,225",,,,"4,46",,,,,
MBB003,,,KG. LENGUAS DE GATO,11,   911470T,08/12/2025,,,,,"0,075","34,1",,,"2,56",,,,,T251208
,,,Total albarán 11911470T,,,,,,,,"0,075",,,,"2,56",,,,,
MFA001,,,KG. FRUTA ESCARCHADA,11,   911475T,08/12/2025,,,,,"0,5","29,7",,,"14,85",,,,,T251208
,,,Total albarán 11911475T,,,,,,,,"0,5",,,,"14,85",,,,,
MVH008,,,"UD. AGUA MINERAL DE 1, 5 L. AQUABONA",11,   911490T,08/12/2025,,,,,1,"1,75",,,"1,75",,,,,T251208
,,,Total albarán 11911490T,,,,,,,,1,,,,"1,75",,,,,
MTU016,,,KG. POLVORONES Y MANTECADOS,11,   911492T,08/12/2025,,,,,"0,52","19,8",,,"10,3",,,,,T251208
,,,Total albarán 11911492T,,,,,,,,"0,52",,,,"10,3",,,,,
MTU011,,,KG. PASTELES YEMA,11,   911496T,08/12/2025,,,,,"0,185","38,5",,,"7,12",,,,,T251208
,,,Total albarán 11911496T,,,,,,,,"0,185",,,,"7,12",,,,,
MVH010B,,,UD. BOTELLA AGUA 1/2 L. AQUABONA,11,   911498T,09/12/2025,,,,,1,"1,1",,,"1,1",,,,,T251209
,,,Total albarán 11911498T,,,,,,,,1,,,,"1,1",,,,,
MVH008,,,"UD. AGUA MINERAL DE 1, 5 L. AQUABONA",11,   911501T,09/12/2025,,,,,1,"1,75",,,"1,75",,,,,T251209
,,,Total albarán 11911501T,,,,,,,,1,,,,"1,75",,,,,
MBB001,,,KG. BOMBONES SURTIDOS,11,   911511T,09/12/2025,,,,,"0,25","51,7",,,"12,93",,,,,T251209
,,,Total albarán 11911511T,,,,,,,,"0,25",,,,"12,93",,,,,
MVH010B,,,UD. BOTELLA AGUA 1/2 L. AQUABONA,11,   911523T,09/12/2025,,,,,1,"1,1",,,"1,1",,,,,T251209
,,,Total albarán 11911523T,,,,,,,,1,,,,"1,1",,,,,
MTU016,,,KG. POLVORONES Y MANTECADOS,11,   911526T,09/12/2025,,,,,"0,77","19,8",,,"15,25",,,,,T251209
,,,Total albarán 11911526T,,,,,,,,"0,77",,,,"15,25",,,,,
MBB001,,,KG. BOMBONES SURTIDOS,11,   911535T,09/12/2025,,,,,"0,2","51,7",,,"10,34",,,,,T251209
,,,Total albarán 11911535T,,,,,,,,"0,2",,,,"10,34",,,,,
MCN001,,,UD. CHUPA CHUPS,11,   911540T,09/12/2025,,,,,5,"0,3",,,"1,5",,,,,T251209
,,,Total albarán 11911540T,,,,,,,,5,,,,"1,5",,,,,
MVA001,,,UD. VELA NUMERO,11,   911541T,09/12/2025,,,,,2,"0,99",,,"1,98",,,,,T251209
,,,Total albarán 11911541T,,,,,,,,2,,,,"1,98",,,,,
MTU011,,,KG. PASTELES YEMA,11,   911550T,09/12/2025,,,,,"0,25","38,5",,,"9,63",,,,,T251209
,,,Total albarán 11911550T,,,,,,,,"0,25",,,,"9,63",,,,,
MCO004L,,,UD. BOTE TRIDENT MENTA,11,   911559T,09/12/2025,,,,,1,"3,5",,,"3,5",,,,,T251209
,04/03/2026 20:10:39,,,,,,,,,,,,,,,,,Página: 31,,
,,,Total albarán 11911559T,,,,,,,,1,,,,"3,5",,,,,
MBB003,,,KG. LENGUAS DE GATO,11,   911561T,09/12/2025,,,,,"0,03","34,1",,,"1,02",,,,,T251209
,,,Total albarán 11911561T,,,,,,,,"0,03",,,,"1,02",,,,,
MTU011,,,KG. PASTELES YEMA,11,   911572T,09/12/2025,,,,,"0,4","38,5",,,"15,4",,,,,T251209
,,,Total albarán 11911572T,,,,,,,,"0,4",,,,"15,4",,,,,
MVH010B,,,UD. BOTELLA AGUA 1/2 L. AQUABONA,11,   911577T,09/12/2025,,,,,1,"1,1",,,"1,1",,,,,T251209
,,,Total albarán 11911577T,,,,,,,,1,,,,"1,1",,,,,
MCK015A,,,UD. TUBO MENTOS FRUTAS 38 GR.,11,   911579T,09/12/2025,,,,,2,"1,1",,,"2,2",,,,,T251209
,,,Total albarán 11911579T,,,,,,,,2,,,,"2,2",,,,,
MVH008,,,"UD. AGUA MINERAL DE 1, 5 L. AQUABONA",11,   911580T,09/12/2025,,,,,1,"1,75",,,"1,75",,,,,T251209
,,,Total albarán 11911580T,,,,,,,,1,,,,"1,75",,,,,
MTU018,,,UD. BOLSA PELADILLA 150 GR.,11,   911589T,09/12/2025,,,,,1,"6,05",,,"6,05",,,,,T251209
,,,Total albarán 11911589T,,,,,,,,1,,,,"6,05",,,,,
MFA004,,,KG. MARRON GLACE,11,   911591T,09/12/2025,,,,,"0,24","61,6",,,"14,78",,,,,T251209
,,,Total albarán 11911591T,,,,,,,,"0,24",,,,"14,78",,,,,
MTU010,,,KG. ALMENDRAS RELLENAS,11,   911592T,09/12/2025,,,,,"0,12","41,8",,,"5,02",,,,,T251209
MTU012,,,KG. PASTELES YEMA-CHOCOLATE,11,   911592T,09/12/2025,,,,,"0,04","38,5",,,"1,54",,,,,T251209
MTU016,,,KG. POLVORONES Y MANTECADOS,11,   911592T,09/12/2025,,,,,"0,085","19,8",,,"1,68",,,,,T251209
,,,Total albarán 11911592T,,,,,,,,"0,245",,,,"8,24",,,,,
MCG005,,,UD. SOMBRILLA DE CHOCOLATE 10 GMS.,11,   911603T,09/12/2025,,,,,2,"0,9",,,"1,8",,,,,T251209
,,,Total albarán 11911603T,,,,,,,,2,,,,"1,8",,,,,
MTU010,,,KG. ALMENDRAS RELLENAS,11,   911605T,09/12/2025,,,,,"0,09","41,8",,,"3,76",,,,,T251209
,,,Total albarán 11911605T,,,,,,,,"0,09",,,,"3,76",,,,,
MTU011,,,KG. PASTELES YEMA,11,   911626T,09/12/2025,,,,,"0,075","38,5",,,"2,89",,,,,T251209
,,,Total albarán 11911626T,,,,,,,,"0,075",,,,"2,89",,,,,
MCF016Y,,,UD. CHOC. SIN AZU. AÑA. CON LECHE S. COLL 85 GR.,11,   911628T,09/12/2025,,,,,2,"3,3",,,"6,6",,,,,T251209
,,,Total albarán 11911628T,,,,,,,,2,,,,"6,6",,,,,
MCJ003D,,,UD. BOLSA CARAMELO NARANJA 175 GR.,11,   911630T,09/12/2025,,,,,1,"3,3",,,"3,3",,,,,T251209
,,,Total albarán 11911630T,,,,,,,,1,,,,"3,3",,,,,
MBB003,,,KG. LENGUAS DE GATO,11,   911631T,09/12/2025,,,,,"0,32","34,1",,,"10,91",,,,,T251209
,04/03/2026 20:10:39,,,,,,,,,,,,,,,,,Página: 32,,
MBB001,,,KG. BOMBONES SURTIDOS,11,   911631T,09/12/2025,,,,,"0,145","51,7",,,"7,5",,,,,T251209
,,,Total albarán 11911631T,,,,,,,,"0,465",,,,"18,41",,,,,
MBB003,,,KG. LENGUAS DE GATO,11,   911658T,09/12/2025,,,,,"0,03","34,1",,,"1,02",,,,,T251209
,,,Total albarán 11911658T,,,,,,,,"0,03",,,,"1,02",,,,,
MVH012,,,UD. BOTELLA COCA COLA,11,   911662T,09/12/2025,,,,,1,2,,,2,,,,,T251209
,,,Total albarán 11911662T,,,,,,,,1,,,,2,,,,,
MCG007C,,,UD. MEDALLON SANTO TOME 60 GR.,11,   911667T,09/12/2025,,,,,3,"2,75",,,"8,25",,,,,T251209
,,,Total albarán 11911667T,,,,,,,,3,,,,"8,25",,,,,
MTU010,,,KG. ALMENDRAS RELLENAS,11,   911699T,09/12/2025,,,,,"0,025","41,8",,,"1,05",,,,,T251209
,,,Total albarán 11911699T,,,,,,,,"0,025",,,,"1,05",,,,,
MVH008,,,"UD. AGUA MINERAL DE 1, 5 L. AQUABONA",11,   911709T,09/12/2025,,,,,1,"1,75",,,"1,75",,,,,T251209
,,,Total albarán 11911709T,,,,,,,,1,,,,"1,75",,,,,
MVH010B,,,UD. BOTELLA AGUA 1/2 L. AQUABONA,11,   911716T,09/12/2025,,,,,2,"1,1",,,"2,2",,,,,T251209
,,,Total albarán 11911716T,,,,,,,,2,,,,"2,2",,,,,
MTU016A,,,KG. MANTECADOS FELIPE II,11,   911728T,09/12/2025,,,,,"0,31",55,,,"17,05",,,,,T251209
,,,Total albarán 11911728T,,,,,,,,"0,31",,,,"17,05",,,,,
MFA001,,,KG. FRUTA ESCARCHADA,11,   911739T,09/12/2025,,,,,"0,09","29,7",,,"2,67",,,,,T251209
,,,Total albarán 11911739T,,,,,,,,"0,09",,,,"2,67",,,,,
MBB001,,,KG. BOMBONES SURTIDOS,11,   911741T,09/12/2025,,,,,"0,045","51,7",,,"2,33",,,,,T251209
,,,Total albarán 11911741T,,,,,,,,"0,045",,,,"2,33",,,,,
MBB001,,,KG. BOMBONES SURTIDOS,11,   911775T,09/12/2025,,,,,"0,1","51,7",,,"5,17",,,,,T251209
MBB003,,,KG. LENGUAS DE GATO,11,   911775T,09/12/2025,,,,,"0,08","34,1",,,"2,73",,,,,T251209
,,,Total albarán 11911775T,,,,,,,,"0,18",,,,"7,9",,,,,
MCG006A,,,UD. SOMBRILLA DE CHOCOLATE 15 GMS.,11,   911778T,09/12/2025,,,,,1,"1,1",,,"1,1",,,,,T251209
,,,Total albarán 11911778T,,,,,,,,1,,,,"1,1",,,,,
MBB001,,,KG. BOMBONES SURTIDOS,11,   911781T,09/12/2025,,,,,"0,435","51,7",,,"22,49",,,,,T251209
MVH010B,,,UD. BOTELLA AGUA 1/2 L. AQUABONA,11,   911781T,09/12/2025,,,,,1,"1,1",,,"1,1",,,,,T251209
,,,Total albarán 11911781T,,,,,,,,"1,435",,,,"23,59",,,,,
MTU010,,,KG. ALMENDRAS RELLENAS,11,   911785T,09/12/2025,,,,,"0,07","41,8",,,"2,93",,,,,T251209
,,,Total albarán 11911785T,,,,,,,,"0,07",,,,"2,93",,,,,
MTU010,,,KG. ALMENDRAS RELLENAS,11,   911795T,09/12/2025,,,,,"0,01","41,8",,,"0,42",,,,,T251209
,04/03/2026 20:10:39,,,,,,,,,,,,,,,,,Página: 33,,
,,,Total albarán 11911795T,,,,,,,,"0,01",,,,"0,42",,,,,
MTU016A,,,KG. MANTECADOS FELIPE II,11,   911801T,09/12/2025,,,,,"0,16",55,,,"8,8",,,,,T251209
,,,Total albarán 11911801T,,,,,,,,"0,16",,,,"8,8",,,,,
MTU001,,,UD. TURRON ALICANTE 300 GR.,11,   911802T,09/12/2025,,,,,1,"12,1",,,"12,1",,,,,T251209
,,,Total albarán 11911802T,,,,,,,,1,,,,"12,1",,,,,
MTU011,,,KG. PASTELES YEMA,11,   911803T,09/12/2025,,,,,"0,5","38,5",,,"19,25",,,,,T251209
,,,Total albarán 11911803T,,,,,,,,"0,5",,,,"19,25",,,,,
MVH010B,,,UD. BOTELLA AGUA 1/2 L. AQUABONA,11,   911805T,09/12/2025,,,,,1,"1,1",,,"1,1",,,,,T251209
,,,Total albarán 11911805T,,,,,,,,1,,,,"1,1",,,,,
MVH012A,,,UD. BOTELLA COCA COLA ZERO,11,   911826T,09/12/2025,,,,,1,2,,,2,,,,,T251209
,,,Total albarán 11911826T,,,,,,,,1,,,,2,,,,,
MCG005,,,UD. SOMBRILLA DE CHOCOLATE 10 GMS.,11,   911834T,09/12/2025,,,,,4,"0,9",,,"3,6",,,,,T251209
,,,Total albarán 11911834T,,,,,,,,4,,,,"3,6",,,,,
MVA001,,,UD. VELA NUMERO,11,   911843T,09/12/2025,,,,,2,"0,99",,,"1,98",,,,,T251209
,,,Total albarán 11911843T,,,,,,,,2,,,,"1,98",,,,,
MVH008,,,"UD. AGUA MINERAL DE 1, 5 L. AQUABONA",11,   911845T,09/12/2025,,,,,1,"1,75",,,"1,75",,,,,T251209
,,,Total albarán 11911845T,,,,,,,,1,,,,"1,75",,,,,
MVH010B,,,UD. BOTELLA AGUA 1/2 L. AQUABONA,11,   911846T,09/12/2025,,,,,1,"1,1",,,"1,1",,,,,T251209
,,,Total albarán 11911846T,,,,,,,,1,,,,"1,1",,,,,
MTU016,,,KG. POLVORONES Y MANTECADOS,11,   911859T,10/12/2025,,,,,"0,5","19,8",,,"9,9",,,,,T251210
,,,Total albarán 11911859T,,,,,,,,"0,5",,,,"9,9",,,,,
MFA001,,,KG. FRUTA ESCARCHADA,11,   911861T,10/12/2025,,,,,"0,435","29,7",,,"12,92",,,,,T251210
MTU012,,,KG. PASTELES YEMA-CHOCOLATE,11,   911861T,10/12/2025,,,,,"0,9","38,5",,,"34,65",,,,,T251210
MTU019,,,UD. BOLSA PIÑONES 150 GR.,11,   911861T,10/12/2025,,,,,1,11,,,11,,,,,T251210
MTU002,,,UD. TURRON JIJONA 300 GR.,11,   911861T,10/12/2025,,,,,1,"12,1",,,"12,1",,,,,T251210
MBB001,,,KG. BOMBONES SURTIDOS,11,   911861T,10/12/2025,,,,,"0,6","51,7",,,"31,02",,,,,T251210
,,,Total albarán 11911861T,,,,,,,,"3,935",,,,"101,69",,,,,
MTU016,,,KG. POLVORONES Y MANTECADOS,11,   911864T,10/12/2025,,,,,"0,215","19,8",,,"4,26",,,,,T251210
,,,Total albarán 11911864T,,,,,,,,"0,215",,,,"4,26",,,,,
MBB001,,,KG. BOMBONES SURTIDOS,11,   911866T,10/12/2025,,,,,"0,23","51,7",,,"11,89",,,,,T251210
,04/03/2026 20:10:39,,,,,,,,,,,,,,,,,Página: 34,,
MBB001,,,KG. BOMBONES SURTIDOS,11,   911866T,10/12/2025,,,,,"0,22","51,7",,,"11,37",,,,,T251210
,,,Total albarán 11911866T,,,,,,,,"0,45",,,,"23,26",,,,,
MFA004,,,KG. MARRON GLACE,11,   911882T,10/12/2025,,,,,"0,175","61,6",,,"10,78",,,,,T251210
,,,Total albarán 11911882T,,,,,,,,"0,175",,,,"10,78",,,,,
MTU016,,,KG. POLVORONES Y MANTECADOS,11,   911897T,10/12/2025,,,,,"0,5","19,8",,,"9,9",,,,,T251210
,,,Total albarán 11911897T,,,,,,,,"0,5",,,,"9,9",,,,,
MTU016,,,KG. POLVORONES Y MANTECADOS,11,   911899T,10/12/2025,,,,,1,"19,8",,,"19,8",,,,,T251210
,,,Total albarán 11911899T,,,,,,,,1,,,,"19,8",,,,,
MCF015X,,,UD. CHOC. 100 GR. CACHET ORANGE & ALMONS 57 %,11,   911908T,10/12/2025,,,,,1,3,,,3,,,,,T251210
,,,Total albarán 11911908T,,,,,,,,1,,,,3,,,,,
MVH012,,,UD. BOTELLA COCA COLA,11,   911913T,10/12/2025,,,,,1,2,,,2,,,,,T251210
,,,Total albarán 11911913T,,,,,,,,1,,,,2,,,,,
MTU002,,,UD. TURRON JIJONA 300 GR.,11,   911926T,10/12/2025,,,,,1,"12,1",,,"12,1",,,,,T251210
,,,Total albarán 11911926T,,,,,,,,1,,,,"12,1",,,,,
MFA002,,,KG. FRUTAS DE ARAGON,11,   911936T,10/12/2025,,,,,"0,25",33,,,"8,25",,,,,T251210
,,,Total albarán 11911936T,,,,,,,,"0,25",,,,"8,25",,,,,
MFA004,,,KG. MARRON GLACE,11,   911945T,10/12/2025,,,,,"0,29","61,6",,,"17,86",,,,,T251210
,,,Total albarán 11911945T,,,,,,,,"0,29",,,,"17,86",,,,,
MCG005,,,UD. SOMBRILLA DE CHOCOLATE 10 GMS.,11,   911954T,10/12/2025,,,,,2,"0,9",,,"1,8",,,,,T251210
MCF050,,,UD. CHOCOLATE BLANCO AMATLLER 18 GR,11,   911954T,10/12/2025,,,,,2,"1,1",,,"2,2",,,,,T251210
,,,Total albarán 11911954T,,,,,,,,4,,,,4,,,,,
MTU016,,,KG. POLVORONES Y MANTECADOS,11,   911957T,10/12/2025,,,,,"0,235","19,8",,,"4,65",,,,,T251210
,,,Total albarán 11911957T,,,,,,,,"0,235",,,,"4,65",,,,,
MTU016A,,,KG. MANTECADOS FELIPE II,11,   911967T,10/12/2025,,,,,"0,23",55,,,"12,65",,,,,T251210
,,,Total albarán 11911967T,,,,,,,,"0,23",,,,"12,65",,,,,
MCG005,,,UD. SOMBRILLA DE CHOCOLATE 10 GMS.,11,   911989T,10/12/2025,,,,,2,"0,9",,,"1,8",,,,,T251210
,,,Total albarán 11911989T,,,,,,,,2,,,,"1,8",,,,,
MTU016A,,,KG. MANTECADOS FELIPE II,11,   911992T,10/12/2025,,,,,"0,04",55,,,"2,2",,,,,T251210
,,,Total albarán 11911992T,,,,,,,,"0,04",,,,"2,2",,,,,
MCJ003,,,UD. BOLSA CARAMELOS MIEL 175 GR.,11,   912002T,10/12/2025,,,,,1,"3,3",,,"3,3",,,,,T251210
,04/03/2026 20:10:39,,,,,,,,,,,,,,,,,Página: 35,,
,,,Total albarán 11912002T,,,,,,,,1,,,,"3,3",,,,,
MTU019,,,UD. BOLSA PIÑONES 150 GR.,11,   912016T,10/12/2025,,,,,1,11,,,11,,,,,T251210
,,,Total albarán 11912016T,,,,,,,,1,,,,11,,,,,
MTU002,,,UD. TURRON JIJONA 300 GR.,11,   912033T,10/12/2025,,,,,1,"12,1",,,"12,1",,,,,T251210
,,,Total albarán 11912033T,,,,,,,,1,,,,"12,1",,,,,
MTU016,,,KG. POLVORONES Y MANTECADOS,11,   912052T,10/12/2025,,,,,"0,5","19,8",,,"9,9",,,,,T251210
,,,Total albarán 11912052T,,,,,,,,"0,5",,,,"9,9",,,,,
MCN001,,,UD. CHUPA CHUPS,11,   912054T,10/12/2025,,,,,1,"0,3",,,"0,3",,,,,T251210
,,,Total albarán 11912054T,,,,,,,,1,,,,"0,3",,,,,
MFA001,,,KG. FRUTA ESCARCHADA,11,   912058T,10/12/2025,,,,,"0,295","29,7",,,"8,76",,,,,T251210
MTU010,,,KG. ALMENDRAS RELLENAS,11,   912058T,10/12/2025,,,,,"0,25","41,8",,,"10,45",,,,,T251210
,,,Total albarán 11912058T,,,,,,,,"0,545",,,,"19,21",,,,,
MVH010B,,,UD. BOTELLA AGUA 1/2 L. AQUABONA,11,   912069T,10/12/2025,,,,,3,"1,1",,,"3,3",,,,,T251210
,,,Total albarán 11912069T,,,,,,,,3,,,,"3,3",,,,,
MTU016,,,KG. POLVORONES Y MANTECADOS,11,   912076T,10/12/2025,,,,,"0,09","19,8",,,"1,78",,,,,T251210
,,,Total albarán 11912076T,,,,,,,,"0,09",,,,"1,78",,,,,
MVH010B,,,UD. BOTELLA AGUA 1/2 L. AQUABONA,11,   912100T,10/12/2025,,,,,1,"1,1",,,"1,1",,,,,T251210
,,,Total albarán 11912100T,,,,,,,,1,,,,"1,1",,,,,
MTU016A,,,KG. MANTECADOS FELIPE II,11,   912109T,10/12/2025,,,,,"0,04",55,,,"2,2",,,,,T251210
MTU016,,,KG. POLVORONES Y MANTECADOS,11,   912109T,10/12/2025,,,,,"0,075","19,8",,,"1,49",,,,,T251210
,,,Total albarán 11912109T,,,,,,,,"0,115",,,,"3,69",,,,,
MTU010,,,KG. ALMENDRAS RELLENAS,11,   912124T,10/12/2025,,,,,"0,4","41,8",,,"16,72",,,,,T251210
MTU016,,,KG. POLVORONES Y MANTECADOS,11,   912124T,10/12/2025,,,,,"0,5","19,8",,,"9,9",,,,,T251210
,,,Total albarán 11912124T,,,,,,,,"0,9",,,,"26,62",,,,,
MBB001,,,KG. BOMBONES SURTIDOS,11,   912141T,10/12/2025,,,,,"0,07","51,7",,,"3,62",,,,,T251210
,,,Total albarán 11912141T,,,,,,,,"0,07",,,,"3,62",,,,,
MBB003,,,KG. LENGUAS DE GATO,11,   912153T,11/12/2025,,,,,2,10,,,20,,,,,T251211
,,,Total albarán 11912153T,,,,,,,,2,,,,20,,,,,
MTU018,,,UD. BOLSA PELADILLA 150 GR.,11,   912165T,11/12/2025,,,,,1,"6,05",,,"6,05",,,,,T251211
,,,Total albarán 11912165T,,,,,,,,1,,,,"6,05",,,,,
,04/03/2026 20:10:39,,,,,,,,,,,,,,,,,Página: 36,,
MBB001,,,KG. BOMBONES SURTIDOS,11,   912169T,11/12/2025,,,,,"0,15","51,7",,,"7,76",,,,,T251211
,,,Total albarán 11912169T,,,,,,,,"0,15",,,,"7,76",,,,,
MTU018,,,UD. BOLSA PELADILLA 150 GR.,11,   912181T,11/12/2025,,,,,1,"6,05",,,"6,05",,,,,T251211
MTU019,,,UD. BOLSA PIÑONES 150 GR.,11,   912181T,11/12/2025,,,,,1,11,,,11,,,,,T251211
,,,Total albarán 11912181T,,,,,,,,2,,,,"17,05",,,,,
MTU002,,,UD. TURRON JIJONA 300 GR.,11,   912195T,11/12/2025,,,,,1,"12,1",,,"12,1",,,,,T251211
,,,Total albarán 11912195T,,,,,,,,1,,,,"12,1",,,,,
MBB003,,,KG. LENGUAS DE GATO,11,   912202T,11/12/2025,,,,,"0,3","34,1",,,"10,23",,,,,T251211
,,,Total albarán 11912202T,,,,,,,,"0,3",,,,"10,23",,,,,
MTU016,,,KG. POLVORONES Y MANTECADOS,11,   912207T,11/12/2025,,,,,"0,245","19,8",,,"4,85",,,,,T251211
MTU010,,,KG. ALMENDRAS RELLENAS,11,   912207T,11/12/2025,,,,,"0,1","41,8",,,"4,18",,,,,T251211
,,,Total albarán 11912207T,,,,,,,,"0,345",,,,"9,03",,,,,
MTU001,,,UD. TURRON ALICANTE 300 GR.,11,   912208T,11/12/2025,,,,,1,"12,1",,,"12,1",,,,,T251211
,,,Total albarán 11912208T,,,,,,,,1,,,,"12,1",,,,,
MCK005,,,UD. TUBO LACASITOS 20 GMS.,11,   912212T,11/12/2025,,,,,1,"1,1",,,"1,1",,,,,T251211
,,,Total albarán 11912212T,,,,,,,,1,,,,"1,1",,,,,
MTU016,,,KG. POLVORONES Y MANTECADOS,11,   912214T,11/12/2025,,,,,"0,22","19,8",,,"4,36",,,,,T251211
,,,Total albarán 11912214T,,,,,,,,"0,22",,,,"4,36",,,,,
MCG006A,,,UD. SOMBRILLA DE CHOCOLATE 15 GMS.,11,   912218T,11/12/2025,,,,,2,"1,1",,,"2,2",,,,,T251211
,,,Total albarán 11912218T,,,,,,,,2,,,,"2,2",,,,,
MCF015X,,,UD. CHOC. 100 GR. CACHET ORANGE & ALMONS 57 %,11,   912220T,11/12/2025,,,,,1,3,,,3,,,,,T251211
,,,Total albarán 11912220T,,,,,,,,1,,,,3,,,,,
MFA002,,,KG. FRUTAS DE ARAGON,11,   912221T,11/12/2025,,,,,"0,25",33,,,"8,25",,,,,T251211
,,,Total albarán 11912221T,,,,,,,,"0,25",,,,"8,25",,,,,
MTU011,,,KG. PASTELES YEMA,11,   912222T,11/12/2025,,,,,"0,165","38,5",,,"6,35",,,,,T251211
,,,Total albarán 11912222T,,,,,,,,"0,165",,,,"6,35",,,,,
MTU002,,,UD. TURRON JIJONA 300 GR.,11,   912226T,11/12/2025,,,,,1,"12,1",,,"12,1",,,,,T251211
,,,Total albarán 11912226T,,,,,,,,1,,,,"12,1",,,,,
MFA002,,,KG. FRUTAS DE ARAGON,11,   912256T,11/12/2025,,,,,"0,11",33,,,"3,63",,,,,T251211
,,,Total albarán 11912256T,,,,,,,,"0,11",,,,"3,63",,,,,
,04/03/2026 20:10:39,,,,,,,,,,,,,,,,,Página: 37,,
MFA001,,,KG. FRUTA ESCARCHADA,11,   912271T,11/12/2025,,,,,"0,5","29,7",,,"14,85",,,,,T251211
,,,Total albarán 11912271T,,,,,,,,"0,5",,,,"14,85",,,,,
MTU019,,,UD. BOLSA PIÑONES 150 GR.,11,   912273T,11/12/2025,,,,,1,11,,,11,,,,,T251211
,,,Total albarán 11912273T,,,,,,,,1,,,,11,,,,,
MFA004,,,KG. MARRON GLACE,11,   912279T,11/12/2025,,,,,"0,185","61,6",,,"11,4",,,,,T251211
,,,Total albarán 11912279T,,,,,,,,"0,185",,,,"11,4",,,,,
MTU002,,,UD. TURRON JIJONA 300 GR.,11,   912280T,11/12/2025,,,,,1,"12,1",,,"12,1",,,,,T251211
MTU001,,,UD. TURRON ALICANTE 300 GR.,11,   912280T,11/12/2025,,,,,1,"12,1",,,"12,1",,,,,T251211
MTU032,,,UD. TURRON CHOCO-LECHE P. ALM. CARAMELIZADA,11,   912280T,11/12/2025,,,,,1,"9,9",,,"9,9",,,,,T251211
,,,Total albarán 11912280T,,,,,,,,3,,,,"34,1",,,,,
MFA004,,,KG. MARRON GLACE,11,   912287T,11/12/2025,,,,,"0,3","61,6",,,"18,48",,,,,T251211
MVH012A,,,UD. BOTELLA COCA COLA ZERO,11,   912287T,11/12/2025,,,,,1,2,,,2,,,,,T251211
,,,Total albarán 11912287T,,,,,,,,"1,3",,,,"20,48",,,,,
MCG007A,,,UD. BOLSA MONEDAS CHOCOLATE 50 gm.,11,   912288T,11/12/2025,,,,,1,"1,65",,,"1,65",,,,,T251211
,,,Total albarán 11912288T,,,,,,,,1,,,,"1,65",,,,,
MVH012,,,UD. BOTELLA COCA COLA,11,   912292T,11/12/2025,,,,,1,2,,,2,,,,,T251211
,,,Total albarán 11912292T,,,,,,,,1,,,,2,,,,,
MTU016,,,KG. POLVORONES Y MANTECADOS,11,   912305T,11/12/2025,,,,,"0,51","19,8",,,"10,1",,,,,T251211
,,,Total albarán 11912305T,,,,,,,,"0,51",,,,"10,1",,,,,
MCG001I,,,UD. HUEVO HOTWHEELS,11,   912317T,11/12/2025,,,,,2,"1,5",,,3,,,,,T251211
MCK005,,,UD. TUBO LACASITOS 20 GMS.,11,   912317T,11/12/2025,,,,,2,"1,1",,,"2,2",,,,,T251211
,,,Total albarán 11912317T,,,,,,,,4,,,,"5,2",,,,,
MCG001H,,,UD. HUEVO BARBIE,11,   912322T,11/12/2025,,,,,2,"1,5",,,3,,,,,T251211
,,,Total albarán 11912322T,,,,,,,,2,,,,3,,,,,
MVH008,,,"UD. AGUA MINERAL DE 1, 5 L. AQUABONA",11,   912327T,11/12/2025,,,,,1,"1,75",,,"1,75",,,,,T251211
,,,Total albarán 11912327T,,,,,,,,1,,,,"1,75",,,,,
MFA002,,,KG. FRUTAS DE ARAGON,11,   912331T,11/12/2025,,,,,"0,115",33,,,"3,8",,,,,T251211
,,,Total albarán 11912331T,,,,,,,,"0,115",,,,"3,8",,,,,
MTU010,,,KG. ALMENDRAS RELLENAS,11,   912339T,11/12/2025,,,,,"0,02","41,8",,,"0,84",,,,,T251211
,,,Total albarán 11912339T,,,,,,,,"0,02",,,,"0,84",,,,,
,04/03/2026 20:10:39,,,,,,,,,,,,,,,,,Página: 38,,
MVH015,,,UD. BOTELLA AQUARIUS,11,   912360T,11/12/2025,,,,,1,2,,,2,,,,,T251211
,,,Total albarán 11912360T,,,,,,,,1,,,,2,,,,,
MTU016A,,,KG. MANTECADOS FELIPE II,11,   912368T,11/12/2025,,,,,"0,24",55,,,"13,2",,,,,T251211
,,,Total albarán 11912368T,,,,,,,,"0,24",,,,"13,2",,,,,
MFA001,,,KG. FRUTA ESCARCHADA,11,   912369T,11/12/2025,,,,,"0,3","29,7",,,"8,91",,,,,T251211
,,,Total albarán 11912369T,,,,,,,,"0,3",,,,"8,91",,,,,
MCO004L,,,UD. BOTE TRIDENT MENTA,11,   912380T,11/12/2025,,,,,1,"3,5",,,"3,5",,,,,T251211
,,,Total albarán 11912380T,,,,,,,,1,,,,"3,5",,,,,
MVH010B,,,UD. BOTELLA AGUA 1/2 L. AQUABONA,11,   912383T,11/12/2025,,,,,1,"1,1",,,"1,1",,,,,T251211
,,,Total albarán 11912383T,,,,,,,,1,,,,"1,1",,,,,
MTU001,,,UD. TURRON ALICANTE 300 GR.,11,   912384T,11/12/2025,,,,,1,"12,1",,,"12,1",,,,,T251211
,,,Total albarán 11912384T,,,,,,,,1,,,,"12,1",,,,,
MTU016,,,KG. POLVORONES Y MANTECADOS,11,   912390T,11/12/2025,,,,,"0,28","19,8",,,"5,54",,,,,T251211
,,,Total albarán 11912390T,,,,,,,,"0,28",,,,"5,54",,,,,
MFA004,,,KG. MARRON GLACE,11,   912395T,11/12/2025,,,,,"0,11","61,6",,,"6,78",,,,,T251211
,,,Total albarán 11912395T,,,,,,,,"0,11",,,,"6,78",,,,,
MFA001,,,KG. FRUTA ESCARCHADA,11,   912434T,11/12/2025,,,,,"0,27","29,7",,,"8,02",,,,,T251211
,,,Total albarán 11912434T,,,,,,,,"0,27",,,,"8,02",,,,,
MVH010B,,,UD. BOTELLA AGUA 1/2 L. AQUABONA,11,   912436T,11/12/2025,,,,,8,"1,1",,,"8,8",,,,,T251211
,,,Total albarán 11912436T,,,,,,,,8,,,,"8,8",,,,,
MBB003,,,KG. LENGUAS DE GATO,11,   912489T,11/12/2025,,,,,"0,2","34,1",,,"6,82",,,,,T251211
,,,Total albarán 11912489T,,,,,,,,"0,2",,,,"6,82",,,,,
MCG005,,,UD. SOMBRILLA DE CHOCOLATE 10 GMS.,11,   912491T,11/12/2025,,,,,1,"0,9",,,"0,9",,,,,T251211
MCG006A,,,UD. SOMBRILLA DE CHOCOLATE 15 GMS.,11,   912491T,11/12/2025,,,,,1,"1,1",,,"1,1",,,,,T251211
,,,Total albarán 11912491T,,,,,,,,2,,,,2,,,,,
MTU016,,,KG. POLVORONES Y MANTECADOS,11,   912501T,11/12/2025,,,,,"0,07","19,8",,,"1,39",,,,,T251211
,,,Total albarán 11912501T,,,,,,,,"0,07",,,,"1,39",,,,,
MFA001,,,KG. FRUTA ESCARCHADA,11,   912503T,11/12/2025,,,,,"0,295","29,7",,,"8,76",,,,,T251211
,,,Total albarán 11912503T,,,,,,,,"0,295",,,,"8,76",,,,,
MVH014,,,UD. BOTELLA NESTEA,11,   912526T,12/12/2025,,,,,1,2,,,2,,,,,T251212
,04/03/2026 20:10:39,,,,,,,,,,,,,,,,,Página: 39,,
,,,Total albarán 11912526T,,,,,,,,1,,,,2,,,,,
MTU016A,,,KG. MANTECADOS FELIPE II,11,   912534T,12/12/2025,,,,,"0,085",55,,,"4,68",,,,,T251212
,,,Total albarán 11912534T,,,,,,,,"0,085",,,,"4,68",,,,,
MVH012,,,UD. BOTELLA COCA COLA,11,   912544T,12/12/2025,,,,,1,2,,,2,,,,,T251212
,,,Total albarán 11912544T,,,,,,,,1,,,,2,,,,,
MBB003,,,KG. LENGUAS DE GATO,11,   912567T,12/12/2025,,,,,"0,265","34,1",,,"9,04",,,,,T251212
MBB003,,,KG. LENGUAS DE GATO,11,   912567T,12/12/2025,,,,,"0,275","34,1",,,"9,38",,,,,T251212
MVH010B,,,UD. BOTELLA AGUA 1/2 L. AQUABONA,11,   912567T,12/12/2025,,,,,1,"1,1",,,"1,1",,,,,T251212
,,,Total albarán 11912567T,,,,,,,,"1,54",,,,"19,52",,,,,
MTU010,,,KG. ALMENDRAS RELLENAS,11,   912580T,12/12/2025,,,,,1,"41,8",,,"41,8",,,,,T251212
,,,Total albarán 11912580T,,,,,,,,1,,,,"41,8",,,,,
MVH010B,,,UD. BOTELLA AGUA 1/2 L. AQUABONA,11,   912601T,12/12/2025,,,,,1,"1,1",,,"1,1",,,,,T251212
,,,Total albarán 11912601T,,,,,,,,1,,,,"1,1",,,,,
MTU010,,,KG. ALMENDRAS RELLENAS,11,   912608T,12/12/2025,,,,,"0,135","41,8",,,"5,64",,,,,T251212
,,,Total albarán 11912608T,,,,,,,,"0,135",,,,"5,64",,,,,
MTU016,,,KG. POLVORONES Y MANTECADOS,11,   912620T,12/12/2025,,,,,"0,5","19,8",,,"9,9",,,,,T251212
,,,Total albarán 11912620T,,,,,,,,"0,5",,,,"9,9",,,,,
MTU016,,,KG. POLVORONES Y MANTECADOS,11,   912623T,12/12/2025,,,,,"0,53","19,8",,,"10,49",,,,,T251212
,,,Total albarán 11912623T,,,,,,,,"0,53",,,,"10,49",,,,,
MBB003,,,KG. LENGUAS DE GATO,11,   912637T,12/12/2025,,,,,"0,03","34,1",,,"1,02",,,,,T251212
,,,Total albarán 11912637T,,,,,,,,"0,03",,,,"1,02",,,,,
MFA002,,,KG. FRUTAS DE ARAGON,11,   912638T,12/12/2025,,,,,"0,39",33,,,"12,87",,,,,T251212
,,,Total albarán 11912638T,,,,,,,,"0,39",,,,"12,87",,,,,
MTU016,,,KG. POLVORONES Y MANTECADOS,11,   912654T,12/12/2025,,,,,"0,29","19,8",,,"5,74",,,,,T251212
,,,Total albarán 11912654T,,,,,,,,"0,29",,,,"5,74",,,,,
MFA001,,,KG. FRUTA ESCARCHADA,11,   912655T,12/12/2025,,,,,"0,27","29,7",,,"8,02",,,,,T251212
MFA002,,,KG. FRUTAS DE ARAGON,11,   912655T,12/12/2025,,,,,"0,25",33,,,"8,25",,,,,T251212
,,,Total albarán 11912655T,,,,,,,,"0,52",,,,"16,27",,,,,
MBB003,,,KG. LENGUAS DE GATO,11,   912659T,12/12/2025,,,,,"0,2","34,1",,,"6,82",,,,,T251212
,,,Total albarán 11912659T,,,,,,,,"0,2",,,,"6,82",,,,,
MBB001,,,KG. BOMBONES SURTIDOS,11,   912663T,12/12/2025,,,,,"0,215","51,7",,,"11,12",,,,,T251212
,04/03/2026 20:10:39,,,,,,,,,,,,,,,,,Página: 40,,
,,,Total albarán 11912663T,,,,,,,,"0,215",,,,"11,12",,,,,
MCN001,,,UD. CHUPA CHUPS,11,   912672T,12/12/2025,,,,,1,"0,3",,,"0,3",,,,,T251212
,,,Total albarán 11912672T,,,,,,,,1,,,,"0,3",,,,,
MBB003,,,KG. LENGUAS DE GATO,11,   912673T,12/12/2025,,,,,"0,25","34,1",,,"8,53",,,,,T251212
,,,Total albarán 11912673T,,,,,,,,"0,25",,,,"8,53",,,,,
MCG005,,,UD. SOMBRILLA DE CHOCOLATE 10 GMS.,11,   912675T,12/12/2025,,,,,2,"0,9",,,"1,8",,,,,T251212
,,,Total albarán 11912675T,,,,,,,,2,,,,"1,8",,,,,
MTU019,,,UD. BOLSA PIÑONES 150 GR.,11,   912680T,12/12/2025,,,,,2,11,,,22,,,,,T251212
,,,Total albarán 11912680T,,,,,,,,2,,,,22,,,,,
MTU016A,,,KG. MANTECADOS FELIPE II,11,   912687T,12/12/2025,,,,,"0,045",55,,,"2,48",,,,,T251212
MTU010,,,KG. ALMENDRAS RELLENAS,11,   912687T,12/12/2025,,,,,"0,11","41,8",,,"4,6",,,,,T251212
,,,Total albarán 11912687T,,,,,,,,"0,155",,,,"7,08",,,,,
MCJ003F,,,UD. BOLSA CARAMELO MIEL - EUCALIPTO 175 GR.,11,   912692T,12/12/2025,,,,,1,"3,3",,,"3,3",,,,,T251212
MTU016A,,,KG. MANTECADOS FELIPE II,11,   912692T,12/12/2025,,,,,"0,38",55,,,"20,9",,,,,T251212
,,,Total albarán 11912692T,,,,,,,,"1,38",,,,"24,2",,,,,
MTU010,,,KG. ALMENDRAS RELLENAS,11,   912695T,12/12/2025,,,,,"0,05","41,8",,,"2,09",,,,,T251212
,,,Total albarán 11912695T,,,,,,,,"0,05",,,,"2,09",,,,,
MTU010,,,KG. ALMENDRAS RELLENAS,11,   912699T,12/12/2025,,,,,"0,05","41,8",,,"2,09",,,,,T251212
,,,Total albarán 11912699T,,,,,,,,"0,05",,,,"2,09",,,,,
MVH010B,,,UD. BOTELLA AGUA 1/2 L. AQUABONA,11,   912700T,12/12/2025,,,,,1,"1,1",,,"1,1",,,,,T251212
,,,Total albarán 11912700T,,,,,,,,1,,,,"1,1",,,,,
MBB003,,,KG. LENGUAS DE GATO,11,   912702T,12/12/2025,,,,,"0,25","34,1",,,"8,53",,,,,T251212
,,,Total albarán 11912702T,,,,,,,,"0,25",,,,"8,53",,,,,
MFA001,,,KG. FRUTA ESCARCHADA,11,   912706T,12/12/2025,,,,,"0,18","29,7",,,"5,35",,,,,T251212
,,,Total albarán 11912706T,,,,,,,,"0,18",,,,"5,35",,,,,
MBB003,,,KG. LENGUAS DE GATO,11,   912714T,12/12/2025,,,,,"0,07","34,1",,,"2,39",,,,,T251212
,,,Total albarán 11912714T,,,,,,,,"0,07",,,,"2,39",,,,,
MTU012,,,KG. PASTELES YEMA-CHOCOLATE,11,   912716T,12/12/2025,,,,,"0,57","38,5",,,"21,95",,,,,T251212
,,,Total albarán 11912716T,,,,,,,,"0,57",,,,"21,95",,,,,
MCG006A,,,UD. SOMBRILLA DE CHOCOLATE 15 GMS.,11,   912722T,12/12/2025,,,,,2,"1,1",,,"2,2",,,,,T251212
,,,Total albarán 11912722T,,,,,,,,2,,,,"2,2",,,,,
,04/03/2026 20:10:39,,,,,,,,,,,,,,,,,Página: 41,,
MTU016,,,KG. POLVORONES Y MANTECADOS,11,   912731T,12/12/2025,,,,,"0,42","19,8",,,"8,32",,,,,T251212
,,,Total albarán 11912731T,,,,,,,,"0,42",,,,"8,32",,,,,
MVH010B,,,UD. BOTELLA AGUA 1/2 L. AQUABONA,11,   912750T,12/12/2025,,,,,1,"1,1",,,"1,1",,,,,T251212
,,,Total albarán 11912750T,,,,,,,,1,,,,"1,1",,,,,
MVH012,,,UD. BOTELLA COCA COLA,11,   912756T,12/12/2025,,,,,1,2,,,2,,,,,T251212
MVH008,,,"UD. AGUA MINERAL DE 1, 5 L. AQUABONA",11,   912756T,12/12/2025,,,,,1,"1,75",,,"1,75",,,,,T251212
,,,Total albarán 11912756T,,,,,,,,2,,,,"3,75",,,,,
MVH010B,,,UD. BOTELLA AGUA 1/2 L. AQUABONA,11,   912765T,12/12/2025,,,,,1,"1,1",,,"1,1",,,,,T251212
,,,Total albarán 11912765T,,,,,,,,1,,,,"1,1",,,,,
MTU016,,,KG. POLVORONES Y MANTECADOS,11,   912772T,12/12/2025,,,,,"0,265","19,8",,,"5,25",,,,,T251212
,,,Total albarán 11912772T,,,,,,,,"0,265",,,,"5,25",,,,,
MVH010B,,,UD. BOTELLA AGUA 1/2 L. AQUABONA,11,   912781T,12/12/2025,,,,,1,"1,1",,,"1,1",,,,,T251212
,,,Total albarán 11912781T,,,,,,,,1,,,,"1,1",,,,,
MBB003,,,KG. LENGUAS DE GATO,11,   912782T,12/12/2025,,,,,"0,035","34,1",,,"1,19",,,,,T251212
,,,Total albarán 11912782T,,,,,,,,"0,035",,,,"1,19",,,,,
MVH012,,,UD. BOTELLA COCA COLA,11,   912786T,12/12/2025,,,,,1,2,,,2,,,,,T251212
,,,Total albarán 11912786T,,,,,,,,1,,,,2,,,,,
MFA001,,,KG. FRUTA ESCARCHADA,11,   912787T,12/12/2025,,,,,"0,165","29,7",,,"4,9",,,,,T251212
,,,Total albarán 11912787T,,,,,,,,"0,165",,,,"4,9",,,,,
MTU002,,,UD. TURRON JIJONA 300 GR.,11,   912795T,12/12/2025,,,,,2,"12,1",,,"24,2",,,,,T251212
,,,Total albarán 11912795T,,,,,,,,2,,,,"24,2",,,,,
MTU010,,,KG. ALMENDRAS RELLENAS,11,   912818T,12/12/2025,,,,,"0,015","41,8",,,"0,63",,,,,T251212
,,,Total albarán 11912818T,,,,,,,,"0,015",,,,"0,63",,,,,
MVH012A,,,UD. BOTELLA COCA COLA ZERO,11,   912820T,12/12/2025,,,,,1,2,,,2,,,,,T251212
,,,Total albarán 11912820T,,,,,,,,1,,,,2,,,,,
MTU001,,,UD. TURRON ALICANTE 300 GR.,11,   912824T,12/12/2025,,,,,2,"12,1",,,"24,2",,,,,T251212
,,,Total albarán 11912824T,,,,,,,,2,,,,"24,2",,,,,
MBB001,,,KG. BOMBONES SURTIDOS,11,   912829T,12/12/2025,,,,,"0,075","51,7",,,"3,88",,,,,T251212
,,,Total albarán 11912829T,,,,,,,,"0,075",,,,"3,88",,,,,
MTU016,,,KG. POLVORONES Y MANTECADOS,11,   912831T,12/12/2025,,,,,"0,5","19,8",,,"9,9",,,,,T251212
,04/03/2026 20:10:40,,,,,,,,,,,,,,,,,Página: 42,,
,,,Total albarán 11912831T,,,,,,,,"0,5",,,,"9,9",,,,,
MVH010B,,,UD. BOTELLA AGUA 1/2 L. AQUABONA,11,   912856T,12/12/2025,,,,,3,"1,1",,,"3,3",,,,,T251212
,,,Total albarán 11912856T,,,,,,,,3,,,,"3,3",,,,,
MFA001,,,KG. FRUTA ESCARCHADA,11,   912859T,12/12/2025,,,,,"0,38","29,7",,,"11,29",,,,,T251212
,,,Total albarán 11912859T,,,,,,,,"0,38",,,,"11,29",,,,,
MCN001S,,,UD. CHUPA CHUPS GRANDE,11,   912881T,12/12/2025,,,,,2,1,,,2,,,,,T251212
,,,Total albarán 11912881T,,,,,,,,2,,,,2,,,,,
MFA001,,,KG. FRUTA ESCARCHADA,11,   912893T,12/12/2025,,,,,"0,35","29,7",,,"10,4",,,,,T251212
,,,Total albarán 11912893T,,,,,,,,"0,35",,,,"10,4",,,,,
MTU010,,,KG. ALMENDRAS RELLENAS,11,   912909T,12/12/2025,,,,,"0,11","41,8",,,"4,6",,,,,T251212
,,,Total albarán 11912909T,,,,,,,,"0,11",,,,"4,6",,,,,
MBB001,,,KG. BOMBONES SURTIDOS,11,   912913T,12/12/2025,,,,,"0,065","51,7",,,"3,36",,,,,T251212
,,,Total albarán 11912913T,,,,,,,,"0,065",,,,"3,36",,,,,
MFA001,,,KG. FRUTA ESCARCHADA,11,   912936T,12/12/2025,,,,,"0,23","29,7",,,"6,83",,,,,T251212
,,,Total albarán 11912936T,,,,,,,,"0,23",,,,"6,83",,,,,
MCG007A,,,UD. BOLSA MONEDAS CHOCOLATE 50 gm.,11,   912952T,12/12/2025,,,,,1,"1,65",,,"1,65",,,,,T251212
,,,Total albarán 11912952T,,,,,,,,1,,,,"1,65",,,,,
MCN001,,,UD. CHUPA CHUPS,11,   912958T,12/12/2025,,,,,2,"0,3",,,"0,6",,,,,T251212
,,,Total albarán 11912958T,,,,,,,,2,,,,"0,6",,,,,
MFA004,,,KG. MARRON GLACE,11,   912962T,12/12/2025,,,,,"0,12","61,6",,,"7,39",,,,,T251212
,,,Total albarán 11912962T,,,,,,,,"0,12",,,,"7,39",,,,,
MBB001,,,KG. BOMBONES SURTIDOS,11,   912963T,12/12/2025,,,,,"0,4","51,7",,,"20,68",,,,,T251212
,,,Total albarán 11912963T,,,,,,,,"0,4",,,,"20,68",,,,,
MTU002,,,UD. TURRON JIJONA 300 GR.,11,   912989T,13/12/2025,,,,,1,"12,1",,,"12,1",,,,,T251213
,,,Total albarán 11912989T,,,,,,,,1,,,,"12,1",,,,,
MVH008,,,"UD. AGUA MINERAL DE 1, 5 L. AQUABONA",11,   913006T,13/12/2025,,,,,1,"1,75",,,"1,75",,,,,T251213
,,,Total albarán 11913006T,,,,,,,,1,,,,"1,75",,,,,
MVH010B,,,UD. BOTELLA AGUA 1/2 L. AQUABONA,11,   913007T,13/12/2025,,,,,1,"1,1",,,"1,1",,,,,T251213
,,,Total albarán 11913007T,,,,,,,,1,,,,"1,1",,,,,
MTU010,,,KG. ALMENDRAS RELLENAS,11,   913015T,13/12/2025,,,,,"0,25","41,8",,,"10,45",,,,,T251213
,,,Total albarán 11913015T,,,,,,,,"0,25",,,,"10,45",,,,,
,04/03/2026 20:10:40,,,,,,,,,,,,,,,,,Página: 43,,
MFA002,,,KG. FRUTAS DE ARAGON,11,   913020T,13/12/2025,,,,,"0,25",33,,,"8,25",,,,,T251213
,,,Total albarán 11913020T,,,,,,,,"0,25",,,,"8,25",,,,,
MTU016,,,KG. POLVORONES Y MANTECADOS,11,   913036T,13/12/2025,,,,,"0,51","19,8",,,"10,1",,,,,T251213
,,,Total albarán 11913036T,,,,,,,,"0,51",,,,"10,1",,,,,
MCJ003F,,,UD. BOLSA CARAMELO MIEL - EUCALIPTO 175 GR.,11,   913037T,13/12/2025,,,,,1,"3,3",,,"3,3",,,,,T251213
,,,Total albarán 11913037T,,,,,,,,1,,,,"3,3",,,,,
MBB003,,,KG. LENGUAS DE GATO,11,   913038T,13/12/2025,,,,,"0,02","34,1",,,"0,68",,,,,T251213
MBB001,,,KG. BOMBONES SURTIDOS,11,   913038T,13/12/2025,,,,,"0,02","51,7",,,"1,03",,,,,T251213
,,,Total albarán 11913038T,,,,,,,,"0,04",,,,"1,71",,,,,
MCF016R,,,UD. CHOC. 70% CACAO ALMENDRAS S. COLL 100 GR,11,   913040T,13/12/2025,,,,,1,"3,3",,,"3,3",,,,,T251213
MCK008R,,,UD. SMINT BUBLLE FRESH,11,   913040T,13/12/2025,,,,,1,"2,2",,,"2,2",,,,,T251213
,,,Total albarán 11913040T,,,,,,,,2,,,,"5,5",,,,,
MBB001,,,KG. BOMBONES SURTIDOS,11,   913050T,13/12/2025,,,,,"0,375","51,7",,,"19,39",,,,,T251213
MFA004,,,KG. MARRON GLACE,11,   913050T,13/12/2025,,,,,"0,17","61,6",,,"10,47",,,,,T251213
,,,Total albarán 11913050T,,,,,,,,"0,545",,,,"29,86",,,,,
MTU002,,,UD. TURRON JIJONA 300 GR.,11,   913071T,13/12/2025,,,,,1,"12,1",,,"12,1",,,,,T251213
MTU019,,,UD. BOLSA PIÑONES 150 GR.,11,   913071T,13/12/2025,,,,,1,11,,,11,,,,,T251213
,,,Total albarán 11913071T,,,,,,,,2,,,,"23,1",,,,,
MTU016,,,KG. POLVORONES Y MANTECADOS,11,   913075T,13/12/2025,,,,,"0,545","19,8",,,"10,79",,,,,T251213
,,,Total albarán 11913075T,,,,,,,,"0,545",,,,"10,79",,,,,
MVH010B,,,UD. BOTELLA AGUA 1/2 L. AQUABONA,11,   913080T,13/12/2025,,,,,1,"1,1",,,"1,1",,,,,T251213
,,,Total albarán 11913080T,,,,,,,,1,,,,"1,1",,,,,
MTU010,,,KG. ALMENDRAS RELLENAS,11,   913090T,13/12/2025,,,,,"0,25","41,8",,,"10,45",,,,,T251213
,,,Total albarán 11913090T,,,,,,,,"0,25",,,,"10,45",,,,,
MVH010B,,,UD. BOTELLA AGUA 1/2 L. AQUABONA,11,   913104T,13/12/2025,,,,,2,"1,1",,,"2,2",,,,,T251213
,,,Total albarán 11913104T,,,,,,,,2,,,,"2,2",,,,,
MTU010,,,KG. ALMENDRAS RELLENAS,11,   913110T,13/12/2025,,,,,"0,09","41,8",,,"3,76",,,,,T251213
,,,Total albarán 11913110T,,,,,,,,"0,09",,,,"3,76",,,,,
MTU010,,,KG. ALMENDRAS RELLENAS,11,   913111T,13/12/2025,,,,,"0,07","41,8",,,"2,93",,,,,T251213
,,,Total albarán 11913111T,,,,,,,,"0,07",,,,"2,93",,,,,
,04/03/2026 20:10:40,,,,,,,,,,,,,,,,,Página: 44,,
MVH010B,,,UD. BOTELLA AGUA 1/2 L. AQUABONA,11,   913113T,13/12/2025,,,,,1,"1,1",,,"1,1",,,,,T251213
MVH012A,,,UD. BOTELLA COCA COLA ZERO,11,   913113T,13/12/2025,,,,,1,2,,,2,,,,,T251213
,,,Total albarán 11913113T,,,,,,,,2,,,,"3,1",,,,,
MBB003,,,KG. LENGUAS DE GATO,11,   913115T,13/12/2025,,,,,"0,25","34,1",,,"8,53",,,,,T251213
,,,Total albarán 11913115T,,,,,,,,"0,25",,,,"8,53",,,,,
MTU002,,,UD. TURRON JIJONA 300 GR.,11,   913119T,13/12/2025,,,,,1,"12,1",,,"12,1",,,,,T251213
MTU001,,,UD. TURRON ALICANTE 300 GR.,11,   913119T,13/12/2025,,,,,1,"12,1",,,"12,1",,,,,T251213
,,,Total albarán 11913119T,,,,,,,,2,,,,"24,2",,,,,
MTU016,,,KG. POLVORONES Y MANTECADOS,11,   913132T,13/12/2025,,,,,"0,12","19,8",,,"2,38",,,,,T251213
,,,Total albarán 11913132T,,,,,,,,"0,12",,,,"2,38",,,,,
MCF050A,,,UD. CHOCOLATE 50 % CACAO AMATLLER 18 GR,11,   913148T,13/12/2025,,,,,1,"1,1",,,"1,1",,,,,T251213
,,,Total albarán 11913148T,,,,,,,,1,,,,"1,1",,,,,
MTU016,,,KG. POLVORONES Y MANTECADOS,11,   913154T,13/12/2025,,,,,"0,21","19,8",,,"4,16",,,,,T251213
,,,Total albarán 11913154T,,,,,,,,"0,21",,,,"4,16",,,,,
MVH012A,,,UD. BOTELLA COCA COLA ZERO,11,   913156T,13/12/2025,,,,,1,2,,,2,,,,,T251213
,,,Total albarán 11913156T,,,,,,,,1,,,,2,,,,,
MFA002,,,KG. FRUTAS DE ARAGON,11,   913178T,13/12/2025,,,,,"0,23",33,,,"7,59",,,,,T251213
,,,Total albarán 11913178T,,,,,,,,"0,23",,,,"7,59",,,,,
MFA002,,,KG. FRUTAS DE ARAGON,11,   913188T,13/12/2025,,,,,"0,07",33,,,"2,31",,,,,T251213
,,,Total albarán 11913188T,,,,,,,,"0,07",,,,"2,31",,,,,
MVH008,,,"UD. AGUA MINERAL DE 1, 5 L. AQUABONA",11,   913194T,13/12/2025,,,,,1,"1,75",,,"1,75",,,,,T251213
,,,Total albarán 11913194T,,,,,,,,1,,,,"1,75",,,,,
MTU010,,,KG. ALMENDRAS RELLENAS,11,   913210T,13/12/2025,,,,,"0,07","41,8",,,"2,93",,,,,T251213
,,,Total albarán 11913210T,,,,,,,,"0,07",,,,"2,93",,,,,
MVA001,,,UD. VELA NUMERO,11,   913211T,13/12/2025,,,,,2,"0,99",,,"1,98",,,,,T251213
,,,Total albarán 11913211T,,,,,,,,2,,,,"1,98",,,,,
MTU002,,,UD. TURRON JIJONA 300 GR.,11,   913220T,13/12/2025,,,,,1,"12,1",,,"12,1",,,,,T251213
MTU016,,,KG. POLVORONES Y MANTECADOS,11,   913220T,13/12/2025,,,,,"0,25","19,8",,,"4,95",,,,,T251213
,,,Total albarán 11913220T,,,,,,,,"1,25",,,,"17,05",,,,,
MTU016A,,,KG. MANTECADOS FELIPE II,11,   913222T,13/12/2025,,,,,"0,395",55,,,"21,73",,,,,T251213
,04/03/2026 20:10:40,,,,,,,,,,,,,,,,,Página: 45,,
MTU018,,,UD. BOLSA PELADILLA 150 GR.,11,   913222T,13/12/2025,,,,,2,"6,05",,,"12,1",,,,,T251213
,,,Total albarán 11913222T,,,,,,,,"2,395",,,,"33,83",,,,,
MCN001,,,UD. CHUPA CHUPS,11,   913229T,13/12/2025,,,,,3,"0,3",,,"0,9",,,,,T251213
,,,Total albarán 11913229T,,,,,,,,3,,,,"0,9",,,,,
MTU010,,,KG. ALMENDRAS RELLENAS,11,   913239T,13/12/2025,,,,,"0,5","41,8",,,"20,9",,,,,T251213
,,,Total albarán 11913239T,,,,,,,,"0,5",,,,"20,9",,,,,
MVH010B,,,UD. BOTELLA AGUA 1/2 L. AQUABONA,11,   913242T,13/12/2025,,,,,3,"1,1",,,"3,3",,,,,T251213
,,,Total albarán 11913242T,,,,,,,,3,,,,"3,3",,,,,
MFA004,,,KG. MARRON GLACE,11,   913263T,13/12/2025,,,,,"0,095","61,6",,,"5,85",,,,,T251213
,,,Total albarán 11913263T,,,,,,,,"0,095",,,,"5,85",,,,,
MBB003,,,KG. LENGUAS DE GATO,11,   913266T,13/12/2025,,,,,"0,1","34,1",,,"3,41",,,,,T251213
MBB003,,,KG. LENGUAS DE GATO,11,   913266T,13/12/2025,,,,,"0,5","34,1",,,"17,05",,,,,T251213
,,,Total albarán 11913266T,,,,,,,,"0,6",,,,"20,46",,,,,
MCN001S,,,UD. CHUPA CHUPS GRANDE,11,   913282T,13/12/2025,,,,,2,1,,,2,,,,,T251213
,,,Total albarán 11913282T,,,,,,,,2,,,,2,,,,,
MVH010B,,,UD. BOTELLA AGUA 1/2 L. AQUABONA,11,   913290T,13/12/2025,,,,,1,"1,1",,,"1,1",,,,,T251213
,,,Total albarán 11913290T,,,,,,,,1,,,,"1,1",,,,,
MTU016A,,,KG. MANTECADOS FELIPE II,11,   913294T,13/12/2025,,,,,"0,32",55,15,,"14,96",,,,,T251213
,,,Total albarán 11913294T,,,,,,,,"0,32",,,,"14,96",,,,,
MTU011,,,KG. PASTELES YEMA,11,   913295T,13/12/2025,,,,,"0,4","38,5",,,"15,4",,,,,T251213
,,,Total albarán 11913295T,,,,,,,,"0,4",,,,"15,4",,,,,
MBB001,,,KG. BOMBONES SURTIDOS,11,   913297T,13/12/2025,,,,,"0,125","51,7",,,"6,46",,,,,T251213
,,,Total albarán 11913297T,,,,,,,,"0,125",,,,"6,46",,,,,
MTU016,,,KG. POLVORONES Y MANTECADOS,11,   913299T,13/12/2025,,,,,"0,5","19,8",,,"9,9",,,,,T251213
,,,Total albarán 11913299T,,,,,,,,"0,5",,,,"9,9",,,,,
MVH010B,,,UD. BOTELLA AGUA 1/2 L. AQUABONA,11,   913300T,13/12/2025,,,,,1,"1,1",,,"1,1",,,,,T251213
,,,Total albarán 11913300T,,,,,,,,1,,,,"1,1",,,,,
MTU016,,,KG. POLVORONES Y MANTECADOS,11,   913304T,13/12/2025,,,,,"0,5","19,8",,,"9,9",,,,,T251213
,,,Total albarán 11913304T,,,,,,,,"0,5",,,,"9,9",,,,,
MTU012,,,KG. PASTELES YEMA-CHOCOLATE,11,   913306T,13/12/2025,,,,,"0,08","38,5",,,"3,08",,,,,T251213
,04/03/2026 20:10:40,,,,,,,,,,,,,,,,,Página: 46,,
,,,Total albarán 11913306T,,,,,,,,"0,08",,,,"3,08",,,,,
MTU010,,,KG. ALMENDRAS RELLENAS,11,   913308T,13/12/2025,,,,,"0,06","41,8",,,"2,51",,,,,T251213
,,,Total albarán 11913308T,,,,,,,,"0,06",,,,"2,51",,,,,
MTU001,,,UD. TURRON ALICANTE 300 GR.,11,   913320T,13/12/2025,,,,,1,"12,1",,,"12,1",,,,,T251213
,,,Total albarán 11913320T,,,,,,,,1,,,,"12,1",,,,,
MTU010,,,KG. ALMENDRAS RELLENAS,11,   913327T,13/12/2025,,,,,"0,11","41,8",,,"4,6",,,,,T251213
,,,Total albarán 11913327T,,,,,,,,"0,11",,,,"4,6",,,,,
MCG007A,,,UD. BOLSA MONEDAS CHOCOLATE 50 gm.,11,   913334T,13/12/2025,,,,,1,"1,65",,,"1,65",,,,,T251213
MFA002,,,KG. FRUTAS DE ARAGON,11,   913334T,13/12/2025,,,,,"0,26",33,,,"8,58",,,,,T251213
,,,Total albarán 11913334T,,,,,,,,"1,26",,,,"10,23",,,,,
MTU016,,,KG. POLVORONES Y MANTECADOS,11,   913343T,13/12/2025,,,,,"0,5","19,8",,,"9,9",,,,,T251213
,,,Total albarán 11913343T,,,,,,,,"0,5",,,,"9,9",,,,,
MTU012,,,KG. PASTELES YEMA-CHOCOLATE,11,   913369T,13/12/2025,,,,,"0,24","38,5",,,"9,24",,,,,T251213
,,,Total albarán 11913369T,,,,,,,,"0,24",,,,"9,24",,,,,
MVH010B,,,UD. BOTELLA AGUA 1/2 L. AQUABONA,11,   913373T,13/12/2025,,,,,1,"1,1",,,"1,1",,,,,T251213
,,,Total albarán 11913373T,,,,,,,,1,,,,"1,1",,,,,
MBB003,,,KG. LENGUAS DE GATO,11,   913410T,13/12/2025,,,,,"0,12","34,1",,,"4,09",,,,,T251213
,,,Total albarán 11913410T,,,,,,,,"0,12",,,,"4,09",,,,,
MBB003,,,KG. LENGUAS DE GATO,11,   913429T,13/12/2025,,,,,"0,25","34,1",,,"8,53",,,,,T251213
,,,Total albarán 11913429T,,,,,,,,"0,25",,,,"8,53",,,,,
MTU016,,,KG. POLVORONES Y MANTECADOS,11,   913430T,13/12/2025,,,,,"0,355","19,8",,,"7,03",,,,,T251213
,,,Total albarán 11913430T,,,,,,,,"0,355",,,,"7,03",,,,,
MVH010B,,,UD. BOTELLA AGUA 1/2 L. AQUABONA,11,   913431T,13/12/2025,,,,,2,"1,1",,,"2,2",,,,,T251213
,,,Total albarán 11913431T,,,,,,,,2,,,,"2,2",,,,,
MBB003,,,KG. LENGUAS DE GATO,11,   913434T,13/12/2025,,,,,"0,1","34,1",,,"3,41",,,,,T251213
,,,Total albarán 11913434T,,,,,,,,"0,1",,,,"3,41",,,,,
MCG007A,,,UD. BOLSA MONEDAS CHOCOLATE 50 gm.,11,   913441T,13/12/2025,,,,,1,"1,65",,,"1,65",,,,,T251213
,,,Total albarán 11913441T,,,,,,,,1,,,,"1,65",,,,,
MCG006,,,UD. SOMBRILLA DE CHOCOLATE 35 GMS.,11,   913444T,13/12/2025,,,,,1,"2,2",,,"2,2",,,,,T251213
,,,Total albarán 11913444T,,,,,,,,1,,,,"2,2",,,,,
,04/03/2026 20:10:40,,,,,,,,,,,,,,,,,Página: 47,,
MTU019,,,UD. BOLSA PIÑONES 150 GR.,11,   913451T,13/12/2025,,,,,1,11,,,11,,,,,T251213
,,,Total albarán 11913451T,,,,,,,,1,,,,11,,,,,
MBB003,,,KG. LENGUAS DE GATO,11,   913452T,13/12/2025,,,,,"0,14","34,1",,,"4,77",,,,,T251213
,,,Total albarán 11913452T,,,,,,,,"0,14",,,,"4,77",,,,,
MBB003,,,KG. LENGUAS DE GATO,11,   913453T,13/12/2025,,,,,"0,14","34,1",,,"4,77",,,,,T251213
MTU019,,,UD. BOLSA PIÑONES 150 GR.,11,   913453T,13/12/2025,,,,,1,11,,,11,,,,,T251213
,,,Total albarán 11913453T,,,,,,,,"1,14",,,,"15,77",,,,,
MFA001,,,KG. FRUTA ESCARCHADA,11,   913457T,13/12/2025,,,,,"0,11","29,7",,,"3,27",,,,,T251213
,,,Total albarán 11913457T,,,,,,,,"0,11",,,,"3,27",,,,,
MTU010,,,KG. ALMENDRAS RELLENAS,11,   913460T,13/12/2025,,,,,"0,11","41,8",,,"4,6",,,,,T251213
,,,Total albarán 11913460T,,,,,,,,"0,11",,,,"4,6",,,,,
MTU010,,,KG. ALMENDRAS RELLENAS,11,   913461T,13/12/2025,,,,,"0,11","41,8",,,"4,6",,,,,T251213
,,,Total albarán 11913461T,,,,,,,,"0,11",,,,"4,6",,,,,
MTU010,,,KG. ALMENDRAS RELLENAS,11,   913497T,13/12/2025,,,,,"0,135","41,8",,,"5,64",,,,,T251213
MBB001,,,KG. BOMBONES SURTIDOS,11,   913497T,13/12/2025,,,,,"0,11","51,7",,,"5,69",,,,,T251213
,,,Total albarán 11913497T,,,,,,,,"0,245",,,,"11,33",,,,,
MCF015W,,,UD. CHOC. 100 GR. CACHET ALMONS & SEA SALT 57 %,11,   913499T,13/12/2025,,,,,1,"3,3",,,"3,3",,,,,T251213
MTU010,,,KG. ALMENDRAS RELLENAS,11,   913499T,13/12/2025,,,,,"0,04","41,8",,,"1,67",,,,,T251213
,,,Total albarán 11913499T,,,,,,,,"1,04",,,,"4,97",,,,,
MTU016,,,KG. POLVORONES Y MANTECADOS,11,   913502T,13/12/2025,,,,,"0,23","19,8",,,"4,55",,,,,T251213
MTU010,,,KG. ALMENDRAS RELLENAS,11,   913502T,13/12/2025,,,,,"0,07","41,8",,,"2,93",,,,,T251213
,,,Total albarán 11913502T,,,,,,,,"0,3",,,,"7,48",,,,,
MTU018,,,UD. BOLSA PELADILLA 150 GR.,11,   913505T,13/12/2025,,,,,1,"6,05",,,"6,05",,,,,T251213
,,,Total albarán 11913505T,,,,,,,,1,,,,"6,05",,,,,
MBB003,,,KG. LENGUAS DE GATO,11,   913506T,13/12/2025,,,,,"0,2","34,1",,,"6,82",,,,,T251213
,,,Total albarán 11913506T,,,,,,,,"0,2",,,,"6,82",,,,,
MBB003,,,KG. LENGUAS DE GATO,11,   913509T,13/12/2025,,,,,"0,08","34,1",,,"2,73",,,,,T251213
,,,Total albarán 11913509T,,,,,,,,"0,08",,,,"2,73",,,,,
MVH010B,,,UD. BOTELLA AGUA 1/2 L. AQUABONA,11,   913512T,13/12/2025,,,,,2,"1,1",,,"2,2",,,,,T251213
,,,Total albarán 11913512T,,,,,,,,2,,,,"2,2",,,,,
,04/03/2026 20:10:40,,,,,,,,,,,,,,,,,Página: 48,,
MVH010B,,,UD. BOTELLA AGUA 1/2 L. AQUABONA,11,   913513T,13/12/2025,,,,,2,"1,1",,,"2,2",,,,,T251213
,,,Total albarán 11913513T,,,,,,,,2,,,,"2,2",,,,,
MTU012,,,KG. PASTELES YEMA-CHOCOLATE,11,   913530T,13/12/2025,,,,,"0,19","38,5",,,"7,32",,,,,T251213
,,,Total albarán 11913530T,,,,,,,,"0,19",,,,"7,32",,,,,
MFA002,,,KG. FRUTAS DE ARAGON,11,   913531T,13/12/2025,,,,,"0,045",33,,,"1,49",,,,,T251213
,,,Total albarán 11913531T,,,,,,,,"0,045",,,,"1,49",,,,,
MCO004K,,,UD. BOTE TRIDENT PIPPERMIN,11,   913533T,13/12/2025,,,,,1,"3,5",,,"3,5",,,,,T251213
,,,Total albarán 11913533T,,,,,,,,1,,,,"3,5",,,,,
MVH010B,,,UD. BOTELLA AGUA 1/2 L. AQUABONA,11,   913542T,13/12/2025,,,,,1,"1,1",,,"1,1",,,,,T251213
,,,Total albarán 11913542T,,,,,,,,1,,,,"1,1",,,,,
MCG007C,,,UD. MEDALLON SANTO TOME 60 GR.,11,   913552T,13/12/2025,,,,,3,"2,75",,,"8,25",,,,,T251213
,,,Total albarán 11913552T,,,,,,,,3,,,,"8,25",,,,,
MVH014,,,UD. BOTELLA NESTEA,11,   913556T,13/12/2025,,,,,2,2,,,4,,,,,T251213
,,,Total albarán 11913556T,,,,,,,,2,,,,4,,,,,
MBB003,,,KG. LENGUAS DE GATO,11,   913559T,13/12/2025,,,,,"0,235","34,1",,,"8,01",,,,,T251213
,,,Total albarán 11913559T,,,,,,,,"0,235",,,,"8,01",,,,,
MFA004,,,KG. MARRON GLACE,11,   913563T,13/12/2025,,,,,"0,075","61,6",,,"4,62",,,,,T251213
MCJ003I,,,UD. BOLSA CARAMELOS GUMI,11,   913563T,13/12/2025,,,,,1,"3,3",,,"3,3",,,,,T251213
,,,Total albarán 11913563T,,,,,,,,"1,075",,,,"7,92",,,,,
MCF050A,,,UD. CHOCOLATE 50 % CACAO AMATLLER 18 GR,11,   913565T,13/12/2025,,,,,1,"1,1",,,"1,1",,,,,T251213
,,,Total albarán 11913565T,,,,,,,,1,,,,"1,1",,,,,
MVH008,,,"UD. AGUA MINERAL DE 1, 5 L. AQUABONA",11,   913569T,13/12/2025,,,,,1,"1,75",,,"1,75",,,,,T251213
,,,Total albarán 11913569T,,,,,,,,1,,,,"1,75",,,,,
MVH010B,,,UD. BOTELLA AGUA 1/2 L. AQUABONA,11,   913570T,13/12/2025,,,,,2,"1,1",,,"2,2",,,,,T251213
,,,Total albarán 11913570T,,,,,,,,2,,,,"2,2",,,,,
MTU019,,,UD. BOLSA PIÑONES 150 GR.,11,   913585T,13/12/2025,,,,,1,11,,,11,,,,,T251213
,,,Total albarán 11913585T,,,,,,,,1,,,,11,,,,,
MFA001,,,KG. FRUTA ESCARCHADA,11,   913599T,14/12/2025,,,,,"0,2","29,7",,,"5,94",,,,,T251214
,,,Total albarán 11913599T,,,,,,,,"0,2",,,,"5,94",,,,,
MBB003,,,KG. LENGUAS DE GATO,11,   913608T,14/12/2025,,,,,"0,215","34,1",,,"7,33",,,,,T251214
,04/03/2026 20:10:40,,,,,,,,,,,,,,,,,Página: 49,,
,,,Total albarán 11913608T,,,,,,,,"0,215",,,,"7,33",,,,,
MTU010,,,KG. ALMENDRAS RELLENAS,11,   913640T,14/12/2025,,,,,"0,165","41,8",,,"6,9",,,,,T251214
,,,Total albarán 11913640T,,,,,,,,"0,165",,,,"6,9",,,,,
MTU019,,,UD. BOLSA PIÑONES 150 GR.,11,   913659T,14/12/2025,,,,,1,11,,,11,,,,,T251214
,,,Total albarán 11913659T,,,,,,,,1,,,,11,,,,,
MTU010,,,KG. ALMENDRAS RELLENAS,11,   913671T,14/12/2025,,,,,"0,1","41,8",,,"4,18",,,,,T251214
,,,Total albarán 11913671T,,,,,,,,"0,1",,,,"4,18",,,,,
MTU010,,,KG. ALMENDRAS RELLENAS,11,   913674T,14/12/2025,,,,,"0,025","41,8",,,"1,05",,,,,T251214
,,,Total albarán 11913674T,,,,,,,,"0,025",,,,"1,05",,,,,
MTU001,,,UD. TURRON ALICANTE 300 GR.,11,   913691T,14/12/2025,,,,,3,"12,1",,,"36,3",,,,,T251214
MVH010B,,,UD. BOTELLA AGUA 1/2 L. AQUABONA,11,   913691T,14/12/2025,,,,,1,"1,1",,,"1,1",,,,,T251214
MTU016,,,KG. POLVORONES Y MANTECADOS,11,   913691T,14/12/2025,,,,,"0,24","19,8",,,"4,75",,,,,T251214
,,,Total albarán 11913691T,,,,,,,,"4,24",,,,"42,15",,,,,
MTU016,,,KG. POLVORONES Y MANTECADOS,11,   913709T,14/12/2025,,,,,"0,5","19,8",,,"9,9",,,,,T251214
,,,Total albarán 11913709T,,,,,,,,"0,5",,,,"9,9",,,,,
MTU010,,,KG. ALMENDRAS RELLENAS,11,   913716T,14/12/2025,,,,,"0,07","41,8",,,"2,93",,,,,T251214
,,,Total albarán 11913716T,,,,,,,,"0,07",,,,"2,93",,,,,
MTU016,,,KG. POLVORONES Y MANTECADOS,11,   913718T,14/12/2025,,,,,"0,175","19,8",,,"3,47",,,,,T251214
,,,Total albarán 11913718T,,,,,,,,"0,175",,,,"3,47",,,,,
MTU016,,,KG. POLVORONES Y MANTECADOS,11,   913719T,14/12/2025,,,,,"0,5","19,8",,,"9,9",,,,,T251214
,,,Total albarán 11913719T,,,,,,,,"0,5",,,,"9,9",,,,,
MTU016,,,KG. POLVORONES Y MANTECADOS,11,   913721T,14/12/2025,,,,,"0,5","19,8",,,"9,9",,,,,T251214
,,,Total albarán 11913721T,,,,,,,,"0,5",,,,"9,9",,,,,
MTU002,,,UD. TURRON JIJONA 300 GR.,11,   913734T,14/12/2025,,,,,2,"12,1",,,"24,2",,,,,T251214
,,,Total albarán 11913734T,,,,,,,,2,,,,"24,2",,,,,
MBB003,,,KG. LENGUAS DE GATO,11,   913750T,14/12/2025,,,,,"0,015","34,1",,,"0,51",,,,,T251214
MBB001,,,KG. BOMBONES SURTIDOS,11,   913750T,14/12/2025,,,,,"0,03","51,7",,,"1,55",,,,,T251214
,,,Total albarán 11913750T,,,,,,,,"0,045",,,,"2,06",,,,,
MCK048,,,UD. MEGA-ROULETE,11,   913761T,14/12/2025,,,,,1,"0,7",,,"0,7",,,,,T251214
,,,Total albarán 11913761T,,,,,,,,1,,,,"0,7",,,,,
,04/03/2026 20:10:40,,,,,,,,,,,,,,,,,Página: 50,,
MFA001,,,KG. FRUTA ESCARCHADA,11,   913776T,14/12/2025,,,,,"0,26","29,7",,,"7,72",,,,,T251214
,,,Total albarán 11913776T,,,,,,,,"0,26",,,,"7,72",,,,,
MCF016R,,,UD. CHOC. 70% CACAO ALMENDRAS S. COLL 100 GR,11,   913780T,14/12/2025,,,,,1,"3,3",,,"3,3",,,,,T251214
,,,Total albarán 11913780T,,,,,,,,1,,,,"3,3",,,,,
MTU016,,,KG. POLVORONES Y MANTECADOS,11,   913792T,14/12/2025,,,,,"0,46","19,8",,,"9,11",,,,,T251214
MTU002,,,UD. TURRON JIJONA 300 GR.,11,   913792T,14/12/2025,,,,,1,"12,1",,,"12,1",,,,,T251214
,,,Total albarán 11913792T,,,,,,,,"1,46",,,,"21,21",,,,,
MTU018,,,UD. BOLSA PELADILLA 150 GR.,11,   913794T,14/12/2025,,,,,2,"6,05",,,"12,1",,,,,T251214
,,,Total albarán 11913794T,,,,,,,,2,,,,"12,1",,,,,
MCN001,,,UD. CHUPA CHUPS,11,   913795T,14/12/2025,,,,,15,"0,33",,,"4,95",,,,,T251214
MCN001S,,,UD. CHUPA CHUPS GRANDE,11,   913795T,14/12/2025,,,,,5,1,,,5,,,,,T251214
,,,Total albarán 11913795T,,,,,,,,20,,,,"9,95",,,,,
MVH010B,,,UD. BOTELLA AGUA 1/2 L. AQUABONA,11,   913800T,14/12/2025,,,,,1,"1,1",,,"1,1",,,,,T251214
,,,Total albarán 11913800T,,,,,,,,1,,,,"1,1",,,,,
MVH010B,,,UD. BOTELLA AGUA 1/2 L. AQUABONA,11,   913806T,14/12/2025,,,,,1,"1,1",,,"1,1",,,,,T251214
,,,Total albarán 11913806T,,,,,,,,1,,,,"1,1",,,,,
MTU002,,,UD. TURRON JIJONA 300 GR.,11,   913832T,14/12/2025,,,,,1,"12,1",,,"12,1",,,,,T251214
,,,Total albarán 11913832T,,,,,,,,1,,,,"12,1",,,,,
MBB001,,,KG. BOMBONES SURTIDOS,11,   913834T,14/12/2025,,,,,"0,06","51,7",,,"3,1",,,,,T251214
,,,Total albarán 11913834T,,,,,,,,"0,06",,,,"3,1",,,,,
MCG005,,,UD. SOMBRILLA DE CHOCOLATE 10 GMS.,11,   913835T,14/12/2025,,,,,1,"0,9",,,"0,9",,,,,T251214
,,,Total albarán 11913835T,,,,,,,,1,,,,"0,9",,,,,
MFA001,,,KG. FRUTA ESCARCHADA,11,   913879T,14/12/2025,,,,,"0,15","29,7",,,"4,46",,,,,T251214
,,,Total albarán 11913879T,,,,,,,,"0,15",,,,"4,46",,,,,
MTU010,,,KG. ALMENDRAS RELLENAS,11,   913881T,14/12/2025,,,,,"0,1","41,8",,,"4,18",,,,,T251214
,,,Total albarán 11913881T,,,,,,,,"0,1",,,,"4,18",,,,,
MCG006A,,,UD. SOMBRILLA DE CHOCOLATE 15 GMS.,11,   913904T,14/12/2025,,,,,4,"1,1",,,"4,4",,,,,T251214
,,,Total albarán 11913904T,,,,,,,,4,,,,"4,4",,,,,
MTU016,,,KG. POLVORONES Y MANTECADOS,11,   913914T,14/12/2025,,,,,"1,015","19,8",,,"20,1",,,,,T251214
,,,Total albarán 11913914T,,,,,,,,"1,015",,,,"20,1",,,,,
,04/03/2026 20:10:40,,,,,,,,,,,,,,,,,Página: 51,,
MFA001,,,KG. FRUTA ESCARCHADA,11,   913923T,14/12/2025,,,,,"0,28","29,7",,,"8,32",,,,,T251214
,,,Total albarán 11913923T,,,,,,,,"0,28",,,,"8,32",,,,,
MCG001H,,,UD. HUEVO BARBIE,11,   913926T,14/12/2025,,,,,1,"1,5",,,"1,5",,,,,T251214
,,,Total albarán 11913926T,,,,,,,,1,,,,"1,5",,,,,
MVH010B,,,UD. BOTELLA AGUA 1/2 L. AQUABONA,11,   913928T,14/12/2025,,,,,1,"1,1",,,"1,1",,,,,T251214
,,,Total albarán 11913928T,,,,,,,,1,,,,"1,1",,,,,
MCO004K,,,UD. BOTE TRIDENT PIPPERMIN,11,   913938T,14/12/2025,,,,,1,"3,5",,,"3,5",,,,,T251214
,,,Total albarán 11913938T,,,,,,,,1,,,,"3,5",,,,,
MBB001,,,KG. BOMBONES SURTIDOS,11,   913943T,14/12/2025,,,,,"0,11","51,7",,,"5,69",,,,,T251214
MTU011,,,KG. PASTELES YEMA,11,   913943T,14/12/2025,,,,,"0,085","38,5",,,"3,27",,,,,T251214
,,,Total albarán 11913943T,,,,,,,,"0,195",,,,"8,96",,,,,
MTU010,,,KG. ALMENDRAS RELLENAS,11,   913951T,14/12/2025,,,,,"0,25","41,8",,,"10,45",,,,,T251214
MTU016,,,KG. POLVORONES Y MANTECADOS,11,   913951T,14/12/2025,,,,,"0,25","19,8",,,"4,95",,,,,T251214
MFA001,,,KG. FRUTA ESCARCHADA,11,   913951T,14/12/2025,,,,,"0,25","29,7",,,"7,43",,,,,T251214
MFA002,,,KG. FRUTAS DE ARAGON,11,   913951T,14/12/2025,,,,,"0,25",33,,,"8,25",,,,,T251214
,,,Total albarán 11913951T,,,,,,,,1,,,,"31,08",,,,,
MTU001,,,UD. TURRON ALICANTE 300 GR.,11,   913969T,14/12/2025,,,,,1,"12,1",,,"12,1",,,,,T251214
,,,Total albarán 11913969T,,,,,,,,1,,,,"12,1",,,,,
MVH010B,,,UD. BOTELLA AGUA 1/2 L. AQUABONA,11,   913984T,14/12/2025,,,,,2,"1,1",,,"2,2",,,,,T251214
,,,Total albarán 11913984T,,,,,,,,2,,,,"2,2",,,,,
MCN001,,,UD. CHUPA CHUPS,11,   913990T,14/12/2025,,,,,1,"0,3",,,"0,3",,,,,T251214
MTU016,,,KG. POLVORONES Y MANTECADOS,11,   913990T,14/12/2025,,,,,"0,5","19,8",,,"9,9",,,,,T251214
,,,Total albarán 11913990T,,,,,,,,"1,5",,,,"10,2",,,,,
MFA001,,,KG. FRUTA ESCARCHADA,11,   914002T,14/12/2025,,,,,"0,315","29,7",,,"9,36",,,,,T251214
MCJ003I,,,UD. BOLSA CARAMELOS GUMI,11,   914002T,14/12/2025,,,,,2,"3,3",,,"6,6",,,,,T251214
,,,Total albarán 11914002T,,,,,,,,"2,315",,,,"15,96",,,,,
MTU018,,,UD. BOLSA PELADILLA 150 GR.,11,   914006T,14/12/2025,,,,,1,"6,05",,,"6,05",,,,,T251214
MTU019,,,UD. BOLSA PIÑONES 150 GR.,11,   914006T,14/12/2025,,,,,1,11,,,11,,,,,T251214
MFA001,,,KG. FRUTA ESCARCHADA,11,   914006T,14/12/2025,,,,,"0,2","29,7",,,"5,94",,,,,T251214
,,,Total albarán 11914006T,,,,,,,,"2,2",,,,"22,99",,,,,
,04/03/2026 20:10:40,,,,,,,,,,,,,,,,,Página: 52,,
MFA001,,,KG. FRUTA ESCARCHADA,11,   914013T,14/12/2025,,,,,"0,27","29,7",,,"8,02",,,,,T251214
,,,Total albarán 11914013T,,,,,,,,"0,27",,,,"8,02",,,,,
MVH010B,,,UD. BOTELLA AGUA 1/2 L. AQUABONA,11,   914027T,14/12/2025,,,,,3,"1,1",,,"3,3",,,,,T251214
,,,Total albarán 11914027T,,,,,,,,3,,,,"3,3",,,,,
MCG001I,,,UD. HUEVO HOTWHEELS,11,   914032T,14/12/2025,,,,,1,"1,5",,,"1,5",,,,,T251214
,,,Total albarán 11914032T,,,,,,,,1,,,,"1,5",,,,,
MVH010B,,,UD. BOTELLA AGUA 1/2 L. AQUABONA,11,   914035T,14/12/2025,,,,,1,"1,1",,,"1,1",,,,,T251214
,,,Total albarán 11914035T,,,,,,,,1,,,,"1,1",,,,,
MCG001I,,,UD. HUEVO HOTWHEELS,11,   914049T,14/12/2025,,,,,1,"1,5",,,"1,5",,,,,T251214
,,,Total albarán 11914049T,,,,,,,,1,,,,"1,5",,,,,
MBB003,,,KG. LENGUAS DE GATO,11,   914051T,14/12/2025,,,,,"0,285","34,1",,,"9,72",,,,,T251214
,,,Total albarán 11914051T,,,,,,,,"0,285",,,,"9,72",,,,,
MTU010,,,KG. ALMENDRAS RELLENAS,11,   914067T,14/12/2025,,,,,"0,25","41,8",,,"10,45",,,,,T251214
,,,Total albarán 11914067T,,,,,,,,"0,25",,,,"10,45",,,,,
MCG006A,,,UD. SOMBRILLA DE CHOCOLATE 15 GMS.,11,   914080T,14/12/2025,,,,,2,"1,1",,,"2,2",,,,,T251214
,,,Total albarán 11914080T,,,,,,,,2,,,,"2,2",,,,,
MVH012,,,UD. BOTELLA COCA COLA,11,   914095T,14/12/2025,,,,,1,2,,,2,,,,,T251214
,,,Total albarán 11914095T,,,,,,,,1,,,,2,,,,,
MBB003,,,KG. LENGUAS DE GATO,11,   914096T,14/12/2025,,,,,"0,235","34,1",,,"8,01",,,,,T251214
,,,Total albarán 11914096T,,,,,,,,"0,235",,,,"8,01",,,,,
MBB001,,,KG. BOMBONES SURTIDOS,11,   914111T,14/12/2025,,,,,"0,395","51,7",,,"20,42",,,,,T251214
,,,Total albarán 11914111T,,,,,,,,"0,395",,,,"20,42",,,,,
MCG001I,,,UD. HUEVO HOTWHEELS,11,   914112T,14/12/2025,,,,,1,"1,5",,,"1,5",,,,,T251214
,,,Total albarán 11914112T,,,,,,,,1,,,,"1,5",,,,,
MFA001,,,KG. FRUTA ESCARCHADA,11,   914125T,14/12/2025,,,,,"0,325","29,7",,,"9,65",,,,,T251214
,,,Total albarán 11914125T,,,,,,,,"0,325",,,,"9,65",,,,,
MCG001F,,,UD. HUEVO PATRULLA CANINA,11,   914134T,14/12/2025,,,,,1,"1,5",,,"1,5",,,,,T251214
,,,Total albarán 11914134T,,,,,,,,1,,,,"1,5",,,,,
MCG001F,,,UD. HUEVO PATRULLA CANINA,11,   914135T,14/12/2025,,,,,2,"1,5",,,3,,,,,T251214
,,,Total albarán 11914135T,,,,,,,,2,,,,3,,,,,
MTU016,,,KG. POLVORONES Y MANTECADOS,11,   914156T,15/12/2025,,,,,"0,44","19,8",,,"8,71",,,,,T251215
,04/03/2026 20:10:41,,,,,,,,,,,,,,,,,Página: 53,,
,,,Total albarán 11914156T,,,,,,,,"0,44",,,,"8,71",,,,,
MVH010B,,,UD. BOTELLA AGUA 1/2 L. AQUABONA,11,   914159T,15/12/2025,,,,,1,"1,1",,,"1,1",,,,,T251215
,,,Total albarán 11914159T,,,,,,,,1,,,,"1,1",,,,,
MVH010B,,,UD. BOTELLA AGUA 1/2 L. AQUABONA,11,   914168T,15/12/2025,,,,,2,"1,1",,,"2,2",,,,,T251215
,,,Total albarán 11914168T,,,,,,,,2,,,,"2,2",,,,,
MTU010,,,KG. ALMENDRAS RELLENAS,11,   914195T,15/12/2025,,,,,"0,25","41,8",,,"10,45",,,,,T251215
,,,Total albarán 11914195T,,,,,,,,"0,25",,,,"10,45",,,,,
MBB001,,,KG. BOMBONES SURTIDOS,11,   914196T,15/12/2025,,,,,"0,375","51,7",,,"19,39",,,,,T251215
MCG005,,,UD. SOMBRILLA DE CHOCOLATE 10 GMS.,11,   914196T,15/12/2025,,,,,1,"0,9",,,"0,9",,,,,T251215
,,,Total albarán 11914196T,,,,,,,,"1,375",,,,"20,29",,,,,
MVH010B,,,UD. BOTELLA AGUA 1/2 L. AQUABONA,11,   914199T,15/12/2025,,,,,3,"1,1",,,"3,3",,,,,T251215
,,,Total albarán 11914199T,,,,,,,,3,,,,"3,3",,,,,
MTU016,,,KG. POLVORONES Y MANTECADOS,11,   914205T,15/12/2025,,,,,"0,525","19,8",,,"10,4",,,,,T251215
,,,Total albarán 11914205T,,,,,,,,"0,525",,,,"10,4",,,,,
MVH014,,,UD. BOTELLA NESTEA,11,   914219T,15/12/2025,,,,,2,2,,,4,,,,,T251215
,,,Total albarán 11914219T,,,,,,,,2,,,,4,,,,,
MCJ003,,,UD. BOLSA CARAMELOS MIEL 175 GR.,11,   914230T,15/12/2025,,,,,2,"3,3",,,"6,6",,,,,T251215
,,,Total albarán 11914230T,,,,,,,,2,,,,"6,6",,,,,
MBB001,,,KG. BOMBONES SURTIDOS,11,   914247T,15/12/2025,,,,,"0,3","51,7",,,"15,51",,,,,T251215
,,,Total albarán 11914247T,,,,,,,,"0,3",,,,"15,51",,,,,
MCF015X,,,UD. CHOC. 100 GR. CACHET ORANGE & ALMONS 57 %,11,   914249T,15/12/2025,,,,,2,3,,,6,,,,,T251215
,,,Total albarán 11914249T,,,,,,,,2,,,,6,,,,,
MTU002,,,UD. TURRON JIJONA 300 GR.,11,   914251T,15/12/2025,,,,,1,"12,1",,,"12,1",,,,,T251215
MTU010,,,KG. ALMENDRAS RELLENAS,11,   914251T,15/12/2025,,,,,"0,2","41,8",,,"8,36",,,,,T251215
,,,Total albarán 11914251T,,,,,,,,"1,2",,,,"20,46",,,,,
MBB001,,,KG. BOMBONES SURTIDOS,11,   914261T,15/12/2025,,,,,"0,13","51,7",,,"6,72",,,,,T251215
,,,Total albarán 11914261T,,,,,,,,"0,13",,,,"6,72",,,,,
MTU032,,,UD. TURRON CHOCO-LECHE P. ALM. CARAMELIZADA,11,   914266T,15/12/2025,,,,,1,"9,9",,,"9,9",,,,,T251215
,,,Total albarán 11914266T,,,,,,,,1,,,,"9,9",,,,,
MTU001,,,UD. TURRON ALICANTE 300 GR.,11,   914287T,15/12/2025,,,,,1,"12,1",,,"12,1",,,,,T251215
,04/03/2026 20:10:41,,,,,,,,,,,,,,,,,Página: 54,,
,,,Total albarán 11914287T,,,,,,,,1,,,,"12,1",,,,,
MFA001,,,KG. FRUTA ESCARCHADA,11,   914297T,15/12/2025,,,,,"0,38","29,7",,,"11,29",,,,,T251215
,,,Total albarán 11914297T,,,,,,,,"0,38",,,,"11,29",,,,,
MVH010B,,,UD. BOTELLA AGUA 1/2 L. AQUABONA,11,   914301T,15/12/2025,,,,,1,"1,1",,,"1,1",,,,,T251215
,,,Total albarán 11914301T,,,,,,,,1,,,,"1,1",,,,,
MTU010,,,KG. ALMENDRAS RELLENAS,11,   914320T,15/12/2025,,,,,"0,05","41,8",,,"2,09",,,,,T251215
,,,Total albarán 11914320T,,,,,,,,"0,05",,,,"2,09",,,,,
MTU016,,,KG. POLVORONES Y MANTECADOS,11,   914352T,15/12/2025,,,,,"0,5","19,8",,,"9,9",,,,,T251215
MFA002,,,KG. FRUTAS DE ARAGON,11,   914352T,15/12/2025,,,,,"0,25",33,,,"8,25",,,,,T251215
,,,Total albarán 11914352T,,,,,,,,"0,75",,,,"18,15",,,,,
MTU010,,,KG. ALMENDRAS RELLENAS,11,   914363T,15/12/2025,,,,,"0,25","41,8",,,"10,45",,,,,T251215
,,,Total albarán 11914363T,,,,,,,,"0,25",,,,"10,45",,,,,
MBB001,,,KG. BOMBONES SURTIDOS,11,   914364T,15/12/2025,,,,,"0,405","51,7",,,"20,94",,,,,T251215
,,,Total albarán 11914364T,,,,,,,,"0,405",,,,"20,94",,,,,
MTU001,,,UD. TURRON ALICANTE 300 GR.,11,   914366T,15/12/2025,,,,,3,"12,1",,,"36,3",,,,,T251215
,,,Total albarán 11914366T,,,,,,,,3,,,,"36,3",,,,,
MTU010,,,KG. ALMENDRAS RELLENAS,11,   914367T,15/12/2025,,,,,"0,25","41,8",,,"10,45",,,,,T251215
,,,Total albarán 11914367T,,,,,,,,"0,25",,,,"10,45",,,,,
MTU010,,,KG. ALMENDRAS RELLENAS,11,   914368T,15/12/2025,,,,,"0,245","41,8",,,"10,24",,,,,T251215
,,,Total albarán 11914368T,,,,,,,,"0,245",,,,"10,24",,,,,
MFA001,,,KG. FRUTA ESCARCHADA,11,   914370T,15/12/2025,,,,,"0,25","29,7",,,"7,43",,,,,T251215
MCG007A,,,UD. BOLSA MONEDAS CHOCOLATE 50 gm.,11,   914370T,15/12/2025,,,,,1,"1,65",,,"1,65",,,,,T251215
,,,Total albarán 11914370T,,,,,,,,"1,25",,,,"9,08",,,,,
MTU016,,,KG. POLVORONES Y MANTECADOS,11,   914375T,15/12/2025,,,,,"0,5","19,8",,,"9,9",,,,,T251215
,,,Total albarán 11914375T,,,,,,,,"0,5",,,,"9,9",,,,,
MFA004,,,KG. MARRON GLACE,11,   914378T,15/12/2025,,,,,"0,06","61,6",,,"3,7",,,,,T251215
,,,Total albarán 11914378T,,,,,,,,"0,06",,,,"3,7",,,,,
MVH010B,,,UD. BOTELLA AGUA 1/2 L. AQUABONA,11,   914380T,15/12/2025,,,,,2,"1,1",,,"2,2",,,,,T251215
,,,Total albarán 11914380T,,,,,,,,2,,,,"2,2",,,,,
MVH010B,,,UD. BOTELLA AGUA 1/2 L. AQUABONA,11,   914381T,15/12/2025,,,,,2,"1,1",,,"2,2",,,,,T251215
,04/03/2026 20:10:41,,,,,,,,,,,,,,,,,Página: 55,,
MVH012A,,,UD. BOTELLA COCA COLA ZERO,11,   914381T,15/12/2025,,,,,1,2,,,2,,,,,T251215
,,,Total albarán 11914381T,,,,,,,,3,,,,"4,2",,,,,
MTU032,,,UD. TURRON CHOCO-LECHE P. ALM. CARAMELIZADA,11,   914408T,15/12/2025,,,,,1,"9,9",,,"9,9",,,,,T251215
,,,Total albarán 11914408T,,,,,,,,1,,,,"9,9",,,,,
MTU002,,,UD. TURRON JIJONA 300 GR.,11,   914411T,15/12/2025,,,,,1,"12,1",,,"12,1",,,,,T251215
MTU001,,,UD. TURRON ALICANTE 300 GR.,11,   914411T,15/12/2025,,,,,1,"12,1",,,"12,1",,,,,T251215
,,,Total albarán 11914411T,,,,,,,,2,,,,"24,2",,,,,
MTU010,,,KG. ALMENDRAS RELLENAS,11,   914421T,15/12/2025,,,,,"0,07","41,8",,,"2,93",,,,,T251215
,,,Total albarán 11914421T,,,,,,,,"0,07",,,,"2,93",,,,,
MTU010,,,KG. ALMENDRAS RELLENAS,11,   914423T,15/12/2025,,,,,"0,135","41,8",,,"5,64",,,,,T251215
,,,Total albarán 11914423T,,,,,,,,"0,135",,,,"5,64",,,,,
MVH010B,,,UD. BOTELLA AGUA 1/2 L. AQUABONA,11,   914426T,15/12/2025,,,,,1,"1,1",,,"1,1",,,,,T251215
MBB003,,,KG. LENGUAS DE GATO,11,   914426T,15/12/2025,,,,,1,10,,,10,,,,,T251215
,,,Total albarán 11914426T,,,,,,,,2,,,,"11,1",,,,,
MTU002,,,UD. TURRON JIJONA 300 GR.,11,   914434T,15/12/2025,,,,,1,"12,1",,,"12,1",,,,,T251215
,,,Total albarán 11914434T,,,,,,,,1,,,,"12,1",,,,,
MBB003,,,KG. LENGUAS DE GATO,11,   914441T,15/12/2025,,,,,"0,525","34,1",,,"17,9",,,,,T251215
MFA002,,,KG. FRUTAS DE ARAGON,11,   914441T,15/12/2025,,,,,"0,16",33,,,"5,28",,,,,T251215
MFA001,,,KG. FRUTA ESCARCHADA,11,   914441T,15/12/2025,,,,,"0,28","29,7",,,"8,32",,,,,T251215
,,,Total albarán 11914441T,,,,,,,,"0,965",,,,"31,5",,,,,
MTU019,,,UD. BOLSA PIÑONES 150 GR.,11,   914462T,15/12/2025,,,,,1,11,,,11,,,,,T251215
MCG006A,,,UD. SOMBRILLA DE CHOCOLATE 15 GMS.,11,   914462T,15/12/2025,,,,,1,"1,1",,,"1,1",,,,,T251215
MFA001,,,KG. FRUTA ESCARCHADA,11,   914462T,15/12/2025,,,,,"0,16","29,7",,,"4,75",,,,,T251215
MBB001,,,KG. BOMBONES SURTIDOS,11,   914462T,15/12/2025,,,,,"0,15","51,7",,,"7,76",,,,,T251215
MBB003,,,KG. LENGUAS DE GATO,11,   914462T,15/12/2025,,,,,"0,195","34,1",,,"6,65",,,,,T251215
MFA002,,,KG. FRUTAS DE ARAGON,11,   914462T,15/12/2025,,,,,"0,75",33,,,"24,75",,,,,T251215
MTU016,,,KG. POLVORONES Y MANTECADOS,11,   914462T,15/12/2025,,,,,1,"19,8",,,"19,8",,,,,T251215
,,,Total albarán 11914462T,,,,,,,,"4,255",,,,"75,81",,,,,
MBB003,,,KG. LENGUAS DE GATO,11,   914465T,15/12/2025,,,,,"0,425","34,1",,,"14,49",,,,,T251215
,,,Total albarán 11914465T,,,,,,,,"0,425",,,,"14,49",,,,,
,04/03/2026 20:10:41,,,,,,,,,,,,,,,,,Página: 56,,
MTU016,,,KG. POLVORONES Y MANTECADOS,11,   914466T,15/12/2025,,,,,"0,21","19,8",,,"4,16",,,,,T251215
,,,Total albarán 11914466T,,,,,,,,"0,21",,,,"4,16",,,,,
MCF016P,,,UD. CHOC. CREMA LECHE BELGA CACHET 100 GR.,11,   914475T,15/12/2025,,,,,1,"3,3",,,"3,3",,,,,T251215
,,,Total albarán 11914475T,,,,,,,,1,,,,"3,3",,,,,
MFA001,,,KG. FRUTA ESCARCHADA,11,   914477T,15/12/2025,,,,,"0,03","29,7",,,"0,89",,,,,T251215
,,,Total albarán 11914477T,,,,,,,,"0,03",,,,"0,89",,,,,
MVH010B,,,UD. BOTELLA AGUA 1/2 L. AQUABONA,11,   914504T,15/12/2025,,,,,3,"1,1",,,"3,3",,,,,T251215
,,,Total albarán 11914504T,,,,,,,,3,,,,"3,3",,,,,
MBB003,,,KG. LENGUAS DE GATO,11,   914510T,15/12/2025,,,,,"0,22","34,1",,,"7,5",,,,,T251215
,,,Total albarán 11914510T,,,,,,,,"0,22",,,,"7,5",,,,,
MVH010B,,,UD. BOTELLA AGUA 1/2 L. AQUABONA,11,   914521T,15/12/2025,,,,,1,"1,1",,,"1,1",,,,,T251215
,,,Total albarán 11914521T,,,,,,,,1,,,,"1,1",,,,,
MBB001,,,KG. BOMBONES SURTIDOS,11,   914524T,15/12/2025,,,,,"0,155","51,7",,,"8,01",,,,,T251215
MVH008,,,"UD. AGUA MINERAL DE 1, 5 L. AQUABONA",11,   914524T,15/12/2025,,,,,1,"1,75",,,"1,75",,,,,T251215
,,,Total albarán 11914524T,,,,,,,,"1,155",,,,"9,76",,,,,
MVH010B,,,UD. BOTELLA AGUA 1/2 L. AQUABONA,11,   914579T,16/12/2025,,,,,2,"1,1",,,"2,2",,,,,T251216
,,,Total albarán 11914579T,,,,,,,,2,,,,"2,2",,,,,
MTU019,,,UD. BOLSA PIÑONES 150 GR.,11,   914587T,16/12/2025,,,,,1,11,,,11,,,,,T251216
,,,Total albarán 11914587T,,,,,,,,1,,,,11,,,,,
MTU016,,,KG. POLVORONES Y MANTECADOS,11,   914588T,16/12/2025,,,,,"0,6","19,8",,,"11,88",,,,,T251216
,,,Total albarán 11914588T,,,,,,,,"0,6",,,,"11,88",,,,,
MBB003,,,KG. LENGUAS DE GATO,11,   914599T,16/12/2025,,,,,"0,21","34,1",,,"7,16",,,,,T251216
MCG006A,,,UD. SOMBRILLA DE CHOCOLATE 15 GMS.,11,   914599T,16/12/2025,,,,,1,"1,1",,,"1,1",,,,,T251216
,,,Total albarán 11914599T,,,,,,,,"1,21",,,,"8,26",,,,,
MCG005,,,UD. SOMBRILLA DE CHOCOLATE 10 GMS.,11,   914612T,16/12/2025,,,,,2,"0,9",,,"1,8",,,,,T251216
,,,Total albarán 11914612T,,,,,,,,2,,,,"1,8",,,,,
MFA002,,,KG. FRUTAS DE ARAGON,11,   914619T,16/12/2025,,,,,"0,25",33,,,"8,25",,,,,T251216
,,,Total albarán 11914619T,,,,,,,,"0,25",,,,"8,25",,,,,
MTU032,,,UD. TURRON CHOCO-LECHE P. ALM. CARAMELIZADA,11,   914621T,16/12/2025,,,,,1,"9,9",,,"9,9",,,,,T251216
,04/03/2026 20:10:41,,,,,,,,,,,,,,,,,Página: 57,,
MTU016,,,KG. POLVORONES Y MANTECADOS,11,   914621T,16/12/2025,,,,,"0,48","19,8",,,"9,5",,,,,T251216
,,,Total albarán 11914621T,,,,,,,,"1,48",,,,"19,4",,,,,
MBB001,,,KG. BOMBONES SURTIDOS,11,   914631T,16/12/2025,,,,,"0,39","51,7",,,"20,16",,,,,T251216
,,,Total albarán 11914631T,,,,,,,,"0,39",,,,"20,16",,,,,
MTU001,,,UD. TURRON ALICANTE 300 GR.,11,   914646T,16/12/2025,,,,,1,"12,1",10,,"10,89",,,,,T251216
MFA002,,,KG. FRUTAS DE ARAGON,11,   914646T,16/12/2025,,,,,"0,06",33,10,,"1,78",,,,,T251216
MFA004,,,KG. MARRON GLACE,11,   914646T,16/12/2025,,,,,"0,12","61,6",10,,"6,65",,,,,T251216
MTU016,,,KG. POLVORONES Y MANTECADOS,11,   914646T,16/12/2025,,,,,"0,15","19,8",10,,"2,67",,,,,T251216
MFA001,,,KG. FRUTA ESCARCHADA,11,   914646T,16/12/2025,,,,,"0,12","29,7",10,,"3,2",,,,,T251216
,,,Total albarán 11914646T,,,,,,,,"1,45",,,,"25,19",,,,,
MTU010,,,KG. ALMENDRAS RELLENAS,11,   914657T,16/12/2025,,,,,"0,025","41,8",,,"1,05",,,,,T251216
MTU016,,,KG. POLVORONES Y MANTECADOS,11,   914657T,16/12/2025,,,,,"0,08","19,8",,,"1,58",,,,,T251216
,,,Total albarán 11914657T,,,,,,,,"0,105",,,,"2,63",,,,,
MVH010B,,,UD. BOTELLA AGUA 1/2 L. AQUABONA,11,   914666T,16/12/2025,,,,,1,"1,1",,,"1,1",,,,,T251216
,,,Total albarán 11914666T,,,,,,,,1,,,,"1,1",,,,,
MTU001,,,UD. TURRON ALICANTE 300 GR.,11,   914673T,16/12/2025,,,,,1,"12,1",,,"12,1",,,,,T251216
MTU002,,,UD. TURRON JIJONA 300 GR.,11,   914673T,16/12/2025,,,,,1,"12,1",,,"12,1",,,,,T251216
,,,Total albarán 11914673T,,,,,,,,2,,,,"24,2",,,,,
MFA002,,,KG. FRUTAS DE ARAGON,11,   914701T,16/12/2025,,,,,"0,24",33,,,"7,92",,,,,T251216
MTU016,,,KG. POLVORONES Y MANTECADOS,11,   914701T,16/12/2025,,,,,"0,47","19,8",,,"9,31",,,,,T251216
MCJ003,,,UD. BOLSA CARAMELOS MIEL 175 GR.,11,   914701T,16/12/2025,,,,,1,"3,3",,,"3,3",,,,,T251216
,,,Total albarán 11914701T,,,,,,,,"1,71",,,,"20,53",,,,,
MBB003,,,KG. LENGUAS DE GATO,11,   914705T,16/12/2025,,,,,"0,265","34,1",,,"9,04",,,,,T251216
,,,Total albarán 11914705T,,,,,,,,"0,265",,,,"9,04",,,,,
MCJ003,,,UD. BOLSA CARAMELOS MIEL 175 GR.,11,   914707T,16/12/2025,,,,,1,"3,3",,,"3,3",,,,,T251216
,,,Total albarán 11914707T,,,,,,,,1,,,,"3,3",,,,,
MFA001,,,KG. FRUTA ESCARCHADA,11,   914715T,16/12/2025,,,,,"0,35","29,7",,,"10,4",,,,,T251216
,,,Total albarán 11914715T,,,,,,,,"0,35",,,,"10,4",,,,,
MBB003,,,KG. LENGUAS DE GATO,11,   914716T,16/12/2025,,,,,1,10,,,10,,,,,T251216
,,,Total albarán 11914716T,,,,,,,,1,,,,10,,,,,
,04/03/2026 20:10:41,,,,,,,,,,,,,,,,,Página: 58,,
MVH008,,,"UD. AGUA MINERAL DE 1, 5 L. AQUABONA",11,   914722T,16/12/2025,,,,,1,"1,75",,,"1,75",,,,,T251216
MTU002,,,UD. TURRON JIJONA 300 GR.,11,   914722T,16/12/2025,,,,,1,"12,1",,,"12,1",,,,,T251216
,,,Total albarán 11914722T,,,,,,,,2,,,,"13,85",,,,,
MTU010,,,KG. ALMENDRAS RELLENAS,11,   914723T,16/12/2025,,,,,"0,25","41,8",,,"10,45",,,,,T251216
MTU016,,,KG. POLVORONES Y MANTECADOS,11,   914723T,16/12/2025,,,,,"0,5","19,8",,,"9,9",,,,,T251216
,,,Total albarán 11914723T,,,,,,,,"0,75",,,,"20,35",,,,,
MFA001,,,KG. FRUTA ESCARCHADA,11,   914724T,16/12/2025,,,,,"0,07","29,7",,,"2,08",,,,,T251216
,,,Total albarán 11914724T,,,,,,,,"0,07",,,,"2,08",,,,,
MFA004,,,KG. MARRON GLACE,11,   914731T,16/12/2025,,,,,"0,34","61,6",,,"20,94",,,,,T251216
,,,Total albarán 11914731T,,,,,,,,"0,34",,,,"20,94",,,,,
MVH010B,,,UD. BOTELLA AGUA 1/2 L. AQUABONA,11,   914739T,16/12/2025,,,,,1,"1,1",,,"1,1",,,,,T251216
,,,Total albarán 11914739T,,,,,,,,1,,,,"1,1",,,,,
MCG001F,,,UD. HUEVO PATRULLA CANINA,11,   914768T,16/12/2025,,,,,1,"1,5",,,"1,5",,,,,T251216
,,,Total albarán 11914768T,,,,,,,,1,,,,"1,5",,,,,
MTU016,,,KG. POLVORONES Y MANTECADOS,11,   914783T,16/12/2025,,,,,"0,82","19,8",,,"16,24",,,,,T251216
,,,Total albarán 11914783T,,,,,,,,"0,82",,,,"16,24",,,,,
MCN001,,,UD. CHUPA CHUPS,11,   914784T,16/12/2025,,,,,1,"0,3",,,"0,3",,,,,T251216
MCN001S,,,UD. CHUPA CHUPS GRANDE,11,   914784T,16/12/2025,,,,,1,1,,,1,,,,,T251216
,,,Total albarán 11914784T,,,,,,,,2,,,,"1,3",,,,,
MTU016,,,KG. POLVORONES Y MANTECADOS,11,   914805T,16/12/2025,,,,,1,"19,8",,,"19,8",,,,,T251216
,,,Total albarán 11914805T,,,,,,,,1,,,,"19,8",,,,,
MTU016,,,KG. POLVORONES Y MANTECADOS,11,   914816T,16/12/2025,,,,,"0,42","19,8",,,"8,32",,,,,T251216
MTU001,,,UD. TURRON ALICANTE 300 GR.,11,   914816T,16/12/2025,,,,,1,"12,1",,,"12,1",,,,,T251216
MTU002,,,UD. TURRON JIJONA 300 GR.,11,   914816T,16/12/2025,,,,,2,"12,1",,,"24,2",,,,,T251216
,,,Total albarán 11914816T,,,,,,,,"3,42",,,,"44,62",,,,,
MTU010,,,KG. ALMENDRAS RELLENAS,11,   914820T,16/12/2025,,,,,"0,25","41,8",,,"10,45",,,,,T251216
,,,Total albarán 11914820T,,,,,,,,"0,25",,,,"10,45",,,,,
MBB003,,,KG. LENGUAS DE GATO,11,   914831T,16/12/2025,,,,,"0,25","34,1",,,"8,53",,,,,T251216
MBB001,,,KG. BOMBONES SURTIDOS,11,   914831T,16/12/2025,,,,,"0,22","51,7",,,"11,37",,,,,T251216
,,,Total albarán 11914831T,,,,,,,,"0,47",,,,"19,9",,,,,
,04/03/2026 20:10:41,,,,,,,,,,,,,,,,,Página: 59,,
MTU011,,,KG. PASTELES YEMA,11,   914847T,16/12/2025,,,,,"0,075","38,5",,,"2,89",,,,,T251216
,,,Total albarán 11914847T,,,,,,,,"0,075",,,,"2,89",,,,,
MTU016,,,KG. POLVORONES Y MANTECADOS,11,   914854T,16/12/2025,,,,,"0,375","19,8",,,"7,43",,,,,T251216
,,,Total albarán 11914854T,,,,,,,,"0,375",,,,"7,43",,,,,
MCK048,,,UD. MEGA-ROULETE,11,   914858T,16/12/2025,,,,,1,"0,7",,,"0,7",,,,,T251216
,,,Total albarán 11914858T,,,,,,,,1,,,,"0,7",,,,,
MBB001,,,KG. BOMBONES SURTIDOS,11,   914859T,16/12/2025,,,,,"0,395","51,7",,,"20,42",,,,,T251216
MBB001,,,KG. BOMBONES SURTIDOS,11,   914859T,16/12/2025,,,,,"0,38","51,7",,,"19,65",,,,,T251216
MBB001,,,KG. BOMBONES SURTIDOS,11,   914859T,16/12/2025,,,,,"0,375","51,7",,,"19,39",,,,,T251216
,,,Total albarán 11914859T,,,,,,,,"1,15",,,,"59,46",,,,,
MBB003,,,KG. LENGUAS DE GATO,11,   914863T,16/12/2025,,,,,1,10,,,10,,,,,T251216
,,,Total albarán 11914863T,,,,,,,,1,,,,10,,,,,
MCG007C,,,UD. MEDALLON SANTO TOME 60 GR.,11,   914869T,16/12/2025,,,,,4,"2,75",,,11,,,,,T251216
,,,Total albarán 11914869T,,,,,,,,4,,,,11,,,,,
MBB001,,,KG. BOMBONES SURTIDOS,11,   914872T,16/12/2025,,,,,"0,14","51,7",,,"7,24",,,,,T251216
MBB003,,,KG. LENGUAS DE GATO,11,   914872T,16/12/2025,,,,,"0,055","34,1",,,"1,88",,,,,T251216
,,,Total albarán 11914872T,,,,,,,,"0,195",,,,"9,12",,,,,
MBB001,,,KG. BOMBONES SURTIDOS,11,   914873T,16/12/2025,,,,,"0,105","51,7",,,"5,43",,,,,T251216
MVH010B,,,UD. BOTELLA AGUA 1/2 L. AQUABONA,11,   914873T,16/12/2025,,,,,1,"1,1",,,"1,1",,,,,T251216
,,,Total albarán 11914873T,,,,,,,,"1,105",,,,"6,53",,,,,
MFA002,,,KG. FRUTAS DE ARAGON,11,   914891T,16/12/2025,,,,,"0,055",33,,,"1,82",,,,,T251216
,,,Total albarán 11914891T,,,,,,,,"0,055",,,,"1,82",,,,,
MBB003,,,KG. LENGUAS DE GATO,11,   914902T,16/12/2025,,,,,"0,065","34,1",,,"2,22",,,,,T251216
,,,Total albarán 11914902T,,,,,,,,"0,065",,,,"2,22",,,,,
MTU002,,,UD. TURRON JIJONA 300 GR.,11,   914917T,17/12/2025,,,,,2,"12,1",,,"24,2",,,,,T251217
,,,Total albarán 11914917T,,,,,,,,2,,,,"24,2",,,,,
MTU002,,,UD. TURRON JIJONA 300 GR.,11,   914927T,17/12/2025,,,,,1,"12,1",,,"12,1",,,,,T251217
MTU032,,,UD. TURRON CHOCO-LECHE P. ALM. CARAMELIZADA,11,   914927T,17/12/2025,,,,,1,"9,9",,,"9,9",,,,,T251217
,,,Total albarán 11914927T,,,,,,,,2,,,,22,,,,,
MBB001,,,KG. BOMBONES SURTIDOS,11,   914930T,17/12/2025,,,,,"0,25","51,7",,,"12,93",,,,,T251217
,,,Total albarán 11914930T,,,,,,,,"0,25",,,,"12,93",,,,,
,04/03/2026 20:10:41,,,,,,,,,,,,,,,,,Página: 60,,
MVH010B,,,UD. BOTELLA AGUA 1/2 L. AQUABONA,11,   914946T,17/12/2025,,,,,1,"1,1",,,"1,1",,,,,T251217
,,,Total albarán 11914946T,,,,,,,,1,,,,"1,1",,,,,
MBB003,,,KG. LENGUAS DE GATO,11,   914969T,17/12/2025,,,,,"0,45","34,1",,,"15,35",,,,,T251217
,,,Total albarán 11914969T,,,,,,,,"0,45",,,,"15,35",,,,,
MTU016,,,KG. POLVORONES Y MANTECADOS,11,   914976T,17/12/2025,,,,,"0,35","19,8",,,"6,93",,,,,T251217
,,,Total albarán 11914976T,,,,,,,,"0,35",,,,"6,93",,,,,
MTU011,,,KG. PASTELES YEMA,11,   914977T,17/12/2025,,,,,"0,33","38,5",,,"12,71",,,,,T251217
,,,Total albarán 11914977T,,,,,,,,"0,33",,,,"12,71",,,,,
MVH010B,,,UD. BOTELLA AGUA 1/2 L. AQUABONA,11,   914985T,17/12/2025,,,,,1,"1,1",,,"1,1",,,,,T251217
,,,Total albarán 11914985T,,,,,,,,1,,,,"1,1",,,,,
MTU016,,,KG. POLVORONES Y MANTECADOS,11,   914986T,17/12/2025,,,,,"0,26","19,8",,,"5,15",,,,,T251217
,,,Total albarán 11914986T,,,,,,,,"0,26",,,,"5,15",,,,,
MTU002,,,UD. TURRON JIJONA 300 GR.,11,   914987T,17/12/2025,,,,,2,"12,1",,,"24,2",,,,,T251217
MTU032,,,UD. TURRON CHOCO-LECHE P. ALM. CARAMELIZADA,11,   914987T,17/12/2025,,,,,2,"9,9",,,"19,8",,,,,T251217
MTU011,,,KG. PASTELES YEMA,11,   914987T,17/12/2025,,,,,"0,6","38,5",,,"23,1",,,,,T251217
,,,Total albarán 11914987T,,,,,,,,"4,6",,,,"67,1",,,,,
MVH010B,,,UD. BOTELLA AGUA 1/2 L. AQUABONA,11,   915003T,17/12/2025,,,,,1,"1,1",,,"1,1",,,,,T251217
MVH012A,,,UD. BOTELLA COCA COLA ZERO,11,   915003T,17/12/2025,,,,,1,2,,,2,,,,,T251217
,,,Total albarán 11915003T,,,,,,,,2,,,,"3,1",,,,,
MTU016,,,KG. POLVORONES Y MANTECADOS,11,   915005T,17/12/2025,,,,,"0,23","19,8",,,"4,55",,,,,T251217
MTU010,,,KG. ALMENDRAS RELLENAS,11,   915005T,17/12/2025,,,,,"0,09","41,8",,,"3,76",,,,,T251217
,,,Total albarán 11915005T,,,,,,,,"0,32",,,,"8,31",,,,,
MTU016,,,KG. POLVORONES Y MANTECADOS,11,   915006T,17/12/2025,,,,,"0,3","19,8",,,"5,94",,,,,T251217
,,,Total albarán 11915006T,,,,,,,,"0,3",,,,"5,94",,,,,
MTU016,,,KG. POLVORONES Y MANTECADOS,11,   915010T,17/12/2025,,,,,"0,5","19,8",,,"9,9",,,,,T251217
MTU010,,,KG. ALMENDRAS RELLENAS,11,   915010T,17/12/2025,,,,,"0,25","41,8",,,"10,45",,,,,T251217
,,,Total albarán 11915010T,,,,,,,,"0,75",,,,"20,35",,,,,
MFA002,,,KG. FRUTAS DE ARAGON,11,   915019T,17/12/2025,,,,,"0,25",33,,,"8,25",,,,,T251217
MTU010,,,KG. ALMENDRAS RELLENAS,11,   915019T,17/12/2025,,,,,"0,245","41,8",,,"10,24",,,,,T251217
,,,Total albarán 11915019T,,,,,,,,"0,495",,,,"18,49",,,,,
,04/03/2026 20:10:41,,,,,,,,,,,,,,,,,Página: 61,,
MTU016,,,KG. POLVORONES Y MANTECADOS,11,   915023T,17/12/2025,,,,,"0,3","19,8",,,"5,94",,,,,T251217
,,,Total albarán 11915023T,,,,,,,,"0,3",,,,"5,94",,,,,
MFA002,,,KG. FRUTAS DE ARAGON,11,   915029T,17/12/2025,,,,,"0,25",33,,,"8,25",,,,,T251217
,,,Total albarán 11915029T,,,,,,,,"0,25",,,,"8,25",,,,,
MFA002,,,KG. FRUTAS DE ARAGON,11,   915030T,17/12/2025,,,,,"0,25",33,,,"8,25",,,,,T251217
,,,Total albarán 11915030T,,,,,,,,"0,25",,,,"8,25",,,,,
MVH012A,,,UD. BOTELLA COCA COLA ZERO,11,   915035T,17/12/2025,,,,,1,2,,,2,,,,,T251217
,,,Total albarán 11915035T,,,,,,,,1,,,,2,,,,,
MBB001,,,KG. BOMBONES SURTIDOS,11,   915050T,17/12/2025,,,,,"0,21","51,7",,,"10,86",,,,,T251217
,,,Total albarán 11915050T,,,,,,,,"0,21",,,,"10,86",,,,,
MTU010,,,KG. ALMENDRAS RELLENAS,11,   915052T,17/12/2025,,,,,"0,175","41,8",,,"7,32",,,,,T251217
MCJ003D,,,UD. BOLSA CARAMELO NARANJA 175 GR.,11,   915052T,17/12/2025,,,,,1,"3,3",,,"3,3",,,,,T251217
MBB001,,,KG. BOMBONES SURTIDOS,11,   915052T,17/12/2025,,,,,"0,25","51,7",,,"12,93",,,,,T251217
,,,Total albarán 11915052T,,,,,,,,"1,425",,,,"23,55",,,,,
MFA002,,,KG. FRUTAS DE ARAGON,11,   915062T,17/12/2025,,,,,"0,5",33,,,"16,5",,,,,T251217
,,,Total albarán 11915062T,,,,,,,,"0,5",,,,"16,5",,,,,
MTU011,,,KG. PASTELES YEMA,11,   915064T,17/12/2025,,,,,"0,13","38,5",,,"5,01",,,,,T251217
,,,Total albarán 11915064T,,,,,,,,"0,13",,,,"5,01",,,,,
MTU016,,,KG. POLVORONES Y MANTECADOS,11,   915069T,17/12/2025,,,,,2,"19,8",,,"39,6",,,,,T251217
,,,Total albarán 11915069T,,,,,,,,2,,,,"39,6",,,,,
MBB003,,,KG. LENGUAS DE GATO,11,   915075T,17/12/2025,,,,,"0,06","34,1",,,"2,05",,,,,T251217
,,,Total albarán 11915075T,,,,,,,,"0,06",,,,"2,05",,,,,
MTU016,,,KG. POLVORONES Y MANTECADOS,11,   915097T,17/12/2025,,,,,"0,36","19,8",,,"7,13",,,,,T251217
MBB001,,,KG. BOMBONES SURTIDOS,11,   915097T,17/12/2025,,,,,"0,235","51,7",,,"12,15",,,,,T251217
,,,Total albarán 11915097T,,,,,,,,"0,595",,,,"19,28",,,,,
MTU010,,,KG. ALMENDRAS RELLENAS,11,   915098T,17/12/2025,,,,,"0,475","41,8",,,"19,86",,,,,T251217
,,,Total albarán 11915098T,,,,,,,,"0,475",,,,"19,86",,,,,
MBB003,,,KG. LENGUAS DE GATO,11,   915100T,17/12/2025,,,,,"1,6","34,1",,,"54,56",,,,,T251217
,,,Total albarán 11915100T,,,,,,,,"1,6",,,,"54,56",,,,,
MFA004,,,KG. MARRON GLACE,11,   915110T,17/12/2025,,,,,"0,62","61,6",,,"38,19",,,,,T251217
,,,Total albarán 11915110T,,,,,,,,"0,62",,,,"38,19",,,,,
,04/03/2026 20:10:41,,,,,,,,,,,,,,,,,Página: 62,,
MTU016,,,KG. POLVORONES Y MANTECADOS,11,   915116T,17/12/2025,,,,,"0,5","19,8",,,"9,9",,,,,T251217
,,,Total albarán 11915116T,,,,,,,,"0,5",,,,"9,9",,,,,
MTU016,,,KG. POLVORONES Y MANTECADOS,11,   915117T,17/12/2025,,,,,"0,5","19,8",,,"9,9",,,,,T251217
,,,Total albarán 11915117T,,,,,,,,"0,5",,,,"9,9",,,,,
MCJ003F,,,UD. BOLSA CARAMELO MIEL - EUCALIPTO 175 GR.,11,   915125T,17/12/2025,,,,,1,"3,3",,,"3,3",,,,,T251217
,,,Total albarán 11915125T,,,,,,,,1,,,,"3,3",,,,,
MTU016,,,KG. POLVORONES Y MANTECADOS,11,   915137T,17/12/2025,,,,,"0,21","19,8",,,"4,16",,,,,T251217
,,,Total albarán 11915137T,,,,,,,,"0,21",,,,"4,16",,,,,
MBB001,,,KG. BOMBONES SURTIDOS,11,   915142T,17/12/2025,,,,,"0,045","51,7",,,"2,33",,,,,T251217
MVH010B,,,UD. BOTELLA AGUA 1/2 L. AQUABONA,11,   915142T,17/12/2025,,,,,1,"1,1",,,"1,1",,,,,T251217
,,,Total albarán 11915142T,,,,,,,,"1,045",,,,"3,43",,,,,
MBB001,,,KG. BOMBONES SURTIDOS,11,   915161T,17/12/2025,,,,,"0,22","51,7",,,"11,37",,,,,T251217
,,,Total albarán 11915161T,,,,,,,,"0,22",,,,"11,37",,,,,
MTU016,,,KG. POLVORONES Y MANTECADOS,11,   915178T,17/12/2025,,,,,"0,215","19,8",,,"4,26",,,,,T251217
MCG001H,,,UD. HUEVO BARBIE,11,   915178T,17/12/2025,,,,,1,"1,5",,,"1,5",,,,,T251217
MCG006A,,,UD. SOMBRILLA DE CHOCOLATE 15 GMS.,11,   915178T,17/12/2025,,,,,1,"1,1",,,"1,1",,,,,T251217
,,,Total albarán 11915178T,,,,,,,,"2,215",,,,"6,86",,,,,
MTU016,,,KG. POLVORONES Y MANTECADOS,11,   915186T,17/12/2025,,,,,"0,04","19,8",,,"0,79",,,,,T251217
,,,Total albarán 11915186T,,,,,,,,"0,04",,,,"0,79",,,,,
MVH010B,,,UD. BOTELLA AGUA 1/2 L. AQUABONA,11,   915190T,17/12/2025,,,,,1,"1,1",,,"1,1",,,,,T251217
,,,Total albarán 11915190T,,,,,,,,1,,,,"1,1",,,,,
MTU010,,,KG. ALMENDRAS RELLENAS,11,   915198T,17/12/2025,,,,,"0,25","41,8",,,"10,45",,,,,T251217
,,,Total albarán 11915198T,,,,,,,,"0,25",,,,"10,45",,,,,
MVH010B,,,UD. BOTELLA AGUA 1/2 L. AQUABONA,11,   915211T,17/12/2025,,,,,1,"1,1",,,"1,1",,,,,T251217
,,,Total albarán 11915211T,,,,,,,,1,,,,"1,1",,,,,
MVH012A,,,UD. BOTELLA COCA COLA ZERO,11,   915212T,17/12/2025,,,,,1,2,,,2,,,,,T251217
,,,Total albarán 11915212T,,,,,,,,1,,,,2,,,,,
MFA001,,,KG. FRUTA ESCARCHADA,11,   915219T,17/12/2025,,,,,"0,9","29,7",,,"26,73",,,,,T251217
,,,Total albarán 11915219T,,,,,,,,"0,9",,,,"26,73",,,,,
,04/03/2026 20:10:41,,,,,,,,,,,,,,,,,Página: 63,,
MTU010,,,KG. ALMENDRAS RELLENAS,11,   915220T,17/12/2025,,,,,"0,165","41,8",,,"6,9",,,,,T251217
,,,Total albarán 11915220T,,,,,,,,"0,165",,,,"6,9",,,,,
MVH010B,,,UD. BOTELLA AGUA 1/2 L. AQUABONA,11,   915230T,17/12/2025,,,,,1,"1,1",,,"1,1",,,,,T251217
,,,Total albarán 11915230T,,,,,,,,1,,,,"1,1",,,,,
MBB003,,,KG. LENGUAS DE GATO,11,   915233T,17/12/2025,,,,,"0,25","34,1",,,"8,53",,,,,T251217
,,,Total albarán 11915233T,,,,,,,,"0,25",,,,"8,53",,,,,
MBB003,,,KG. LENGUAS DE GATO,11,   915235T,17/12/2025,,,,,"0,27","34,1",,,"9,21",,,,,T251217
,,,Total albarán 11915235T,,,,,,,,"0,27",,,,"9,21",,,,,
MVH010B,,,UD. BOTELLA AGUA 1/2 L. AQUABONA,11,   915244T,17/12/2025,,,,,1,"1,1",,,"1,1",,,,,T251217
,,,Total albarán 11915244T,,,,,,,,1,,,,"1,1",,,,,
MTU002,,,UD. TURRON JIJONA 300 GR.,11,   915250T,17/12/2025,,,,,1,"12,1",,,"12,1",,,,,T251217
MTU001,,,UD. TURRON ALICANTE 300 GR.,11,   915250T,17/12/2025,,,,,1,"12,1",,,"12,1",,,,,T251217
MTU010,,,KG. ALMENDRAS RELLENAS,11,   915250T,17/12/2025,,,,,"0,3","41,8",,,"12,54",,,,,T251217
MTU016,,,KG. POLVORONES Y MANTECADOS,11,   915250T,17/12/2025,,,,,"0,5","19,8",,,"9,9",,,,,T251217
,,,Total albarán 11915250T,,,,,,,,"2,8",,,,"46,64",,,,,
MCJ003I,,,UD. BOLSA CARAMELOS GUMI,11,   915257T,17/12/2025,,,,,1,"3,3",,,"3,3",,,,,T251217
,,,Total albarán 11915257T,,,,,,,,1,,,,"3,3",,,,,
MBB001,,,KG. BOMBONES SURTIDOS,11,   915258T,17/12/2025,,,,,"0,23","51,7",,,"11,89",,,,,T251217
MCG007A,,,UD. BOLSA MONEDAS CHOCOLATE 50 gm.,11,   915258T,17/12/2025,,,,,1,"1,65",,,"1,65",,,,,T251217
MTU011,,,KG. PASTELES YEMA,11,   915258T,17/12/2025,,,,,"0,25","38,5",,,"9,63",,,,,T251217
MTU010,,,KG. ALMENDRAS RELLENAS,11,   915258T,17/12/2025,,,,,"0,25","41,8",,,"10,45",,,,,T251217
MFA001,,,KG. FRUTA ESCARCHADA,11,   915258T,17/12/2025,,,,,"0,25","29,7",,,"7,43",,,,,T251217
,,,Total albarán 11915258T,,,,,,,,"1,98",,,,"41,05",,,,,
MTU001,,,UD. TURRON ALICANTE 300 GR.,11,   915264T,17/12/2025,,,,,1,"12,1",,,"12,1",,,,,T251217
,,,Total albarán 11915264T,,,,,,,,1,,,,"12,1",,,,,
MTU016,,,KG. POLVORONES Y MANTECADOS,11,   915270T,17/12/2025,,,,,"0,355","19,8",,,"7,03",,,,,T251217
,,,Total albarán 11915270T,,,,,,,,"0,355",,,,"7,03",,,,,
MTU016,,,KG. POLVORONES Y MANTECADOS,11,   915275T,17/12/2025,,,,,"0,25","19,8",,,"4,95",,,,,T251217
,,,Total albarán 11915275T,,,,,,,,"0,25",,,,"4,95",,,,,
MCG001I,,,UD. HUEVO HOTWHEELS,11,   915276T,17/12/2025,,,,,1,"1,5",,,"1,5",,,,,T251217
,04/03/2026 20:10:42,,,,,,,,,,,,,,,,,Página: 64,,
,,,Total albarán 11915276T,,,,,,,,1,,,,"1,5",,,,,
MFA002,,,KG. FRUTAS DE ARAGON,11,   915277T,17/12/2025,,,,,"0,3",33,,,"9,9",,,,,T251217
,,,Total albarán 11915277T,,,,,,,,"0,3",,,,"9,9",,,,,
MTU019,,,UD. BOLSA PIÑONES 150 GR.,11,   915292T,17/12/2025,,,,,1,11,,,11,,,,,T251217
,,,Total albarán 11915292T,,,,,,,,1,,,,11,,,,,
MBB001,,,KG. BOMBONES SURTIDOS,11,   915296T,17/12/2025,,,,,"0,25","51,7",,,"12,93",,,,,T251217
,,,Total albarán 11915296T,,,,,,,,"0,25",,,,"12,93",,,,,
MBB001,,,KG. BOMBONES SURTIDOS,11,   915308T,17/12/2025,,,,,"0,16","51,7",,,"8,27",,,,,T251217
,,,Total albarán 11915308T,,,,,,,,"0,16",,,,"8,27",,,,,
MCK048,,,UD. MEGA-ROULETE,11,   915339T,17/12/2025,,,,,1,"0,7",,,"0,7",,,,,T251217
,,,Total albarán 11915339T,,,,,,,,1,,,,"0,7",,,,,
MFA002,,,KG. FRUTAS DE ARAGON,11,   915340T,17/12/2025,,,,,"0,5",33,,,"16,5",,,,,T251217
,,,Total albarán 11915340T,,,,,,,,"0,5",,,,"16,5",,,,,
MTU001,,,UD. TURRON ALICANTE 300 GR.,11,   915352T,17/12/2025,,,,,1,"12,1",,,"12,1",,,,,T251217
,,,Total albarán 11915352T,,,,,,,,1,,,,"12,1",,,,,
MCG006A,,,UD. SOMBRILLA DE CHOCOLATE 15 GMS.,11,   915354T,17/12/2025,,,,,4,"1,1",,,"4,4",,,,,T251217
,,,Total albarán 11915354T,,,,,,,,4,,,,"4,4",,,,,
MFA001,,,KG. FRUTA ESCARCHADA,11,   915360T,18/12/2025,,,,,"0,3","29,7",,,"8,91",,,,,T251218
,,,Total albarán 11915360T,,,,,,,,"0,3",,,,"8,91",,,,,
MBB003,,,KG. LENGUAS DE GATO,11,   915366T,18/12/2025,,,,,1,10,,,10,,,,,T251218
,,,Total albarán 11915366T,,,,,,,,1,,,,10,,,,,
MTU010,,,KG. ALMENDRAS RELLENAS,11,   915368T,18/12/2025,,,,,"0,155","41,8",,,"6,48",,,,,T251218
,,,Total albarán 11915368T,,,,,,,,"0,155",,,,"6,48",,,,,
MTU002,,,UD. TURRON JIJONA 300 GR.,11,   915380T,18/12/2025,,,,,1,"12,1",,,"12,1",,,,,T251218
,,,Total albarán 11915380T,,,,,,,,1,,,,"12,1",,,,,
MTU019,,,UD. BOLSA PIÑONES 150 GR.,11,   915391T,18/12/2025,,,,,1,11,,,11,,,,,T251218
,,,Total albarán 11915391T,,,,,,,,1,,,,11,,,,,
MTU016,,,KG. POLVORONES Y MANTECADOS,11,   915401T,18/12/2025,,,,,"0,5","19,8",,,"9,9",,,,,T251218
,,,Total albarán 11915401T,,,,,,,,"0,5",,,,"9,9",,,,,
MFA001,,,KG. FRUTA ESCARCHADA,11,   915408T,18/12/2025,,,,,"0,375","29,7",,,"11,14",,,,,T251218
,,,Total albarán 11915408T,,,,,,,,"0,375",,,,"11,14",,,,,
,04/03/2026 20:10:42,,,,,,,,,,,,,,,,,Página: 65,,
MTU016,,,KG. POLVORONES Y MANTECADOS,11,   915410T,18/12/2025,,,,,"0,5","19,8",,,"9,9",,,,,T251218
,,,Total albarán 11915410T,,,,,,,,"0,5",,,,"9,9",,,,,
MTU010,,,KG. ALMENDRAS RELLENAS,11,   915418T,18/12/2025,,,,,"0,26","41,8",,,"10,87",,,,,T251218
,,,Total albarán 11915418T,,,,,,,,"0,26",,,,"10,87",,,,,
MTU001,,,UD. TURRON ALICANTE 300 GR.,11,   915430T,18/12/2025,,,,,1,"12,1",,,"12,1",,,,,T251218
,,,Total albarán 11915430T,,,,,,,,1,,,,"12,1",,,,,
MBB001,,,KG. BOMBONES SURTIDOS,11,   915440T,18/12/2025,,,,,"0,145","51,7",,,"7,5",,,,,T251218
MBB003,,,KG. LENGUAS DE GATO,11,   915440T,18/12/2025,,,,,"0,025","34,1",,,"0,85",,,,,T251218
,,,Total albarán 11915440T,,,,,,,,"0,17",,,,"8,35",,,,,
MFA001,,,KG. FRUTA ESCARCHADA,11,   915448T,18/12/2025,,,,,"0,23","29,7",,,"6,83",,,,,T251218
,,,Total albarán 11915448T,,,,,,,,"0,23",,,,"6,83",,,,,
MTU019,,,UD. BOLSA PIÑONES 150 GR.,11,   915453T,18/12/2025,,,,,1,11,,,11,,,,,T251218
,,,Total albarán 11915453T,,,,,,,,1,,,,11,,,,,
MCG007C,,,UD. MEDALLON SANTO TOME 60 GR.,11,   915459T,18/12/2025,,,,,1,"2,75",,,"2,75",,,,,T251218
,,,Total albarán 11915459T,,,,,,,,1,,,,"2,75",,,,,
MBB003,,,KG. LENGUAS DE GATO,11,   915460T,18/12/2025,,,,,"0,42","34,1",,,"14,32",,,,,T251218
,,,Total albarán 11915460T,,,,,,,,"0,42",,,,"14,32",,,,,
MTU010,,,KG. ALMENDRAS RELLENAS,11,   915464T,18/12/2025,,,,,"0,11","41,8",,,"4,6",,,,,T251218
,,,Total albarán 11915464T,,,,,,,,"0,11",,,,"4,6",,,,,
MTU002,,,UD. TURRON JIJONA 300 GR.,11,   915468T,18/12/2025,,,,,1,"12,1",,,"12,1",,,,,T251218
,,,Total albarán 11915468T,,,,,,,,1,,,,"12,1",,,,,
MFA001,,,KG. FRUTA ESCARCHADA,11,   915478T,18/12/2025,,,,,"0,2","29,7",,,"5,94",,,,,T251218
,,,Total albarán 11915478T,,,,,,,,"0,2",,,,"5,94",,,,,
MTU012,,,KG. PASTELES YEMA-CHOCOLATE,11,   915483T,18/12/2025,,,,,"0,58","38,5",,,"22,33",,,,,T251218
MFA001,,,KG. FRUTA ESCARCHADA,11,   915483T,18/12/2025,,,,,"0,5","29,7",,,"14,85",,,,,T251218
,,,Total albarán 11915483T,,,,,,,,"1,08",,,,"37,18",,,,,
MTU016,,,KG. POLVORONES Y MANTECADOS,11,   915489T,18/12/2025,,,,,"0,5","19,8",,,"9,9",,,,,T251218
,,,Total albarán 11915489T,,,,,,,,"0,5",,,,"9,9",,,,,
MTU016,,,KG. POLVORONES Y MANTECADOS,11,   915490T,18/12/2025,,,,,"0,25","19,8",,,"4,95",,,,,T251218
,,,Total albarán 11915490T,,,,,,,,"0,25",,,,"4,95",,,,,
,04/03/2026 20:10:42,,,,,,,,,,,,,,,,,Página: 66,,
MTU002,,,UD. TURRON JIJONA 300 GR.,11,   915514T,18/12/2025,,,,,1,"12,1",,,"12,1",,,,,T251218
,,,Total albarán 11915514T,,,,,,,,1,,,,"12,1",,,,,
MTU002,,,UD. TURRON JIJONA 300 GR.,11,   915516T,18/12/2025,,,,,1,"12,1",,,"12,1",,,,,T251218
,,,Total albarán 11915516T,,,,,,,,1,,,,"12,1",,,,,
MTU018,,,UD. BOLSA PELADILLA 150 GR.,11,   915520T,18/12/2025,,,,,1,"6,05",,,"6,05",,,,,T251218
MCJ003D,,,UD. BOLSA CARAMELO NARANJA 175 GR.,11,   915520T,18/12/2025,,,,,1,"3,3",,,"3,3",,,,,T251218
,,,Total albarán 11915520T,,,,,,,,2,,,,"9,35",,,,,
MCN001,,,UD. CHUPA CHUPS,11,   915531T,18/12/2025,,,,,1,"0,33",,,"0,33",,,,,T251218
,,,Total albarán 11915531T,,,,,,,,1,,,,"0,33",,,,,
MCG007A,,,UD. BOLSA MONEDAS CHOCOLATE 50 gm.,11,   915537T,18/12/2025,,,,,1,"1,65",,,"1,65",,,,,T251218
,,,Total albarán 11915537T,,,,,,,,1,,,,"1,65",,,,,
MTU002,,,UD. TURRON JIJONA 300 GR.,11,   915538T,18/12/2025,,,,,2,"12,1",,,"24,2",,,,,T251218
,,,Total albarán 11915538T,,,,,,,,2,,,,"24,2",,,,,
MTU016,,,KG. POLVORONES Y MANTECADOS,11,   915552T,18/12/2025,,,,,1,"19,8",,,"19,8",,,,,T251218
,,,Total albarán 11915552T,,,,,,,,1,,,,"19,8",,,,,
MTU010,,,KG. ALMENDRAS RELLENAS,11,   915557T,18/12/2025,,,,,"0,26","41,8",,,"10,87",,,,,T251218
,,,Total albarán 11915557T,,,,,,,,"0,26",,,,"10,87",,,,,
MVH010B,,,UD. BOTELLA AGUA 1/2 L. AQUABONA,11,   915565T,18/12/2025,,,,,1,"1,1",,,"1,1",,,,,T251218
,,,Total albarán 11915565T,,,,,,,,1,,,,"1,1",,,,,
MFA004,,,KG. MARRON GLACE,11,   915572T,18/12/2025,,,,,"0,16","61,6",,,"9,86",,,,,T251218
,,,Total albarán 11915572T,,,,,,,,"0,16",,,,"9,86",,,,,
MFA001,,,KG. FRUTA ESCARCHADA,11,   915583T,18/12/2025,,,,,"0,5","29,7",,,"14,85",,,,,T251218
,,,Total albarán 11915583T,,,,,,,,"0,5",,,,"14,85",,,,,
MTU016A,,,KG. MANTECADOS FELIPE II,11,   915586T,18/12/2025,,,,,"0,465",55,,,"25,58",,,,,T251218
,,,Total albarán 11915586T,,,,,,,,"0,465",,,,"25,58",,,,,
MVH010B,,,UD. BOTELLA AGUA 1/2 L. AQUABONA,11,   915587T,18/12/2025,,,,,1,"1,1",,,"1,1",,,,,T251218
,,,Total albarán 11915587T,,,,,,,,1,,,,"1,1",,,,,
MFA001,,,KG. FRUTA ESCARCHADA,11,   915589T,18/12/2025,,,,,"0,3","29,7",,,"8,91",,,,,T251218
,,,Total albarán 11915589T,,,,,,,,"0,3",,,,"8,91",,,,,
MTU011,,,KG. PASTELES YEMA,11,   915596T,18/12/2025,,,,,"0,23","38,5",,,"8,86",,,,,T251218
,,,Total albarán 11915596T,,,,,,,,"0,23",,,,"8,86",,,,,
,04/03/2026 20:10:42,,,,,,,,,,,,,,,,,Página: 67,,
MTU032,,,UD. TURRON CHOCO-LECHE P. ALM. CARAMELIZADA,11,   915616T,18/12/2025,,,,,1,"9,9",,,"9,9",,,,,T251218
MTU001,,,UD. TURRON ALICANTE 300 GR.,11,   915616T,18/12/2025,,,,,1,"12,1",,,"12,1",,,,,T251218
,,,Total albarán 11915616T,,,,,,,,2,,,,22,,,,,
MTU016,,,KG. POLVORONES Y MANTECADOS,11,   915659T,18/12/2025,,,,,"0,5","19,8",,,"9,9",,,,,T251218
,,,Total albarán 11915659T,,,,,,,,"0,5",,,,"9,9",,,,,
MTU010,,,KG. ALMENDRAS RELLENAS,11,   915670T,18/12/2025,,,,,"0,22","41,8",,,"9,2",,,,,T251218
MTU016A,,,KG. MANTECADOS FELIPE II,11,   915670T,18/12/2025,,,,,"0,315",55,,,"17,33",,,,,T251218
,,,Total albarán 11915670T,,,,,,,,"0,535",,,,"26,53",,,,,
MCG006A,,,UD. SOMBRILLA DE CHOCOLATE 15 GMS.,11,   915681T,18/12/2025,,,,,1,"1,1",,,"1,1",,,,,T251218
,,,Total albarán 11915681T,,,,,,,,1,,,,"1,1",,,,,
MBB001,,,KG. BOMBONES SURTIDOS,11,   915689T,18/12/2025,,,,,"0,22","51,7",,,"11,37",,,,,T251218
,,,Total albarán 11915689T,,,,,,,,"0,22",,,,"11,37",,,,,
MBB003,,,KG. LENGUAS DE GATO,11,   915692T,18/12/2025,,,,,"0,2","34,1",,,"6,82",,,,,T251218
MFA001,,,KG. FRUTA ESCARCHADA,11,   915692T,18/12/2025,,,,,"0,275","29,7",,,"8,17",,,,,T251218
,,,Total albarán 11915692T,,,,,,,,"0,475",,,,"14,99",,,,,
MTU002,,,UD. TURRON JIJONA 300 GR.,11,   915697T,18/12/2025,,,,,1,"12,1",,,"12,1",,,,,T251218
,,,Total albarán 11915697T,,,,,,,,1,,,,"12,1",,,,,
MFA001,,,KG. FRUTA ESCARCHADA,11,   915698T,18/12/2025,,,,,"0,21","29,7",,,"6,24",,,,,T251218
,,,Total albarán 11915698T,,,,,,,,"0,21",,,,"6,24",,,,,
MBB001,,,KG. BOMBONES SURTIDOS,11,   915708T,18/12/2025,,,,,"0,145","51,7",,,"7,5",,,,,T251218
,,,Total albarán 11915708T,,,,,,,,"0,145",,,,"7,5",,,,,
MTU016,,,KG. POLVORONES Y MANTECADOS,11,   915714T,18/12/2025,,,,,"0,41","19,8",,,"8,12",,,,,T251218
,,,Total albarán 11915714T,,,,,,,,"0,41",,,,"8,12",,,,,
MFA001,,,KG. FRUTA ESCARCHADA,11,   915721T,18/12/2025,,,,,"0,165","29,7",,,"4,9",,,,,T251218
,,,Total albarán 11915721T,,,,,,,,"0,165",,,,"4,9",,,,,
MTU002,,,UD. TURRON JIJONA 300 GR.,11,   915723T,18/12/2025,,,,,1,"12,1",,,"12,1",,,,,T251218
,,,Total albarán 11915723T,,,,,,,,1,,,,"12,1",,,,,
MFA001,,,KG. FRUTA ESCARCHADA,11,   915724T,18/12/2025,,,,,"0,25","29,7",,,"7,43",,,,,T251218
,,,Total albarán 11915724T,,,,,,,,"0,25",,,,"7,43",,,,,
MVH010B,,,UD. BOTELLA AGUA 1/2 L. AQUABONA,11,   915727T,18/12/2025,,,,,1,"1,1",,,"1,1",,,,,T251218
,,,Total albarán 11915727T,,,,,,,,1,,,,"1,1",,,,,
,04/03/2026 20:10:42,,,,,,,,,,,,,,,,,Página: 68,,
MTU016,,,KG. POLVORONES Y MANTECADOS,11,   915734T,18/12/2025,,,,,"0,075","19,8",,,"1,49",,,,,T251218
,,,Total albarán 11915734T,,,,,,,,"0,075",,,,"1,49",,,,,
MCK008R,,,UD. SMINT BUBLLE FRESH,11,   915737T,18/12/2025,,,,,1,"2,2",,,"2,2",,,,,T251218
MCK024C,,,UD. EST. HALLS ORIGINAL,11,   915737T,18/12/2025,,,,,1,"1,54",,,"1,54",,,,,T251218
,,,Total albarán 11915737T,,,,,,,,2,,,,"3,74",,,,,
MTU011,,,KG. PASTELES YEMA,11,   915747T,18/12/2025,,,,,"0,03","38,5",,,"1,16",,,,,T251218
,,,Total albarán 11915747T,,,,,,,,"0,03",,,,"1,16",,,,,
MTU010,,,KG. ALMENDRAS RELLENAS,11,   915750T,18/12/2025,,,,,"0,25","41,8",,,"10,45",,,,,T251218
,,,Total albarán 11915750T,,,,,,,,"0,25",,,,"10,45",,,,,
MBB001,,,KG. BOMBONES SURTIDOS,11,   915752T,18/12/2025,,,,,"0,84","51,7",,,"43,43",,,,,T251218
,,,Total albarán 11915752T,,,,,,,,"0,84",,,,"43,43",,,,,
MBB003,,,KG. LENGUAS DE GATO,11,   915755T,18/12/2025,,,,,"0,085","34,1",,,"2,9",,,,,T251218
,,,Total albarán 11915755T,,,,,,,,"0,085",,,,"2,9",,,,,
MCG006A,,,UD. SOMBRILLA DE CHOCOLATE 15 GMS.,11,   915758T,18/12/2025,,,,,2,"1,1",,,"2,2",,,,,T251218
,,,Total albarán 11915758T,,,,,,,,2,,,,"2,2",,,,,
MTU001,,,UD. TURRON ALICANTE 300 GR.,11,   915763T,18/12/2025,,,,,1,"12,1",,,"12,1",,,,,T251218
MTU029,,,UD. TURRON CHOCOLATE CRUJIENTE,11,   915763T,18/12/2025,,,,,1,"8,25",,,"8,25",,,,,T251218
,,,Total albarán 11915763T,,,,,,,,2,,,,"20,35",,,,,
MTU010,,,KG. ALMENDRAS RELLENAS,11,   915768T,18/12/2025,,,,,"0,165","41,8",,,"6,9",,,,,T251218
,,,Total albarán 11915768T,,,,,,,,"0,165",,,,"6,9",,,,,
MTU016A,,,KG. MANTECADOS FELIPE II,11,   915770T,18/12/2025,,,,,"0,08",55,,,"4,4",,,,,T251218
,,,Total albarán 11915770T,,,,,,,,"0,08",,,,"4,4",,,,,
MFA002,,,KG. FRUTAS DE ARAGON,11,   915772T,18/12/2025,,,,,"0,305",33,,,"10,07",,,,,T251218
,,,Total albarán 11915772T,,,,,,,,"0,305",,,,"10,07",,,,,
MTU016A,,,KG. MANTECADOS FELIPE II,11,   915785T,18/12/2025,,,,,"0,24",55,,,"13,2",,,,,T251218
MTU016,,,KG. POLVORONES Y MANTECADOS,11,   915785T,18/12/2025,,,,,"0,6","19,8",,,"11,88",,,,,T251218
,,,Total albarán 11915785T,,,,,,,,"0,84",,,,"25,08",,,,,
MTU016,,,KG. POLVORONES Y MANTECADOS,11,   915787T,18/12/2025,,,,,"0,5","19,8",,,"9,9",,,,,T251218
MFA001,,,KG. FRUTA ESCARCHADA,11,   915787T,18/12/2025,,,,,"0,28","29,7",,,"8,32",,,,,T251218
,,,Total albarán 11915787T,,,,,,,,"0,78",,,,"18,22",,,,,
MCG001H,,,UD. HUEVO BARBIE,11,   915788T,18/12/2025,,,,,1,"1,5",,,"1,5",,,,,T251218
,04/03/2026 20:10:42,,,,,,,,,,,,,,,,,Página: 69,,
MCG005,,,UD. SOMBRILLA DE CHOCOLATE 10 GMS.,11,   915788T,18/12/2025,,,,,2,"0,9",,,"1,8",,,,,T251218
MCG006A,,,UD. SOMBRILLA DE CHOCOLATE 15 GMS.,11,   915788T,18/12/2025,,,,,1,"1,1",,,"1,1",,,,,T251218
,,,Total albarán 11915788T,,,,,,,,4,,,,"4,4",,,,,
MTU018,,,UD. BOLSA PELADILLA 150 GR.,11,   915802T,19/12/2025,,,,,1,"6,05",,,"6,05",,,,,T251219
,,,Total albarán 11915802T,,,,,,,,1,,,,"6,05",,,,,
MFA004,,,KG. MARRON GLACE,11,   915811T,19/12/2025,,,,,"0,03","61,6",,,"1,85",,,,,T251219
,,,Total albarán 11915811T,,,,,,,,"0,03",,,,"1,85",,,,,
MTU010,,,KG. ALMENDRAS RELLENAS,11,   915814T,19/12/2025,,,,,"0,07","41,8",,,"2,93",,,,,T251219
,,,Total albarán 11915814T,,,,,,,,"0,07",,,,"2,93",,,,,
MTU016,,,KG. POLVORONES Y MANTECADOS,11,   915817T,19/12/2025,,,,,"0,25","19,8",,,"4,95",,,,,T251219
,,,Total albarán 11915817T,,,,,,,,"0,25",,,,"4,95",,,,,
MFA001,,,KG. FRUTA ESCARCHADA,11,   915828T,19/12/2025,,,,,"0,38","29,7",,,"11,29",,,,,T251219
,,,Total albarán 11915828T,,,,,,,,"0,38",,,,"11,29",,,,,
MFA004,,,KG. MARRON GLACE,11,   915839T,19/12/2025,,,,,"0,22","61,6",,,"13,55",,,,,T251219
,,,Total albarán 11915839T,,,,,,,,"0,22",,,,"13,55",,,,,
MVH008,,,"UD. AGUA MINERAL DE 1, 5 L. AQUABONA",11,   915843T,19/12/2025,,,,,1,"1,75",,,"1,75",,,,,T251219
,,,Total albarán 11915843T,,,,,,,,1,,,,"1,75",,,,,
MBB003,,,KG. LENGUAS DE GATO,11,   915845T,19/12/2025,,,,,"0,085","34,1",,,"2,9",,,,,T251219
,,,Total albarán 11915845T,,,,,,,,"0,085",,,,"2,9",,,,,
MCG007C,,,UD. MEDALLON SANTO TOME 60 GR.,11,   915859T,19/12/2025,,,,,6,"2,75",,,"16,5",,,,,T251219
,,,Total albarán 11915859T,,,,,,,,6,,,,"16,5",,,,,
MFA001,,,KG. FRUTA ESCARCHADA,11,   915863T,19/12/2025,,,,,"0,26","29,7",,,"7,72",,,,,T251219
,,,Total albarán 11915863T,,,,,,,,"0,26",,,,"7,72",,,,,
MBB003,,,KG. LENGUAS DE GATO,11,   915865T,19/12/2025,,,,,"0,13","34,1",,,"4,43",,,,,T251219
MTU016,,,KG. POLVORONES Y MANTECADOS,11,   915865T,19/12/2025,,,,,"0,52","19,8",,,"10,3",,,,,T251219
MTU002,,,UD. TURRON JIJONA 300 GR.,11,   915865T,19/12/2025,,,,,1,"12,1",,,"12,1",,,,,T251219
,,,Total albarán 11915865T,,,,,,,,"1,65",,,,"26,83",,,,,
MFA001,,,KG. FRUTA ESCARCHADA,11,   915876T,19/12/2025,,,,,"0,25","29,7",,,"7,43",,,,,T251219
MTU011,,,KG. PASTELES YEMA,11,   915876T,19/12/2025,,,,,"0,5","38,5",,,"19,25",,,,,T251219
,,,Total albarán 11915876T,,,,,,,,"0,75",,,,"26,68",,,,,
,04/03/2026 20:10:42,,,,,,,,,,,,,,,,,Página: 70,,
MBB001,,,KG. BOMBONES SURTIDOS,11,   915886T,19/12/2025,,,,,"0,04","51,7",,,"2,07",,,,,T251219
,,,Total albarán 11915886T,,,,,,,,"0,04",,,,"2,07",,,,,
MBB003,,,KG. LENGUAS DE GATO,11,   915887T,19/12/2025,,,,,1,10,,,10,,,,,T251219
,,,Total albarán 11915887T,,,,,,,,1,,,,10,,,,,
MFA001,,,KG. FRUTA ESCARCHADA,11,   915894T,19/12/2025,,,,,"0,285","29,7",,,"8,46",,,,,T251219
,,,Total albarán 11915894T,,,,,,,,"0,285",,,,"8,46",,,,,
MBB003,,,KG. LENGUAS DE GATO,11,   915901T,19/12/2025,,,,,"0,29","34,1",15,,"8,41",,,,,T251219
,,,Total albarán 11915901T,,,,,,,,"0,29",,,,"8,41",,,,,
MFA004,,,KG. MARRON GLACE,11,   915906T,19/12/2025,,,,,"0,03","61,6",,,"1,85",,,,,T251219
MTU011,,,KG. PASTELES YEMA,11,   915906T,19/12/2025,,,,,"0,04","38,5",,,"1,54",,,,,T251219
MTU016,,,KG. POLVORONES Y MANTECADOS,11,   915906T,19/12/2025,,,,,"0,235","19,8",,,"4,65",,,,,T251219
MTU016A,,,KG. MANTECADOS FELIPE II,11,   915906T,19/12/2025,,,,,"0,08",55,,,"4,4",,,,,T251219
,,,Total albarán 11915906T,,,,,,,,"0,385",,,,"12,44",,,,,
MVH012,,,UD. BOTELLA COCA COLA,11,   915910T,19/12/2025,,,,,1,2,,,2,,,,,T251219
,,,Total albarán 11915910T,,,,,,,,1,,,,2,,,,,
MTU016,,,KG. POLVORONES Y MANTECADOS,11,   915916T,19/12/2025,,,,,"0,555","19,8",,,"10,99",,,,,T251219
,,,Total albarán 11915916T,,,,,,,,"0,555",,,,"10,99",,,,,
MTU011,,,KG. PASTELES YEMA,11,   915921T,19/12/2025,,,,,"0,2","38,5",,,"7,7",,,,,T251219
,,,Total albarán 11915921T,,,,,,,,"0,2",,,,"7,7",,,,,
MTU011,,,KG. PASTELES YEMA,11,   915922T,19/12/2025,,,,,"0,37","38,5",,,"14,25",,,,,T251219
MTU016,,,KG. POLVORONES Y MANTECADOS,11,   915922T,19/12/2025,,,,,"0,5","19,8",,,"9,9",,,,,T251219
,,,Total albarán 11915922T,,,,,,,,"0,87",,,,"24,15",,,,,
MTU016,,,KG. POLVORONES Y MANTECADOS,11,   915924T,19/12/2025,,,,,"0,5","19,8",,,"9,9",,,,,T251219
,,,Total albarán 11915924T,,,,,,,,"0,5",,,,"9,9",,,,,
MBB001,,,KG. BOMBONES SURTIDOS,11,   915925T,19/12/2025,,,,,"0,085","51,7",,,"4,39",,,,,T251219
,,,Total albarán 11915925T,,,,,,,,"0,085",,,,"4,39",,,,,
MTU018,,,UD. BOLSA PELADILLA 150 GR.,11,   915927T,19/12/2025,,,,,1,"6,05",,,"6,05",,,,,T251219
,,,Total albarán 11915927T,,,,,,,,1,,,,"6,05",,,,,
MTU016,,,KG. POLVORONES Y MANTECADOS,11,   915937T,19/12/2025,,,,,"0,5","19,8",,,"9,9",,,,,T251219
,,,Total albarán 11915937T,,,,,,,,"0,5",,,,"9,9",,,,,
MBB003,,,KG. LENGUAS DE GATO,11,   915938T,19/12/2025,,,,,"0,245","34,1",,,"8,35",,,,,T251219
,04/03/2026 20:10:42,,,,,,,,,,,,,,,,,Página: 71,,
MBB001,,,KG. BOMBONES SURTIDOS,11,   915938T,19/12/2025,,,,,"0,19","51,7",,,"9,82",,,,,T251219
MFA001,,,KG. FRUTA ESCARCHADA,11,   915938T,19/12/2025,,,,,"0,28","29,7",,,"8,32",,,,,T251219
,,,Total albarán 11915938T,,,,,,,,"0,715",,,,"26,49",,,,,
MTU010,,,KG. ALMENDRAS RELLENAS,11,   915940T,19/12/2025,,,,,"0,13","41,8",,,"5,43",,,,,T251219
,,,Total albarán 11915940T,,,,,,,,"0,13",,,,"5,43",,,,,
MTU016,,,KG. POLVORONES Y MANTECADOS,11,   915946T,19/12/2025,,,,,"0,075","19,8",,,"1,49",,,,,T251219
,,,Total albarán 11915946T,,,,,,,,"0,075",,,,"1,49",,,,,
MTU032,,,UD. TURRON CHOCO-LECHE P. ALM. CARAMELIZADA,11,   915954T,19/12/2025,,,,,1,"9,9",,,"9,9",,,,,T251219
,,,Total albarán 11915954T,,,,,,,,1,,,,"9,9",,,,,
MVH008,,,"UD. AGUA MINERAL DE 1, 5 L. AQUABONA",11,   915957T,19/12/2025,,,,,1,"1,75",,,"1,75",,,,,T251219
,,,Total albarán 11915957T,,,,,,,,1,,,,"1,75",,,,,
MTU001,,,UD. TURRON ALICANTE 300 GR.,11,   915965T,19/12/2025,,,,,2,"12,1",,,"24,2",,,,,T251219
MTU002,,,UD. TURRON JIJONA 300 GR.,11,   915965T,19/12/2025,,,,,1,"12,1",,,"12,1",,,,,T251219
,,,Total albarán 11915965T,,,,,,,,3,,,,"36,3",,,,,
MBB003,,,KG. LENGUAS DE GATO,11,   915970T,19/12/2025,,,,,"0,25","34,1",,,"8,53",,,,,T251219
,,,Total albarán 11915970T,,,,,,,,"0,25",,,,"8,53",,,,,
MCN001S,,,UD. CHUPA CHUPS GRANDE,11,   915974T,19/12/2025,,,,,4,1,,,4,,,,,T251219
,,,Total albarán 11915974T,,,,,,,,4,,,,4,,,,,
MBB001,,,KG. BOMBONES SURTIDOS,11,   915994T,19/12/2025,,,,,"0,095","51,7",,,"4,91",,,,,T251219
,,,Total albarán 11915994T,,,,,,,,"0,095",,,,"4,91",,,,,
MTU002,,,UD. TURRON JIJONA 300 GR.,11,   916011T,19/12/2025,,,,,1,"12,1",,,"12,1",,,,,T251219
MTU001,,,UD. TURRON ALICANTE 300 GR.,11,   916011T,19/12/2025,,,,,1,"12,1",,,"12,1",,,,,T251219
,,,Total albarán 11916011T,,,,,,,,2,,,,"24,2",,,,,
MTU002,,,UD. TURRON JIJONA 300 GR.,11,   916015T,19/12/2025,,,,,1,"12,1",,,"12,1",,,,,T251219
MTU001,,,UD. TURRON ALICANTE 300 GR.,11,   916015T,19/12/2025,,,,,1,"12,1",,,"12,1",,,,,T251219
MBB001,,,KG. BOMBONES SURTIDOS,11,   916015T,19/12/2025,,,,,"0,45","51,7",,,"23,27",,,,,T251219
,,,Total albarán 11916015T,,,,,,,,"2,45",,,,"47,47",,,,,
MTU016A,,,KG. MANTECADOS FELIPE II,11,   916016T,19/12/2025,,,,,"0,245",55,,,"13,48",,,,,T251219
,,,Total albarán 11916016T,,,,,,,,"0,245",,,,"13,48",,,,,
MFA001,,,KG. FRUTA ESCARCHADA,11,   916026T,19/12/2025,,,,,"0,295","29,7",,,"8,76",,,,,T251219
,04/03/2026 20:10:42,,,,,,,,,,,,,,,,,Página: 72,,
MTU018,,,UD. BOLSA PELADILLA 150 GR.,11,   916026T,19/12/2025,,,,,1,"6,05",,,"6,05",,,,,T251219
MTU019,,,UD. BOLSA PIÑONES 150 GR.,11,   916026T,19/12/2025,,,,,1,11,,,11,,,,,T251219
,,,Total albarán 11916026T,,,,,,,,"2,295",,,,"25,81",,,,,
MFA001,,,KG. FRUTA ESCARCHADA,11,   916030T,19/12/2025,,,,,"0,33","29,7",,,"9,8",,,,,T251219
MTU019,,,UD. BOLSA PIÑONES 150 GR.,11,   916030T,19/12/2025,,,,,1,11,,,11,,,,,T251219
,,,Total albarán 11916030T,,,,,,,,"1,33",,,,"20,8",,,,,
MTU010,,,KG. ALMENDRAS RELLENAS,11,   916035T,19/12/2025,,,,,"0,05","41,8",,,"2,09",,,,,T251219
,,,Total albarán 11916035T,,,,,,,,"0,05",,,,"2,09",,,,,
MTU011,,,KG. PASTELES YEMA,11,   916062T,19/12/2025,,,,,"0,27","38,5",,,"10,4",,,,,T251219
,,,Total albarán 11916062T,,,,,,,,"0,27",,,,"10,4",,,,,
MVH012,,,UD. BOTELLA COCA COLA,11,   916066T,19/12/2025,,,,,1,2,,,2,,,,,T251219
,,,Total albarán 11916066T,,,,,,,,1,,,,2,,,,,
MBB001,,,KG. BOMBONES SURTIDOS,11,   916071T,19/12/2025,,,,,"0,115","51,7",,,"5,95",,,,,T251219
,,,Total albarán 11916071T,,,,,,,,"0,115",,,,"5,95",,,,,
MTU016,,,KG. POLVORONES Y MANTECADOS,11,   916077T,19/12/2025,,,,,"0,3","19,8",,,"5,94",,,,,T251219
,,,Total albarán 11916077T,,,,,,,,"0,3",,,,"5,94",,,,,
MTU016,,,KG. POLVORONES Y MANTECADOS,11,   916089T,19/12/2025,,,,,"0,41","19,8",,,"8,12",,,,,T251219
MCG006A,,,UD. SOMBRILLA DE CHOCOLATE 15 GMS.,11,   916089T,19/12/2025,,,,,4,"1,1",,,"4,4",,,,,T251219
,,,Total albarán 11916089T,,,,,,,,"4,41",,,,"12,52",,,,,
MVH008,,,"UD. AGUA MINERAL DE 1, 5 L. AQUABONA",11,   916096T,19/12/2025,,,,,1,"1,75",,,"1,75",,,,,T251219
,,,Total albarán 11916096T,,,,,,,,1,,,,"1,75",,,,,
MBB003,,,KG. LENGUAS DE GATO,11,   916103T,19/12/2025,,,,,"0,215","34,1",,,"7,33",,,,,T251219
,,,Total albarán 11916103T,,,,,,,,"0,215",,,,"7,33",,,,,
MCO004K,,,UD. BOTE TRIDENT PIPPERMIN,11,   916108T,19/12/2025,,,,,1,"3,5",,,"3,5",,,,,T251219
,,,Total albarán 11916108T,,,,,,,,1,,,,"3,5",,,,,
MBB003,,,KG. LENGUAS DE GATO,11,   916121T,19/12/2025,,,,,"0,22","34,1",,,"7,5",,,,,T251219
,,,Total albarán 11916121T,,,,,,,,"0,22",,,,"7,5",,,,,
MVH010B,,,UD. BOTELLA AGUA 1/2 L. AQUABONA,11,   916126T,19/12/2025,,,,,1,"1,1",,,"1,1",,,,,T251219
,,,Total albarán 11916126T,,,,,,,,1,,,,"1,1",,,,,
MBB001,,,KG. BOMBONES SURTIDOS,11,   916131T,19/12/2025,,,,,"0,21","51,7",,,"10,86",,,,,T251219
,04/03/2026 20:10:42,,,,,,,,,,,,,,,,,Página: 73,,
,,,Total albarán 11916131T,,,,,,,,"0,21",,,,"10,86",,,,,
MFA002,,,KG. FRUTAS DE ARAGON,11,   916133T,19/12/2025,,,,,"0,07",33,,,"2,31",,,,,T251219
,,,Total albarán 11916133T,,,,,,,,"0,07",,,,"2,31",,,,,
MCG006A,,,UD. SOMBRILLA DE CHOCOLATE 15 GMS.,11,   916137T,19/12/2025,,,,,1,"1,1",,,"1,1",,,,,T251219
,,,Total albarán 11916137T,,,,,,,,1,,,,"1,1",,,,,
MFA001,,,KG. FRUTA ESCARCHADA,11,   916139T,19/12/2025,,,,,"0,245","29,7",,,"7,28",,,,,T251219
,,,Total albarán 11916139T,,,,,,,,"0,245",,,,"7,28",,,,,
MFA004,,,KG. MARRON GLACE,11,   916140T,19/12/2025,,,,,"0,17","61,6",,,"10,47",,,,,T251219
,,,Total albarán 11916140T,,,,,,,,"0,17",,,,"10,47",,,,,
MTU010,,,KG. ALMENDRAS RELLENAS,11,   916142T,19/12/2025,,,,,"0,25","41,8",,,"10,45",,,,,T251219
,,,Total albarán 11916142T,,,,,,,,"0,25",,,,"10,45",,,,,
MCO004K,,,UD. BOTE TRIDENT PIPPERMIN,11,   916152T,19/12/2025,,,,,1,"3,5",,,"3,5",,,,,T251219
,,,Total albarán 11916152T,,,,,,,,1,,,,"3,5",,,,,
MBB001,,,KG. BOMBONES SURTIDOS,11,   916156T,19/12/2025,,,,,"0,23","51,7",,,"11,89",,,,,T251219
,,,Total albarán 11916156T,,,,,,,,"0,23",,,,"11,89",,,,,
MVH010B,,,UD. BOTELLA AGUA 1/2 L. AQUABONA,11,   916164T,19/12/2025,,,,,1,"1,1",,,"1,1",,,,,T251219
,,,Total albarán 11916164T,,,,,,,,1,,,,"1,1",,,,,
MCJ003D,,,UD. BOLSA CARAMELO NARANJA 175 GR.,11,   916167T,19/12/2025,,,,,1,"3,3",,,"3,3",,,,,T251219
,,,Total albarán 11916167T,,,,,,,,1,,,,"3,3",,,,,
MTU016A,,,KG. MANTECADOS FELIPE II,11,   916174T,19/12/2025,,,,,"0,31",55,,,"17,05",,,,,T251219
,,,Total albarán 11916174T,,,,,,,,"0,31",,,,"17,05",,,,,
MTU016,,,KG. POLVORONES Y MANTECADOS,11,   916188T,19/12/2025,,,,,"0,5","19,8",,,"9,9",,,,,T251219
MFA002,,,KG. FRUTAS DE ARAGON,11,   916188T,19/12/2025,,,,,"0,25",33,,,"8,25",,,,,T251219
MTU010,,,KG. ALMENDRAS RELLENAS,11,   916188T,19/12/2025,,,,,"0,25","41,8",,,"10,45",,,,,T251219
MFA001,,,KG. FRUTA ESCARCHADA,11,   916188T,19/12/2025,,,,,"0,3","29,7",,,"8,91",,,,,T251219
,,,Total albarán 11916188T,,,,,,,,"1,3",,,,"37,51",,,,,
MFA002,,,KG. FRUTAS DE ARAGON,11,   916213T,19/12/2025,,,,,"0,105",33,,,"3,47",,,,,T251219
,,,Total albarán 11916213T,,,,,,,,"0,105",,,,"3,47",,,,,
MTU016,,,KG. POLVORONES Y MANTECADOS,11,   916218T,19/12/2025,,,,,"0,23","19,8",,,"4,55",,,,,T251219
,,,Total albarán 11916218T,,,,,,,,"0,23",,,,"4,55",,,,,
,04/03/2026 20:10:42,,,,,,,,,,,,,,,,,Página: 74,,
MVH010B,,,UD. BOTELLA AGUA 1/2 L. AQUABONA,11,   916222T,19/12/2025,,,,,1,"1,1",,,"1,1",,,,,T251219
,,,Total albarán 11916222T,,,,,,,,1,,,,"1,1",,,,,
MCK015A,,,UD. TUBO MENTOS FRUTAS 38 GR.,11,   916223T,19/12/2025,,,,,1,"1,1",,,"1,1",,,,,T251219
,,,Total albarán 11916223T,,,,,,,,1,,,,"1,1",,,,,
MTU011,,,KG. PASTELES YEMA,11,   916228T,19/12/2025,,,,,"0,62","38,5",,,"23,87",,,,,T251219
,,,Total albarán 11916228T,,,,,,,,"0,62",,,,"23,87",,,,,
MFA002,,,KG. FRUTAS DE ARAGON,11,   916233T,19/12/2025,,,,,"0,25",33,,,"8,25",,,,,T251219
,,,Total albarán 11916233T,,,,,,,,"0,25",,,,"8,25",,,,,
MBB001,,,KG. BOMBONES SURTIDOS,11,   916243T,20/12/2025,,,,,"0,165","51,7",,,"8,53",,,,,T251220
MBB003,,,KG. LENGUAS DE GATO,11,   916243T,20/12/2025,,,,,"0,03","34,1",,,"1,02",,,,,T251220
,,,Total albarán 11916243T,,,,,,,,"0,195",,,,"9,55",,,,,
MFA001,,,KG. FRUTA ESCARCHADA,11,   916246T,20/12/2025,,,,,"0,29","29,7",,,"8,61",,,,,T251220
,,,Total albarán 11916246T,,,,,,,,"0,29",,,,"8,61",,,,,
MFA004,,,KG. MARRON GLACE,11,   916249T,20/12/2025,,,,,"0,205","61,6",,,"12,63",,,,,T251220
,,,Total albarán 11916249T,,,,,,,,"0,205",,,,"12,63",,,,,
MBB003,,,KG. LENGUAS DE GATO,11,   916264T,20/12/2025,,,,,"0,25","34,1",,,"8,53",,,,,T251220
,,,Total albarán 11916264T,,,,,,,,"0,25",,,,"8,53",,,,,
MBB003,,,KG. LENGUAS DE GATO,11,   916279T,20/12/2025,,,,,"0,02","34,1",,,"0,68",,,,,T251220
MBB001,,,KG. BOMBONES SURTIDOS,11,   916279T,20/12/2025,,,,,"0,215","51,7",,,"11,12",,,,,T251220
MCF016P,,,UD. CHOC. CREMA LECHE BELGA CACHET 100 GR.,11,   916279T,20/12/2025,,,,,1,"3,3",,,"3,3",,,,,T251220
,,,Total albarán 11916279T,,,,,,,,"1,235",,,,"15,1",,,,,
MFA004,,,KG. MARRON GLACE,11,   916283T,20/12/2025,,,,,"0,025","61,6",,,"1,54",,,,,T251220
,,,Total albarán 11916283T,,,,,,,,"0,025",,,,"1,54",,,,,
MTU002,,,UD. TURRON JIJONA 300 GR.,11,   916284T,20/12/2025,,,,,1,"12,1",,,"12,1",,,,,T251220
,,,Total albarán 11916284T,,,,,,,,1,,,,"12,1",,,,,
MTU016A,,,KG. MANTECADOS FELIPE II,11,   916311T,20/12/2025,,,,,"0,16",55,,,"8,8",,,,,T251220
,,,Total albarán 11916311T,,,,,,,,"0,16",,,,"8,8",,,,,
MTU016A,,,KG. MANTECADOS FELIPE II,11,   916321T,20/12/2025,,,,,"0,245",55,,,"13,48",,,,,T251220
,,,Total albarán 11916321T,,,,,,,,"0,245",,,,"13,48",,,,,
MVH014,,,UD. BOTELLA NESTEA,11,   916331T,20/12/2025,,,,,1,2,,,2,,,,,T251220
,,,Total albarán 11916331T,,,,,,,,1,,,,2,,,,,
,04/03/2026 20:10:42,,,,,,,,,,,,,,,,,Página: 75,,
MTU016,,,KG. POLVORONES Y MANTECADOS,11,   916332T,20/12/2025,,,,,"0,2","19,8",,,"3,96",,,,,T251220
,,,Total albarán 11916332T,,,,,,,,"0,2",,,,"3,96",,,,,
MTU011,,,KG. PASTELES YEMA,11,   916337T,20/12/2025,,,,,"0,12","38,5",,,"4,62",,,,,T251220
,,,Total albarán 11916337T,,,,,,,,"0,12",,,,"4,62",,,,,
MTU002,,,UD. TURRON JIJONA 300 GR.,11,   916351T,20/12/2025,,,,,1,"12,1",,,"12,1",,,,,T251220
MTU001,,,UD. TURRON ALICANTE 300 GR.,11,   916351T,20/12/2025,,,,,1,"12,1",,,"12,1",,,,,T251220
MTU016,,,KG. POLVORONES Y MANTECADOS,11,   916351T,20/12/2025,,,,,"0,5","19,8",,,"9,9",,,,,T251220
,,,Total albarán 11916351T,,,,,,,,"2,5",,,,"34,1",,,,,
MTU016,,,KG. POLVORONES Y MANTECADOS,11,   916352T,20/12/2025,,,,,"0,45","19,8",,,"8,91",,,,,T251220
,,,Total albarán 11916352T,,,,,,,,"0,45",,,,"8,91",,,,,
MTU016,,,KG. POLVORONES Y MANTECADOS,11,   916355T,20/12/2025,,,,,"0,5","19,8",,,"9,9",,,,,T251220
MTU018,,,UD. BOLSA PELADILLA 150 GR.,11,   916355T,20/12/2025,,,,,1,"6,05",,,"6,05",,,,,T251220
,,,Total albarán 11916355T,,,,,,,,"1,5",,,,"15,95",,,,,
MBB003,,,KG. LENGUAS DE GATO,11,   916371T,20/12/2025,,,,,"0,155","34,1",,,"5,29",,,,,T251220
,,,Total albarán 11916371T,,,,,,,,"0,155",,,,"5,29",,,,,
MFA001,,,KG. FRUTA ESCARCHADA,11,   916375T,20/12/2025,,,,,"0,165","29,7",,,"4,9",,,,,T251220
,,,Total albarán 11916375T,,,,,,,,"0,165",,,,"4,9",,,,,
MCK008R,,,UD. SMINT BUBLLE FRESH,11,   916380T,20/12/2025,,,,,1,"2,2",,,"2,2",,,,,T251220
,,,Total albarán 11916380T,,,,,,,,1,,,,"2,2",,,,,
MBB003,,,KG. LENGUAS DE GATO,11,   916381T,20/12/2025,,,,,"0,45","34,1",,,"15,35",,,,,T251220
,,,Total albarán 11916381T,,,,,,,,"0,45",,,,"15,35",,,,,
MFA004,,,KG. MARRON GLACE,11,   916382T,20/12/2025,,,,,"0,555","61,6",,,"34,19",,,,,T251220
MTU032,,,UD. TURRON CHOCO-LECHE P. ALM. CARAMELIZADA,11,   916382T,20/12/2025,,,,,1,"9,9",,,"9,9",,,,,T251220
MTU016,,,KG. POLVORONES Y MANTECADOS,11,   916382T,20/12/2025,,,,,"0,5","19,8",,,"9,9",,,,,T251220
MTU002,,,UD. TURRON JIJONA 300 GR.,11,   916382T,20/12/2025,,,,,1,"12,1",,,"12,1",,,,,T251220
,,,Total albarán 11916382T,,,,,,,,"3,055",,,,"66,09",,,,,
MTU016,,,KG. POLVORONES Y MANTECADOS,11,   916387T,20/12/2025,,,,,"0,5","19,8",,,"9,9",,,,,T251220
,,,Total albarán 11916387T,,,,,,,,"0,5",,,,"9,9",,,,,
MTU011,,,KG. PASTELES YEMA,11,   916390T,20/12/2025,,,,,"0,5","38,5",,,"19,25",,,,,T251220
,,,Total albarán 11916390T,,,,,,,,"0,5",,,,"19,25",,,,,
,04/03/2026 20:10:43,,,,,,,,,,,,,,,,,Página: 76,,
MBB001,,,KG. BOMBONES SURTIDOS,11,   916392T,20/12/2025,,,,,"0,245","51,7",,,"12,67",,,,,T251220
,,,Total albarán 11916392T,,,,,,,,"0,245",,,,"12,67",,,,,
MTU010,,,KG. ALMENDRAS RELLENAS,11,   916398T,20/12/2025,,,,,"0,11","41,8",,,"4,6",,,,,T251220
,,,Total albarán 11916398T,,,,,,,,"0,11",,,,"4,6",,,,,
MCG006A,,,UD. SOMBRILLA DE CHOCOLATE 15 GMS.,11,   916400T,20/12/2025,,,,,1,"1,1",,,"1,1",,,,,T251220
MCG005,,,UD. SOMBRILLA DE CHOCOLATE 10 GMS.,11,   916400T,20/12/2025,,,,,1,"0,9",,,"0,9",,,,,T251220
MCK005,,,UD. TUBO LACASITOS 20 GMS.,11,   916400T,20/12/2025,,,,,1,"1,1",,,"1,1",,,,,T251220
MBB003,,,KG. LENGUAS DE GATO,11,   916400T,20/12/2025,,,,,"0,25","34,1",,,"8,53",,,,,T251220
,,,Total albarán 11916400T,,,,,,,,"3,25",,,,"11,63",,,,,
MFA002,,,KG. FRUTAS DE ARAGON,11,   916419T,20/12/2025,,,,,"0,26",33,,,"8,58",,,,,T251220
MFA001,,,KG. FRUTA ESCARCHADA,11,   916419T,20/12/2025,,,,,"0,3","29,7",,,"8,91",,,,,T251220
,,,Total albarán 11916419T,,,,,,,,"0,56",,,,"17,49",,,,,
MTU001,,,UD. TURRON ALICANTE 300 GR.,11,   916421T,20/12/2025,,,,,1,"12,1",,,"12,1",,,,,T251220
MTU002,,,UD. TURRON JIJONA 300 GR.,11,   916421T,20/12/2025,,,,,2,"12,1",,,"24,2",,,,,T251220
,,,Total albarán 11916421T,,,,,,,,3,,,,"36,3",,,,,
MTU002,,,UD. TURRON JIJONA 300 GR.,11,   916425T,20/12/2025,,,,,2,"12,1",,,"24,2",,,,,T251220
,,,Total albarán 11916425T,,,,,,,,2,,,,"24,2",,,,,
MFA002,,,KG. FRUTAS DE ARAGON,11,   916429T,20/12/2025,,,,,"0,25",33,,,"8,25",,,,,T251220
,,,Total albarán 11916429T,,,,,,,,"0,25",,,,"8,25",,,,,
MFA001,,,KG. FRUTA ESCARCHADA,11,   916436T,20/12/2025,,,,,"0,41","29,7",,,"12,18",,,,,T251220
,,,Total albarán 11916436T,,,,,,,,"0,41",,,,"12,18",,,,,
MFA001,,,KG. FRUTA ESCARCHADA,11,   916437T,20/12/2025,,,,,"0,5","29,7",,,"14,85",,,,,T251220
MCJ003F,,,UD. BOLSA CARAMELO MIEL - EUCALIPTO 175 GR.,11,   916437T,20/12/2025,,,,,1,"3,3",,,"3,3",,,,,T251220
,,,Total albarán 11916437T,,,,,,,,"1,5",,,,"18,15",,,,,
MTU016,,,KG. POLVORONES Y MANTECADOS,11,   916440T,20/12/2025,,,,,"0,2","19,8",,,"3,96",,,,,T251220
MTU001,,,UD. TURRON ALICANTE 300 GR.,11,   916440T,20/12/2025,,,,,1,"12,1",,,"12,1",,,,,T251220
,,,Total albarán 11916440T,,,,,,,,"1,2",,,,"16,06",,,,,
MTU018,,,UD. BOLSA PELADILLA 150 GR.,11,   916453T,20/12/2025,,,,,1,"6,05",,,"6,05",,,,,T251220
,,,Total albarán 11916453T,,,,,,,,1,,,,"6,05",,,,,
MTU010,,,KG. ALMENDRAS RELLENAS,11,   916459T,20/12/2025,,,,,"0,13","41,8",,,"5,43",,,,,T251220
,04/03/2026 20:10:43,,,,,,,,,,,,,,,,,Página: 77,,
MTU016,,,KG. POLVORONES Y MANTECADOS,11,   916459T,20/12/2025,,,,,"0,355","19,8",,,"7,03",,,,,T251220
,,,Total albarán 11916459T,,,,,,,,"0,485",,,,"12,46",,,,,
MTU010,,,KG. ALMENDRAS RELLENAS,11,   916475T,20/12/2025,,,,,"0,25","41,8",,,"10,45",,,,,T251220
,,,Total albarán 11916475T,,,,,,,,"0,25",,,,"10,45",,,,,
MBB003,,,KG. LENGUAS DE GATO,11,   916485T,20/12/2025,,,,,"0,245","34,1",,,"8,35",,,,,T251220
,,,Total albarán 11916485T,,,,,,,,"0,245",,,,"8,35",,,,,
MVH008,,,"UD. AGUA MINERAL DE 1, 5 L. AQUABONA",11,   916490T,20/12/2025,,,,,1,"1,75",,,"1,75",,,,,T251220
,,,Total albarán 11916490T,,,,,,,,1,,,,"1,75",,,,,
MTU019,,,UD. BOLSA PIÑONES 150 GR.,11,   916501T,20/12/2025,,,,,1,11,,,11,,,,,T251220
MTU018,,,UD. BOLSA PELADILLA 150 GR.,11,   916501T,20/12/2025,,,,,1,"6,05",,,"6,05",,,,,T251220
,,,Total albarán 11916501T,,,,,,,,2,,,,"17,05",,,,,
MCG007C,,,UD. MEDALLON SANTO TOME 60 GR.,11,   916503T,20/12/2025,,,,,1,"2,75",,,"2,75",,,,,T251220
MCG007A,,,UD. BOLSA MONEDAS CHOCOLATE 50 gm.,11,   916503T,20/12/2025,,,,,1,"1,65",,,"1,65",,,,,T251220
,,,Total albarán 11916503T,,,,,,,,2,,,,"4,4",,,,,
MTU016,,,KG. POLVORONES Y MANTECADOS,11,   916511T,20/12/2025,,,,,"0,225","19,8",,,"4,46",,,,,T251220
,,,Total albarán 11916511T,,,,,,,,"0,225",,,,"4,46",,,,,
MFA004,,,KG. MARRON GLACE,11,   916526T,20/12/2025,,,,,"0,5","61,6",,,"30,8",,,,,T251220
,,,Total albarán 11916526T,,,,,,,,"0,5",,,,"30,8",,,,,
MTU032,,,UD. TURRON CHOCO-LECHE P. ALM. CARAMELIZADA,11,   916527T,20/12/2025,,,,,1,"9,9",,,"9,9",,,,,T251220
,,,Total albarán 11916527T,,,,,,,,1,,,,"9,9",,,,,
MCN001,,,UD. CHUPA CHUPS,11,   916534T,20/12/2025,,,,,1,"0,3",,,"0,3",,,,,T251220
,,,Total albarán 11916534T,,,,,,,,1,,,,"0,3",,,,,
MCN001,,,UD. CHUPA CHUPS,11,   916536T,20/12/2025,,,,,4,"0,33",,,"1,32",,,,,T251220
,,,Total albarán 11916536T,,,,,,,,4,,,,"1,32",,,,,
MFA001,,,KG. FRUTA ESCARCHADA,11,   916538T,20/12/2025,,,,,"0,39","29,7",,,"11,58",,,,,T251220
,,,Total albarán 11916538T,,,,,,,,"0,39",,,,"11,58",,,,,
MFA001,,,KG. FRUTA ESCARCHADA,11,   916540T,20/12/2025,,,,,"0,22","29,7",,,"6,53",,,,,T251220
,,,Total albarán 11916540T,,,,,,,,"0,22",,,,"6,53",,,,,
MFA002,,,KG. FRUTAS DE ARAGON,11,   916543T,20/12/2025,,,,,"0,25",33,,,"8,25",,,,,T251220
,,,Total albarán 11916543T,,,,,,,,"0,25",,,,"8,25",,,,,
,04/03/2026 20:10:43,,,,,,,,,,,,,,,,,Página: 78,,
MTU016,,,KG. POLVORONES Y MANTECADOS,11,   916544T,20/12/2025,,,,,"0,5","19,8",,,"9,9",,,,,T251220
MFA001,,,KG. FRUTA ESCARCHADA,11,   916544T,20/12/2025,,,,,"0,36","29,7",,,"10,69",,,,,T251220
MFA002,,,KG. FRUTAS DE ARAGON,11,   916544T,20/12/2025,,,,,"0,2",33,,,"6,6",,,,,T251220
,,,Total albarán 11916544T,,,,,,,,"1,06",,,,"27,19",,,,,
MVH010B,,,UD. BOTELLA AGUA 1/2 L. AQUABONA,11,   916548T,20/12/2025,,,,,1,"1,1",,,"1,1",,,,,T251220
,,,Total albarán 11916548T,,,,,,,,1,,,,"1,1",,,,,
MTU016A,,,KG. MANTECADOS FELIPE II,11,   916556T,20/12/2025,,,,,"0,4",55,,,22,,,,,T251220
,,,Total albarán 11916556T,,,,,,,,"0,4",,,,22,,,,,
MTU016,,,KG. POLVORONES Y MANTECADOS,11,   916590T,20/12/2025,,,,,"0,5","19,8",,,"9,9",,,,,T251220
,,,Total albarán 11916590T,,,,,,,,"0,5",,,,"9,9",,,,,
MTU016,,,KG. POLVORONES Y MANTECADOS,11,   916593T,20/12/2025,,,,,1,"19,8",,,"19,8",,,,,T251220
,,,Total albarán 11916593T,,,,,,,,1,,,,"19,8",,,,,
MTU032,,,UD. TURRON CHOCO-LECHE P. ALM. CARAMELIZADA,11,   916594T,20/12/2025,,,,,1,"9,9",,,"9,9",,,,,T251220
,,,Total albarán 11916594T,,,,,,,,1,,,,"9,9",,,,,
MFA001,,,KG. FRUTA ESCARCHADA,11,   916600T,20/12/2025,,,,,"0,275","29,7",,,"8,17",,,,,T251220
,,,Total albarán 11916600T,,,,,,,,"0,275",,,,"8,17",,,,,
MFA001,,,KG. FRUTA ESCARCHADA,11,   916601T,20/12/2025,,,,,"0,065","29,7",,,"1,93",,,,,T251220
MTU016A,,,KG. MANTECADOS FELIPE II,11,   916601T,20/12/2025,,,,,"0,04",55,,,"2,2",,,,,T251220
,,,Total albarán 11916601T,,,,,,,,"0,105",,,,"4,13",,,,,
MVH010B,,,UD. BOTELLA AGUA 1/2 L. AQUABONA,11,   916602T,20/12/2025,,,,,3,"1,1",,,"3,3",,,,,T251220
,,,Total albarán 11916602T,,,,,,,,3,,,,"3,3",,,,,
MFA001,,,KG. FRUTA ESCARCHADA,11,   916610T,20/12/2025,,,,,"0,234","29,7",,,"6,95",,,,,T251220
,,,Total albarán 11916610T,,,,,,,,"0,234",,,,"6,95",,,,,
MCO004K,,,UD. BOTE TRIDENT PIPPERMIN,11,   916627T,20/12/2025,,,,,1,"3,5",,,"3,5",,,,,T251220
,,,Total albarán 11916627T,,,,,,,,1,,,,"3,5",,,,,
MTU002,,,UD. TURRON JIJONA 300 GR.,11,   916628T,20/12/2025,,,,,1,"12,1",,,"12,1",,,,,T251220
,,,Total albarán 11916628T,,,,,,,,1,,,,"12,1",,,,,
MBB001,,,KG. BOMBONES SURTIDOS,11,   916635T,20/12/2025,,,,,"0,105","51,7",,,"5,43",,,,,T251220
,,,Total albarán 11916635T,,,,,,,,"0,105",,,,"5,43",,,,,
MTU010,,,KG. ALMENDRAS RELLENAS,11,   916639T,20/12/2025,,,,,"0,25","41,8",,,"10,45",,,,,T251220
,04/03/2026 20:10:43,,,,,,,,,,,,,,,,,Página: 79,,
,,,Total albarán 11916639T,,,,,,,,"0,25",,,,"10,45",,,,,
MFA001,,,KG. FRUTA ESCARCHADA,11,   916645T,20/12/2025,,,,,"0,25","29,7",,,"7,43",,,,,T251220
,,,Total albarán 11916645T,,,,,,,,"0,25",,,,"7,43",,,,,
MFA002,,,KG. FRUTAS DE ARAGON,11,   916650T,20/12/2025,,,,,"0,3",33,,,"9,9",,,,,T251220
MCG005,,,UD. SOMBRILLA DE CHOCOLATE 10 GMS.,11,   916650T,20/12/2025,,,,,2,"0,9",,,"1,8",,,,,T251220
MCN011,,,UD. MELODY POPS,11,   916650T,20/12/2025,,,,,2,"0,66",,,"1,32",,,,,T251220
,,,Total albarán 11916650T,,,,,,,,"4,3",,,,"13,02",,,,,
MTU010,,,KG. ALMENDRAS RELLENAS,11,   916651T,20/12/2025,,,,,"0,09","41,8",,,"3,76",,,,,T251220
,,,Total albarán 11916651T,,,,,,,,"0,09",,,,"3,76",,,,,
MTU010,,,KG. ALMENDRAS RELLENAS,11,   916656T,20/12/2025,,,,,"0,25","41,8",,,"10,45",,,,,T251220
,,,Total albarán 11916656T,,,,,,,,"0,25",,,,"10,45",,,,,
MVH010B,,,UD. BOTELLA AGUA 1/2 L. AQUABONA,11,   916666T,20/12/2025,,,,,1,"1,1",,,"1,1",,,,,T251220
,,,Total albarán 11916666T,,,,,,,,1,,,,"1,1",,,,,
MFA001,,,KG. FRUTA ESCARCHADA,11,   916667T,20/12/2025,,,,,"0,165","29,7",,,"4,9",,,,,T251220
,,,Total albarán 11916667T,,,,,,,,"0,165",,,,"4,9",,,,,
MFA004,,,KG. MARRON GLACE,11,   916678T,20/12/2025,,,,,"0,165","61,6",,,"10,16",,,,,T251220
,,,Total albarán 11916678T,,,,,,,,"0,165",,,,"10,16",,,,,
MFA004,,,KG. MARRON GLACE,11,   916682T,20/12/2025,,,,,"0,06","61,6",,,"3,7",,,,,T251220
,,,Total albarán 11916682T,,,,,,,,"0,06",,,,"3,7",,,,,
MTU016A,,,KG. MANTECADOS FELIPE II,11,   916687T,20/12/2025,,,,,"0,125",55,,,"6,88",,,,,T251220
,,,Total albarán 11916687T,,,,,,,,"0,125",,,,"6,88",,,,,
MFA001,,,KG. FRUTA ESCARCHADA,11,   916699T,20/12/2025,,,,,"0,25","29,7",,,"7,43",,,,,T251220
,,,Total albarán 11916699T,,,,,,,,"0,25",,,,"7,43",,,,,
MTU002,,,UD. TURRON JIJONA 300 GR.,11,   916701T,20/12/2025,,,,,1,"12,1",,,"12,1",,,,,T251220
MTU001,,,UD. TURRON ALICANTE 300 GR.,11,   916701T,20/12/2025,,,,,1,"12,1",,,"12,1",,,,,T251220
,,,Total albarán 11916701T,,,,,,,,2,,,,"24,2",,,,,
MTU011,,,KG. PASTELES YEMA,11,   916704T,20/12/2025,,,,,"0,75","38,5",,,"28,88",,,,,T251220
,,,Total albarán 11916704T,,,,,,,,"0,75",,,,"28,88",,,,,
MTU010,,,KG. ALMENDRAS RELLENAS,11,   916714T,20/12/2025,,,,,"0,13","41,8",,,"5,43",,,,,T251220
,,,Total albarán 11916714T,,,,,,,,"0,13",,,,"5,43",,,,,
MTU002,,,UD. TURRON JIJONA 300 GR.,11,   916729T,20/12/2025,,,,,3,"12,1",,,"36,3",,,,,T251220
,04/03/2026 20:10:43,,,,,,,,,,,,,,,,,Página: 80,,
MTU011,,,KG. PASTELES YEMA,11,   916729T,20/12/2025,,,,,"0,37","38,5",,,"14,25",,,,,T251220
,,,Total albarán 11916729T,,,,,,,,"3,37",,,,"50,55",,,,,
MFA002,,,KG. FRUTAS DE ARAGON,11,   916731T,20/12/2025,,,,,"0,5",33,,,"16,5",,,,,T251220
,,,Total albarán 11916731T,,,,,,,,"0,5",,,,"16,5",,,,,
MFA001,,,KG. FRUTA ESCARCHADA,11,   916734T,20/12/2025,,,,,"0,38","29,7",,,"11,29",,,,,T251220
MTU010,,,KG. ALMENDRAS RELLENAS,11,   916734T,20/12/2025,,,,,"0,25","41,8",,,"10,45",,,,,T251220
,,,Total albarán 11916734T,,,,,,,,"0,63",,,,"21,74",,,,,
MVH008,,,"UD. AGUA MINERAL DE 1, 5 L. AQUABONA",11,   916742T,20/12/2025,,,,,1,"1,75",,,"1,75",,,,,T251220
,,,Total albarán 11916742T,,,,,,,,1,,,,"1,75",,,,,
MTU016A,,,KG. MANTECADOS FELIPE II,11,   916743T,20/12/2025,,,,,"0,245",55,,,"13,48",,,,,T251220
,,,Total albarán 11916743T,,,,,,,,"0,245",,,,"13,48",,,,,
MFA002,,,KG. FRUTAS DE ARAGON,11,   916757T,20/12/2025,,,,,"0,25",33,,,"8,25",,,,,T251220
,,,Total albarán 11916757T,,,,,,,,"0,25",,,,"8,25",,,,,
MCN001S,,,UD. CHUPA CHUPS GRANDE,11,   916776T,20/12/2025,,,,,1,1,,,1,,,,,T251220
,,,Total albarán 11916776T,,,,,,,,1,,,,1,,,,,
MTU018,,,UD. BOLSA PELADILLA 150 GR.,11,   916806T,20/12/2025,,,,,1,"6,05",,,"6,05",,,,,T251220
,,,Total albarán 11916806T,,,,,,,,1,,,,"6,05",,,,,
MCG006A,,,UD. SOMBRILLA DE CHOCOLATE 15 GMS.,11,   916808T,20/12/2025,,,,,1,"1,1",,,"1,1",,,,,T251220
MCG001F,,,UD. HUEVO PATRULLA CANINA,11,   916808T,20/12/2025,,,,,1,"1,5",,,"1,5",,,,,T251220
,,,Total albarán 11916808T,,,,,,,,2,,,,"2,6",,,,,
MBB003,,,KG. LENGUAS DE GATO,11,   916814T,21/12/2025,,,,,"0,22","34,1",,,"7,5",,,,,T251221
MTU011,,,KG. PASTELES YEMA,11,   916814T,21/12/2025,,,,,"0,2","38,5",,,"7,7",,,,,T251221
,,,Total albarán 11916814T,,,,,,,,"0,42",,,,"15,2",,,,,
MBB003,,,KG. LENGUAS DE GATO,11,   916817T,21/12/2025,,,,,"0,24","34,1",,,"8,18",,,,,T251221
,,,Total albarán 11916817T,,,,,,,,"0,24",,,,"8,18",,,,,
MTU010,,,KG. ALMENDRAS RELLENAS,11,   916819T,21/12/2025,,,,,"0,51","41,8",,,"21,32",,,,,T251221
,,,Total albarán 11916819T,,,,,,,,"0,51",,,,"21,32",,,,,
MBB003,,,KG. LENGUAS DE GATO,11,   916835T,21/12/2025,,,,,"0,125","34,1",,,"4,26",,,,,T251221
,,,Total albarán 11916835T,,,,,,,,"0,125",,,,"4,26",,,,,
MCN001,,,UD. CHUPA CHUPS,11,   916846T,21/12/2025,,,,,2,"0,33",,,"0,66",,,,,T251221
MCK048,,,UD. MEGA-ROULETE,11,   916846T,21/12/2025,,,,,1,"0,7",,,"0,7",,,,,T251221
,04/03/2026 20:10:43,,,,,,,,,,,,,,,,,Página: 81,,
,,,Total albarán 11916846T,,,,,,,,3,,,,"1,36",,,,,
MTU010,,,KG. ALMENDRAS RELLENAS,11,   916850T,21/12/2025,,,,,1,"41,8",,,"41,8",,,,,T251221
,,,Total albarán 11916850T,,,,,,,,1,,,,"41,8",,,,,
MVH010B,,,UD. BOTELLA AGUA 1/2 L. AQUABONA,11,   916854T,21/12/2025,,,,,3,"1,1",,,"3,3",,,,,T251221
,,,Total albarán 11916854T,,,,,,,,3,,,,"3,3",,,,,
MTU011,,,KG. PASTELES YEMA,11,   916863T,21/12/2025,,,,,"0,145","38,5",,,"5,58",,,,,T251221
,,,Total albarán 11916863T,,,,,,,,"0,145",,,,"5,58",,,,,
MFA001,,,KG. FRUTA ESCARCHADA,11,   916876T,21/12/2025,,,,,"0,5","29,7",,,"14,85",,,,,T251221
,,,Total albarán 11916876T,,,,,,,,"0,5",,,,"14,85",,,,,
MTU002,,,UD. TURRON JIJONA 300 GR.,11,   916878T,21/12/2025,,,,,1,"12,1",,,"12,1",,,,,T251221
,,,Total albarán 11916878T,,,,,,,,1,,,,"12,1",,,,,
MTU016,,,KG. POLVORONES Y MANTECADOS,11,   916882T,21/12/2025,,,,,"0,295","19,8",,,"5,84",,,,,T251221
,,,Total albarán 11916882T,,,,,,,,"0,295",,,,"5,84",,,,,
MBB001,,,KG. BOMBONES SURTIDOS,11,   916889T,21/12/2025,,,,,"0,43","51,7",,,"22,23",,,,,T251221
,,,Total albarán 11916889T,,,,,,,,"0,43",,,,"22,23",,,,,
MTU016,,,KG. POLVORONES Y MANTECADOS,11,   916894T,21/12/2025,,,,,"0,29","19,8",,,"5,74",,,,,T251221
,,,Total albarán 11916894T,,,,,,,,"0,29",,,,"5,74",,,,,
MBB001,,,KG. BOMBONES SURTIDOS,11,   916901T,21/12/2025,,,,,"0,38","51,7",,,"19,65",,,,,T251221
MBB001,,,KG. BOMBONES SURTIDOS,11,   916901T,21/12/2025,,,,,"0,065","51,7",,,"3,36",,,,,T251221
,,,Total albarán 11916901T,,,,,,,,"0,445",,,,"23,01",,,,,
MBB001,,,KG. BOMBONES SURTIDOS,11,   916902T,21/12/2025,,,,,"0,4","51,7",,,"20,68",,,,,T251221
MCO004M,,,UD. TRIDENT FRESA SIN AZUCAR,11,   916902T,21/12/2025,,,,,1,"1,65",,,"1,65",,,,,T251221
,,,Total albarán 11916902T,,,,,,,,"1,4",,,,"22,33",,,,,
MTU018,,,UD. BOLSA PELADILLA 150 GR.,11,   916905T,21/12/2025,,,,,1,"6,05",,,"6,05",,,,,T251221
,,,Total albarán 11916905T,,,,,,,,1,,,,"6,05",,,,,
MFA004,,,KG. MARRON GLACE,11,   916909T,21/12/2025,,,,,"0,05","61,6",,,"3,08",,,,,T251221
,,,Total albarán 11916909T,,,,,,,,"0,05",,,,"3,08",,,,,
MVH010B,,,UD. BOTELLA AGUA 1/2 L. AQUABONA,11,   916917T,21/12/2025,,,,,2,"1,1",,,"2,2",,,,,T251221
,,,Total albarán 11916917T,,,,,,,,2,,,,"2,2",,,,,
MCG006A,,,UD. SOMBRILLA DE CHOCOLATE 15 GMS.,11,   916920T,21/12/2025,,,,,2,"1,1",,,"2,2",,,,,T251221
,04/03/2026 20:10:43,,,,,,,,,,,,,,,,,Página: 82,,
MFA004,,,KG. MARRON GLACE,11,   916920T,21/12/2025,,,,,"0,065","61,6",,,4,,,,,T251221
,,,Total albarán 11916920T,,,,,,,,"2,065",,,,"6,2",,,,,
MCG005,,,UD. SOMBRILLA DE CHOCOLATE 10 GMS.,11,   916931T,21/12/2025,,,,,2,"0,9",,,"1,8",,,,,T251221
,,,Total albarán 11916931T,,,,,,,,2,,,,"1,8",,,,,
MVH008,,,"UD. AGUA MINERAL DE 1, 5 L. AQUABONA",11,   916935T,21/12/2025,,,,,1,"1,75",,,"1,75",,,,,T251221
,,,Total albarán 11916935T,,,,,,,,1,,,,"1,75",,,,,
MFA001,,,KG. FRUTA ESCARCHADA,11,   916945T,21/12/2025,,,,,"0,285","29,7",,,"8,46",,,,,T251221
,,,Total albarán 11916945T,,,,,,,,"0,285",,,,"8,46",,,,,
MBB001,,,KG. BOMBONES SURTIDOS,11,   916948T,21/12/2025,,,,,"0,4","51,7",,,"20,68",,,,,T251221
,,,Total albarán 11916948T,,,,,,,,"0,4",,,,"20,68",,,,,
MBB001,,,KG. BOMBONES SURTIDOS,11,   916950T,21/12/2025,,,,,"0,08","51,7",,,"4,14",,,,,T251221
,,,Total albarán 11916950T,,,,,,,,"0,08",,,,"4,14",,,,,
MTU016A,,,KG. MANTECADOS FELIPE II,11,   916974T,21/12/2025,,,,,"0,12",55,,,"6,6",,,,,T251221
MTU016,,,KG. POLVORONES Y MANTECADOS,11,   916974T,21/12/2025,,,,,"0,11","19,8",,,"2,18",,,,,T251221
,,,Total albarán 11916974T,,,,,,,,"0,23",,,,"8,78",,,,,
MTU016,,,KG. POLVORONES Y MANTECADOS,11,   916980T,21/12/2025,,,,,"0,25","19,8",,,"4,95",,,,,T251221
,,,Total albarán 11916980T,,,,,,,,"0,25",,,,"4,95",,,,,
MTU002,,,UD. TURRON JIJONA 300 GR.,11,   916998T,21/12/2025,,,,,2,"12,1",,,"24,2",,,,,T251221
MBB001,,,KG. BOMBONES SURTIDOS,11,   916998T,21/12/2025,,,,,"0,39","51,7",,,"20,16",,,,,T251221
MBB003,,,KG. LENGUAS DE GATO,11,   916998T,21/12/2025,,,,,"0,43","34,1",,,"14,66",,,,,T251221
MCG007C,,,UD. MEDALLON SANTO TOME 60 GR.,11,   916998T,21/12/2025,,,,,2,"2,75",,,"5,5",,,,,T251221
,,,Total albarán 11916998T,,,,,,,,"4,82",,,,"64,52",,,,,
MBB003,,,KG. LENGUAS DE GATO,11,   917008T,21/12/2025,,,,,"0,025","34,1",,,"0,85",,,,,T251221
MBB001,,,KG. BOMBONES SURTIDOS,11,   917008T,21/12/2025,,,,,"0,2","51,7",,,"10,34",,,,,T251221
,,,Total albarán 11917008T,,,,,,,,"0,225",,,,"11,19",,,,,
MBB003,,,KG. LENGUAS DE GATO,11,   917020T,21/12/2025,,,,,"0,07","34,1",,,"2,39",,,,,T251221
,,,Total albarán 11917020T,,,,,,,,"0,07",,,,"2,39",,,,,
MTU016A,,,KG. MANTECADOS FELIPE II,11,   917027T,21/12/2025,,,,,"0,36",55,,,"19,8",,,,,T251221
,,,Total albarán 11917027T,,,,,,,,"0,36",,,,"19,8",,,,,
MTU016,,,KG. POLVORONES Y MANTECADOS,11,   917034T,21/12/2025,,,,,"0,325","19,8",,,"6,44",,,,,T251221
,04/03/2026 20:10:43,,,,,,,,,,,,,,,,,Página: 83,,
MTU016A,,,KG. MANTECADOS FELIPE II,11,   917034T,21/12/2025,,,,,"0,195",55,,,"10,73",,,,,T251221
,,,Total albarán 11917034T,,,,,,,,"0,52",,,,"17,17",,,,,
MBB001,,,KG. BOMBONES SURTIDOS,11,   917035T,21/12/2025,,,,,"0,4","51,7",,,"20,68",,,,,T251221
,,,Total albarán 11917035T,,,,,,,,"0,4",,,,"20,68",,,,,
MTU018,,,UD. BOLSA PELADILLA 150 GR.,11,   917050T,21/12/2025,,,,,1,"6,05",,,"6,05",,,,,T251221
,,,Total albarán 11917050T,,,,,,,,1,,,,"6,05",,,,,
MVH008,,,"UD. AGUA MINERAL DE 1, 5 L. AQUABONA",11,   917052T,21/12/2025,,,,,2,"1,75",,,"3,5",,,,,T251221
,,,Total albarán 11917052T,,,,,,,,2,,,,"3,5",,,,,
MBB001,,,KG. BOMBONES SURTIDOS,11,   917057T,21/12/2025,,,,,"0,27","51,7",,,"13,96",,,,,T251221
,,,Total albarán 11917057T,,,,,,,,"0,27",,,,"13,96",,,,,
MVH008,,,"UD. AGUA MINERAL DE 1, 5 L. AQUABONA",11,   917073T,21/12/2025,,,,,1,"1,75",,,"1,75",,,,,T251221
,,,Total albarán 11917073T,,,,,,,,1,,,,"1,75",,,,,
MCN011,,,UD. MELODY POPS,11,   917087T,21/12/2025,,,,,1,"0,66",,,"0,66",,,,,T251221
,,,Total albarán 11917087T,,,,,,,,1,,,,"0,66",,,,,
MFA002,,,KG. FRUTAS DE ARAGON,11,   917088T,21/12/2025,,,,,"0,25",33,,,"8,25",,,,,T251221
,,,Total albarán 11917088T,,,,,,,,"0,25",,,,"8,25",,,,,
MCN011,,,UD. MELODY POPS,11,   917089T,21/12/2025,,,,,1,"0,66",,,"0,66",,,,,T251221
,,,Total albarán 11917089T,,,,,,,,1,,,,"0,66",,,,,
MTU016A,,,KG. MANTECADOS FELIPE II,11,   917103T,21/12/2025,,,,,"0,085",55,,,"4,68",,,,,T251221
,,,Total albarán 11917103T,,,,,,,,"0,085",,,,"4,68",,,,,
MCG006A,,,UD. SOMBRILLA DE CHOCOLATE 15 GMS.,11,   917104T,21/12/2025,,,,,1,"1,1",,,"1,1",,,,,T251221
MBB001,,,KG. BOMBONES SURTIDOS,11,   917104T,21/12/2025,,,,,"1,75",1,,,"1,75",,,,,T251221
,,,Total albarán 11917104T,,,,,,,,"2,75",,,,"2,85",,,,,
MTU018,,,UD. BOLSA PELADILLA 150 GR.,11,   917112T,21/12/2025,,,,,1,"6,05",,,"6,05",,,,,T251221
,,,Total albarán 11917112T,,,,,,,,1,,,,"6,05",,,,,
MFA001,,,KG. FRUTA ESCARCHADA,11,   917122T,21/12/2025,,,,,"0,2","29,7",,,"5,94",,,,,T251221
,,,Total albarán 11917122T,,,,,,,,"0,2",,,,"5,94",,,,,
MCG007A,,,UD. BOLSA MONEDAS CHOCOLATE 50 gm.,11,   917124T,21/12/2025,,,,,3,"1,65",,,"4,95",,,,,T251221
,,,Total albarán 11917124T,,,,,,,,3,,,,"4,95",,,,,
MCJ012B,,,UD. SACO CARBON 100 GR. PIFARRE,11,   917125T,21/12/2025,,,,,1,"3,3",,,"3,3",,,,,T251221
,04/03/2026 20:10:43,,,,,,,,,,,,,,,,,Página: 84,,
,,,Total albarán 11917125T,,,,,,,,1,,,,"3,3",,,,,
MVH012A,,,UD. BOTELLA COCA COLA ZERO,11,   917142T,21/12/2025,,,,,1,2,,,2,,,,,T251221
MCG007C,,,UD. MEDALLON SANTO TOME 60 GR.,11,   917142T,21/12/2025,,,,,1,"2,75",,,"2,75",,,,,T251221
,,,Total albarán 11917142T,,,,,,,,2,,,,"4,75",,,,,
MBB003,,,KG. LENGUAS DE GATO,11,   917157T,21/12/2025,,,,,1,10,,,10,,,,,T251221
,,,Total albarán 11917157T,,,,,,,,1,,,,10,,,,,
MTU016A,,,KG. MANTECADOS FELIPE II,11,   917163T,21/12/2025,,,,,"0,085",55,,,"4,68",,,,,T251221
,,,Total albarán 11917163T,,,,,,,,"0,085",,,,"4,68",,,,,
MBB003,,,KG. LENGUAS DE GATO,11,   917170T,21/12/2025,,,,,"0,03","34,1",,,"1,02",,,,,T251221
,,,Total albarán 11917170T,,,,,,,,"0,03",,,,"1,02",,,,,
MTU012,,,KG. PASTELES YEMA-CHOCOLATE,11,   917180T,21/12/2025,,,,,"0,25","38,5",,,"9,63",,,,,T251221
,,,Total albarán 11917180T,,,,,,,,"0,25",,,,"9,63",,,,,
MFA002,,,KG. FRUTAS DE ARAGON,11,   917183T,21/12/2025,,,,,"0,145",33,,,"4,79",,,,,T251221
,,,Total albarán 11917183T,,,,,,,,"0,145",,,,"4,79",,,,,
MCG001H,,,UD. HUEVO BARBIE,11,   917186T,21/12/2025,,,,,1,"1,5",,,"1,5",,,,,T251221
,,,Total albarán 11917186T,,,,,,,,1,,,,"1,5",,,,,
MTU002,,,UD. TURRON JIJONA 300 GR.,11,   917209T,21/12/2025,,,,,2,"12,1",,,"24,2",,,,,T251221
MTU010,,,KG. ALMENDRAS RELLENAS,11,   917209T,21/12/2025,,,,,"0,25","41,8",,,"10,45",,,,,T251221
,,,Total albarán 11917209T,,,,,,,,"2,25",,,,"34,65",,,,,
MVH008,,,"UD. AGUA MINERAL DE 1, 5 L. AQUABONA",11,   917211T,21/12/2025,,,,,1,"1,75",,,"1,75",,,,,T251221
,,,Total albarán 11917211T,,,,,,,,1,,,,"1,75",,,,,
MBB003,,,KG. LENGUAS DE GATO,11,   917212T,21/12/2025,,,,,"0,22","34,1",,,"7,5",,,,,T251221
,,,Total albarán 11917212T,,,,,,,,"0,22",,,,"7,5",,,,,
MVH010B,,,UD. BOTELLA AGUA 1/2 L. AQUABONA,11,   917217T,21/12/2025,,,,,1,"1,1",,,"1,1",,,,,T251221
,,,Total albarán 11917217T,,,,,,,,1,,,,"1,1",,,,,
MCF050A,,,UD. CHOCOLATE 50 % CACAO AMATLLER 18 GR,11,   917220T,21/12/2025,,,,,2,"1,1",,,"2,2",,,,,T251221
,,,Total albarán 11917220T,,,,,,,,2,,,,"2,2",,,,,
MVH010B,,,UD. BOTELLA AGUA 1/2 L. AQUABONA,11,   917228T,21/12/2025,,,,,1,"1,1",,,"1,1",,,,,T251221
,,,Total albarán 11917228T,,,,,,,,1,,,,"1,1",,,,,
MTU002,,,UD. TURRON JIJONA 300 GR.,11,   917246T,21/12/2025,,,,,1,"12,1",,,"12,1",,,,,T251221
,04/03/2026 20:10:43,,,,,,,,,,,,,,,,,Página: 85,,
,,,Total albarán 11917246T,,,,,,,,1,,,,"12,1",,,,,
MTU001,,,UD. TURRON ALICANTE 300 GR.,11,   917257T,21/12/2025,,,,,2,"12,1",,,"24,2",,,,,T251221
,,,Total albarán 11917257T,,,,,,,,2,,,,"24,2",,,,,
MCG006A,,,UD. SOMBRILLA DE CHOCOLATE 15 GMS.,11,   917268T,21/12/2025,,,,,1,"1,1",,,"1,1",,,,,T251221
,,,Total albarán 11917268T,,,,,,,,1,,,,"1,1",,,,,
MVH010B,,,UD. BOTELLA AGUA 1/2 L. AQUABONA,11,   917272T,21/12/2025,,,,,2,"1,1",,,"2,2",,,,,T251221
,,,Total albarán 11917272T,,,,,,,,2,,,,"2,2",,,,,
MTU001,,,UD. TURRON ALICANTE 300 GR.,11,   917279T,21/12/2025,,,,,1,"12,1",,,"12,1",,,,,T251221
MFA004,,,KG. MARRON GLACE,11,   917279T,21/12/2025,,,,,"0,105","61,6",,,"6,47",,,,,T251221
,,,Total albarán 11917279T,,,,,,,,"1,105",,,,"18,57",,,,,
MCK005,,,UD. TUBO LACASITOS 20 GMS.,11,   917294T,21/12/2025,,,,,2,"1,1",,,"2,2",,,,,T251221
,,,Total albarán 11917294T,,,,,,,,2,,,,"2,2",,,,,
MTU016,,,KG. POLVORONES Y MANTECADOS,11,   917295T,21/12/2025,,,,,"0,475","19,8",,,"9,41",,,,,T251221
,,,Total albarán 11917295T,,,,,,,,"0,475",,,,"9,41",,,,,
MBB003,,,KG. LENGUAS DE GATO,11,   917307T,21/12/2025,,,,,"0,465","34,1",,,"15,86",,,,,T251221
,,,Total albarán 11917307T,,,,,,,,"0,465",,,,"15,86",,,,,
MTU016,,,KG. POLVORONES Y MANTECADOS,11,   917315T,21/12/2025,,,,,1,"19,8",,,"19,8",,,,,T251221
,,,Total albarán 11917315T,,,,,,,,1,,,,"19,8",,,,,
MCN001,,,UD. CHUPA CHUPS,11,   917349T,21/12/2025,,,,,1,"0,3",,,"0,3",,,,,T251221
,,,Total albarán 11917349T,,,,,,,,1,,,,"0,3",,,,,
MBB003,,,KG. LENGUAS DE GATO,11,   917361T,21/12/2025,,,,,"0,065","34,1",,,"2,22",,,,,T251221
,,,Total albarán 11917361T,,,,,,,,"0,065",,,,"2,22",,,,,
MFA001,,,KG. FRUTA ESCARCHADA,11,   917367T,21/12/2025,,,,,"0,1","29,7",,,"2,97",,,,,T251221
,,,Total albarán 11917367T,,,,,,,,"0,1",,,,"2,97",,,,,
MTU010,,,KG. ALMENDRAS RELLENAS,11,   917382T,21/12/2025,,,,,"0,11","41,8",,,"4,6",,,,,T251221
,,,Total albarán 11917382T,,,,,,,,"0,11",,,,"4,6",,,,,
MTU018,,,UD. BOLSA PELADILLA 150 GR.,11,   917394T,22/12/2025,,,,,1,"6,05",,,"6,05",,,,,T251222
MBB001,,,KG. BOMBONES SURTIDOS,11,   917394T,22/12/2025,,,,,"0,18","51,7",,,"9,31",,,,,T251222
,,,Total albarán 11917394T,,,,,,,,"1,18",,,,"15,36",,,,,
MTU016,,,KG. POLVORONES Y MANTECADOS,11,   917406T,22/12/2025,,,,,"0,425","19,8",,,"8,42",,,,,T251222
,04/03/2026 20:10:43,,,,,,,,,,,,,,,,,Página: 86,,
,,,Total albarán 11917406T,,,,,,,,"0,425",,,,"8,42",,,,,
MCK015A,,,UD. TUBO MENTOS FRUTAS 38 GR.,11,   917430T,22/12/2025,,,,,1,"1,1",,,"1,1",,,,,T251222
MCN001S,,,UD. CHUPA CHUPS GRANDE,11,   917430T,22/12/2025,,,,,1,1,,,1,,,,,T251222
,,,Total albarán 11917430T,,,,,,,,2,,,,"2,1",,,,,
MTU002,,,UD. TURRON JIJONA 300 GR.,11,   917448T,22/12/2025,,,,,1,"12,1",,,"12,1",,,,,T251222
,,,Total albarán 11917448T,,,,,,,,1,,,,"12,1",,,,,
MTU010,,,KG. ALMENDRAS RELLENAS,11,   917456T,22/12/2025,,,,,"0,07","41,8",,,"2,93",,,,,T251222
,,,Total albarán 11917456T,,,,,,,,"0,07",,,,"2,93",,,,,
MTU016,,,KG. POLVORONES Y MANTECADOS,11,   917461T,22/12/2025,,,,,"0,26","19,8",,,"5,15",,,,,T251222
,,,Total albarán 11917461T,,,,,,,,"0,26",,,,"5,15",,,,,
MTU001,,,UD. TURRON ALICANTE 300 GR.,11,   917465T,22/12/2025,,,,,1,"12,1",,,"12,1",,,,,T251222
MTU002,,,UD. TURRON JIJONA 300 GR.,11,   917465T,22/12/2025,,,,,1,"12,1",,,"12,1",,,,,T251222
,,,Total albarán 11917465T,,,,,,,,2,,,,"24,2",,,,,
MCK015A,,,UD. TUBO MENTOS FRUTAS 38 GR.,11,   917470T,22/12/2025,,,,,1,"1,1",,,"1,1",,,,,T251222
,,,Total albarán 11917470T,,,,,,,,1,,,,"1,1",,,,,
MBB003,,,KG. LENGUAS DE GATO,11,   917485T,22/12/2025,,,,,"0,115","34,1",,,"3,92",,,,,T251222
MCG007C,,,UD. MEDALLON SANTO TOME 60 GR.,11,   917485T,22/12/2025,,,,,3,"2,75",,,"8,25",,,,,T251222
,,,Total albarán 11917485T,,,,,,,,"3,115",,,,"12,17",,,,,
MFA002,,,KG. FRUTAS DE ARAGON,11,   917486T,22/12/2025,,,,,"0,14",33,,,"4,62",,,,,T251222
MTU001,,,UD. TURRON ALICANTE 300 GR.,11,   917486T,22/12/2025,,,,,1,"12,1",,,"12,1",,,,,T251222
,,,Total albarán 11917486T,,,,,,,,"1,14",,,,"16,72",,,,,
MTU016,,,KG. POLVORONES Y MANTECADOS,11,   917487T,22/12/2025,,,,,"0,515","19,8",,,"10,2",,,,,T251222
,,,Total albarán 11917487T,,,,,,,,"0,515",,,,"10,2",,,,,
MFA004,,,KG. MARRON GLACE,11,   917491T,22/12/2025,,,,,"0,145","61,6",,,"8,93",,,,,T251222
,,,Total albarán 11917491T,,,,,,,,"0,145",,,,"8,93",,,,,
MTU002,,,UD. TURRON JIJONA 300 GR.,11,   917497T,22/12/2025,,,,,1,"12,1",,,"12,1",,,,,T251222
,,,Total albarán 11917497T,,,,,,,,1,,,,"12,1",,,,,
MFA001,,,KG. FRUTA ESCARCHADA,11,   917506T,22/12/2025,,,,,"0,33","29,7",,,"9,8",,,,,T251222
MTU016,,,KG. POLVORONES Y MANTECADOS,11,   917506T,22/12/2025,,,,,"0,52","19,8",,,"10,3",,,,,T251222
,,,Total albarán 11917506T,,,,,,,,"0,85",,,,"20,1",,,,,
,04/03/2026 20:10:43,,,,,,,,,,,,,,,,,Página: 87,,
MFA002,,,KG. FRUTAS DE ARAGON,11,   917510T,22/12/2025,,,,,"0,3",33,,,"9,9",,,,,T251222
,,,Total albarán 11917510T,,,,,,,,"0,3",,,,"9,9",,,,,
MTU032,,,UD. TURRON CHOCO-LECHE P. ALM. CARAMELIZADA,11,   917511T,22/12/2025,,,,,1,"9,9",,,"9,9",,,,,T251222
,,,Total albarán 11917511T,,,,,,,,1,,,,"9,9",,,,,
MCN001S,,,UD. CHUPA CHUPS GRANDE,11,   917522T,22/12/2025,,,,,1,1,,,1,,,,,T251222
,,,Total albarán 11917522T,,,,,,,,1,,,,1,,,,,
MBB003,,,KG. LENGUAS DE GATO,11,   917525T,22/12/2025,,,,,"0,225","34,1",,,"7,67",,,,,T251222
,,,Total albarán 11917525T,,,,,,,,"0,225",,,,"7,67",,,,,
MTU002,,,UD. TURRON JIJONA 300 GR.,11,   917526T,22/12/2025,,,,,1,"12,1",,,"12,1",,,,,T251222
,,,Total albarán 11917526T,,,,,,,,1,,,,"12,1",,,,,
MCG005,,,UD. SOMBRILLA DE CHOCOLATE 10 GMS.,11,   917532T,22/12/2025,,,,,2,"0,9",,,"1,8",,,,,T251222
,,,Total albarán 11917532T,,,,,,,,2,,,,"1,8",,,,,
MBB001,,,KG. BOMBONES SURTIDOS,11,   917534T,22/12/2025,,,,,"0,44","51,7",,,"22,75",,,,,T251222
,,,Total albarán 11917534T,,,,,,,,"0,44",,,,"22,75",,,,,
MFA002,,,KG. FRUTAS DE ARAGON,11,   917546T,22/12/2025,,,,,"0,3",33,,,"9,9",,,,,T251222
,,,Total albarán 11917546T,,,,,,,,"0,3",,,,"9,9",,,,,
MFA001,,,KG. FRUTA ESCARCHADA,11,   917568T,22/12/2025,,,,,"0,52","29,7",,,"15,44",,,,,T251222
,,,Total albarán 11917568T,,,,,,,,"0,52",,,,"15,44",,,,,
MBB001,,,KG. BOMBONES SURTIDOS,11,   917569T,22/12/2025,,,,,"0,21","51,7",,,"10,86",,,,,T251222
MBB001,,,KG. BOMBONES SURTIDOS,11,   917569T,22/12/2025,,,,,"0,205","51,7",,,"10,6",,,,,T251222
MBB001,,,KG. BOMBONES SURTIDOS,11,   917569T,22/12/2025,,,,,"0,195","51,7",,,"10,08",,,,,T251222
,,,Total albarán 11917569T,,,,,,,,"0,61",,,,"31,54",,,,,
MBB003,,,KG. LENGUAS DE GATO,11,   917578T,22/12/2025,,,,,"0,23","34,1",,,"7,84",,,,,T251222
,,,Total albarán 11917578T,,,,,,,,"0,23",,,,"7,84",,,,,
MCN011,,,UD. MELODY POPS,11,   917585T,22/12/2025,,,,,3,"0,66",,,"1,98",,,,,T251222
,,,Total albarán 11917585T,,,,,,,,3,,,,"1,98",,,,,
MFA002,,,KG. FRUTAS DE ARAGON,11,   917587T,22/12/2025,,,,,"0,25",33,,,"8,25",,,,,T251222
MTU019,,,UD. BOLSA PIÑONES 150 GR.,11,   917587T,22/12/2025,,,,,1,11,,,11,,,,,T251222
MCJ003F,,,UD. BOLSA CARAMELO MIEL - EUCALIPTO 175 GR.,11,   917587T,22/12/2025,,,,,1,"3,3",,,"3,3",,,,,T251222
,,,Total albarán 11917587T,,,,,,,,"2,25",,,,"22,55",,,,,
MBB003,,,KG. LENGUAS DE GATO,11,   917590T,22/12/2025,,,,,"0,215","34,1",,,"7,33",,,,,T251222
,04/03/2026 20:10:43,,,,,,,,,,,,,,,,,Página: 88,,
,,,Total albarán 11917590T,,,,,,,,"0,215",,,,"7,33",,,,,
MFA001,,,KG. FRUTA ESCARCHADA,11,   917595T,22/12/2025,,,,,"0,275","29,7",,,"8,17",,,,,T251222
,,,Total albarán 11917595T,,,,,,,,"0,275",,,,"8,17",,,,,
MTU010,,,KG. ALMENDRAS RELLENAS,11,   917611T,22/12/2025,,,,,"0,06","41,8",,,"2,51",,,,,T251222
,,,Total albarán 11917611T,,,,,,,,"0,06",,,,"2,51",,,,,
MTU002,,,UD. TURRON JIJONA 300 GR.,11,   917621T,22/12/2025,,,,,1,"12,1",,,"12,1",,,,,T251222
MTU001,,,UD. TURRON ALICANTE 300 GR.,11,   917621T,22/12/2025,,,,,1,"12,1",,,"12,1",,,,,T251222
,,,Total albarán 11917621T,,,,,,,,2,,,,"24,2",,,,,
MFA004,,,KG. MARRON GLACE,11,   917622T,22/12/2025,,,,,"0,085","61,6",,,"5,24",,,,,T251222
,,,Total albarán 11917622T,,,,,,,,"0,085",,,,"5,24",,,,,
MCO004K,,,UD. BOTE TRIDENT PIPPERMIN,11,   917624T,22/12/2025,,,,,2,"3,5",,,7,,,,,T251222
MCN001S,,,UD. CHUPA CHUPS GRANDE,11,   917624T,22/12/2025,,,,,5,1,,,5,,,,,T251222
MCK008R,,,UD. SMINT BUBLLE FRESH,11,   917624T,22/12/2025,,,,,2,"2,2",,,"4,4",,,,,T251222
,,,Total albarán 11917624T,,,,,,,,9,,,,"16,4",,,,,
MBB001,,,KG. BOMBONES SURTIDOS,11,   917629T,22/12/2025,,,,,"0,09","51,7",,,"4,65",,,,,T251222
,,,Total albarán 11917629T,,,,,,,,"0,09",,,,"4,65",,,,,
MBB003,,,KG. LENGUAS DE GATO,11,   917630T,22/12/2025,,,,,"0,115","34,1",,,"3,92",,,,,T251222
,,,Total albarán 11917630T,,,,,,,,"0,115",,,,"3,92",,,,,
MBB001,,,KG. BOMBONES SURTIDOS,11,   917648T,22/12/2025,,,,,"0,21","51,7",,,"10,86",,,,,T251222
,,,Total albarán 11917648T,,,,,,,,"0,21",,,,"10,86",,,,,
MVH008,,,"UD. AGUA MINERAL DE 1, 5 L. AQUABONA",11,   917656T,22/12/2025,,,,,2,"1,75",,,"3,5",,,,,T251222
,,,Total albarán 11917656T,,,,,,,,2,,,,"3,5",,,,,
MFA001,,,KG. FRUTA ESCARCHADA,11,   917659T,22/12/2025,,,,,"0,43","29,7",,,"12,77",,,,,T251222
,,,Total albarán 11917659T,,,,,,,,"0,43",,,,"12,77",,,,,
MCN001,,,UD. CHUPA CHUPS,11,   917665T,22/12/2025,,,,,1,"0,33",,,"0,33",,,,,T251222
MCN001S,,,UD. CHUPA CHUPS GRANDE,11,   917665T,22/12/2025,,,,,1,1,,,1,,,,,T251222
,,,Total albarán 11917665T,,,,,,,,2,,,,"1,33",,,,,
MTU032,,,UD. TURRON CHOCO-LECHE P. ALM. CARAMELIZADA,11,   917679T,22/12/2025,,,,,1,"9,9",,,"9,9",,,,,T251222
,,,Total albarán 11917679T,,,,,,,,1,,,,"9,9",,,,,
MTU032,,,UD. TURRON CHOCO-LECHE P. ALM. CARAMELIZADA,11,   917691T,22/12/2025,,,,,1,"9,9",,,"9,9",,,,,T251222
,,,Total albarán 11917691T,,,,,,,,1,,,,"9,9",,,,,
,04/03/2026 20:10:44,,,,,,,,,,,,,,,,,Página: 89,,
MTU002,,,UD. TURRON JIJONA 300 GR.,11,   917692T,22/12/2025,,,,,1,"12,1",,,"12,1",,,,,T251222
,,,Total albarán 11917692T,,,,,,,,1,,,,"12,1",,,,,
MCN011,,,UD. MELODY POPS,11,   917693T,22/12/2025,,,,,1,"0,66",,,"0,66",,,,,T251222
,,,Total albarán 11917693T,,,,,,,,1,,,,"0,66",,,,,
MBB001,,,KG. BOMBONES SURTIDOS,11,   917699T,22/12/2025,,,,,"0,135","51,7",,,"6,98",,,,,T251222
,,,Total albarán 11917699T,,,,,,,,"0,135",,,,"6,98",,,,,
MFA001,,,KG. FRUTA ESCARCHADA,11,   917702T,22/12/2025,,,,,"0,315","29,7",,,"9,36",,,,,T251222
,,,Total albarán 11917702T,,,,,,,,"0,315",,,,"9,36",,,,,
MTU010,,,KG. ALMENDRAS RELLENAS,11,   917715T,22/12/2025,,,,,"0,25","41,8",,,"10,45",,,,,T251222
,,,Total albarán 11917715T,,,,,,,,"0,25",,,,"10,45",,,,,
MCN001,,,UD. CHUPA CHUPS,11,   917717T,22/12/2025,,,,,2,"0,33",,,"0,66",,,,,T251222
,,,Total albarán 11917717T,,,,,,,,2,,,,"0,66",,,,,
MBB003,,,KG. LENGUAS DE GATO,11,   917724T,22/12/2025,,,,,"0,3","34,1",,,"10,23",,,,,T251222
,,,Total albarán 11917724T,,,,,,,,"0,3",,,,"10,23",,,,,
MTU011,,,KG. PASTELES YEMA,11,   917727T,22/12/2025,,,,,"0,12","38,5",,,"4,62",,,,,T251222
,,,Total albarán 11917727T,,,,,,,,"0,12",,,,"4,62",,,,,
MBB003,,,KG. LENGUAS DE GATO,11,   917732T,22/12/2025,,,,,1,10,,,10,,,,,T251222
,,,Total albarán 11917732T,,,,,,,,1,,,,10,,,,,
MVH010B,,,UD. BOTELLA AGUA 1/2 L. AQUABONA,11,   917736T,22/12/2025,,,,,1,"1,1",,,"1,1",,,,,T251222
,,,Total albarán 11917736T,,,,,,,,1,,,,"1,1",,,,,
MBB001,,,KG. BOMBONES SURTIDOS,11,   917743T,22/12/2025,,,,,"0,146","51,7",,,"7,55",,,,,T251222
,,,Total albarán 11917743T,,,,,,,,"0,146",,,,"7,55",,,,,
MCN011,,,UD. MELODY POPS,11,   917746T,22/12/2025,,,,,1,"0,66",,,"0,66",,,,,T251222
,,,Total albarán 11917746T,,,,,,,,1,,,,"0,66",,,,,
MFA002,,,KG. FRUTAS DE ARAGON,11,   917761T,22/12/2025,,,,,"0,25",33,,,"8,25",,,,,T251222
MFA001,,,KG. FRUTA ESCARCHADA,11,   917761T,22/12/2025,,,,,"0,26","29,7",,,"7,72",,,,,T251222
,,,Total albarán 11917761T,,,,,,,,"0,51",,,,"15,97",,,,,
MTU002,,,UD. TURRON JIJONA 300 GR.,11,   917775T,22/12/2025,,,,,1,"12,1",,,"12,1",,,,,T251222
MTU001,,,UD. TURRON ALICANTE 300 GR.,11,   917775T,22/12/2025,,,,,1,"12,1",,,"12,1",,,,,T251222
MTU032,,,UD. TURRON CHOCO-LECHE P. ALM. CARAMELIZADA,11,   917775T,22/12/2025,,,,,1,"9,9",,,"9,9",,,,,T251222
,,,Total albarán 11917775T,,,,,,,,3,,,,"34,1",,,,,
,04/03/2026 20:10:44,,,,,,,,,,,,,,,,,Página: 90,,
MFA004,,,KG. MARRON GLACE,11,   917805T,22/12/2025,,,,,1,"61,6",,,"61,6",,,,,T251222
,,,Total albarán 11917805T,,,,,,,,1,,,,"61,6",,,,,
MTU016,,,KG. POLVORONES Y MANTECADOS,11,   917807T,22/12/2025,,,,,"0,5","19,8",,,"9,9",,,,,T251222
,,,Total albarán 11917807T,,,,,,,,"0,5",,,,"9,9",,,,,
MTU011,,,KG. PASTELES YEMA,11,   917814T,22/12/2025,,,,,"0,13","38,5",,,"5,01",,,,,T251222
MFA004,,,KG. MARRON GLACE,11,   917814T,22/12/2025,,,,,"0,11","61,6",,,"6,78",,,,,T251222
,,,Total albarán 11917814T,,,,,,,,"0,24",,,,"11,79",,,,,
MBB003,,,KG. LENGUAS DE GATO,11,   917830T,22/12/2025,,,,,"0,055","34,1",,,"1,88",,,,,T251222
,,,Total albarán 11917830T,,,,,,,,"0,055",,,,"1,88",,,,,
MFA001,,,KG. FRUTA ESCARCHADA,11,   917839T,22/12/2025,,,,,"0,33","29,7",,,"9,8",,,,,T251222
,,,Total albarán 11917839T,,,,,,,,"0,33",,,,"9,8",,,,,
MFA001,,,KG. FRUTA ESCARCHADA,11,   917849T,22/12/2025,,,,,"0,39","29,7",,,"11,58",,,,,T251222
MTU010,,,KG. ALMENDRAS RELLENAS,11,   917849T,22/12/2025,,,,,"0,5","41,8",,,"20,9",,,,,T251222
,,,Total albarán 11917849T,,,,,,,,"0,89",,,,"32,48",,,,,
MTU032,,,UD. TURRON CHOCO-LECHE P. ALM. CARAMELIZADA,11,   917850T,22/12/2025,,,,,1,"9,9",,,"9,9",,,,,T251222
,,,Total albarán 11917850T,,,,,,,,1,,,,"9,9",,,,,
MCN001,,,UD. CHUPA CHUPS,11,   917856T,22/12/2025,,,,,4,"0,33",,,"1,32",,,,,T251222
,,,Total albarán 11917856T,,,,,,,,4,,,,"1,32",,,,,
MFA004,,,KG. MARRON GLACE,11,   917860T,22/12/2025,,,,,"0,1","61,6",,,"6,16",,,,,T251222
,,,Total albarán 11917860T,,,,,,,,"0,1",,,,"6,16",,,,,
MBB001,,,KG. BOMBONES SURTIDOS,11,   917862T,22/12/2025,,,,,"0,25","51,7",,,"12,93",,,,,T251222
,,,Total albarán 11917862T,,,,,,,,"0,25",,,,"12,93",,,,,
MCN001,,,UD. CHUPA CHUPS,11,   917874T,22/12/2025,,,,,2,"0,3",,,"0,6",,,,,T251222
,,,Total albarán 11917874T,,,,,,,,2,,,,"0,6",,,,,
MTU019,,,UD. BOLSA PIÑONES 150 GR.,11,   917877T,22/12/2025,,,,,2,11,,,22,,,,,T251222
,,,Total albarán 11917877T,,,,,,,,2,,,,22,,,,,
MFA001,,,KG. FRUTA ESCARCHADA,11,   917880T,22/12/2025,,,,,"0,32","29,7",,,"9,5",,,,,T251222
,,,Total albarán 11917880T,,,,,,,,"0,32",,,,"9,5",,,,,
MTU011,,,KG. PASTELES YEMA,11,   917885T,22/12/2025,,,,,"0,125","38,5",,,"4,81",,,,,T251222
MTU010,,,KG. ALMENDRAS RELLENAS,11,   917885T,22/12/2025,,,,,"0,11","41,8",,,"4,6",,,,,T251222
,,,Total albarán 11917885T,,,,,,,,"0,235",,,,"9,41",,,,,
,04/03/2026 20:10:44,,,,,,,,,,,,,,,,,Página: 91,,
MTU010,,,KG. ALMENDRAS RELLENAS,11,   917888T,22/12/2025,,,,,"0,09","41,8",,,"3,76",,,,,T251222
,,,Total albarán 11917888T,,,,,,,,"0,09",,,,"3,76",,,,,
MFA002,,,KG. FRUTAS DE ARAGON,11,   917900T,22/12/2025,,,,,"0,26",33,,,"8,58",,,,,T251222
,,,Total albarán 11917900T,,,,,,,,"0,26",,,,"8,58",,,,,
MBB003,,,KG. LENGUAS DE GATO,11,   917903T,22/12/2025,,,,,"0,115","34,1",,,"3,92",,,,,T251222
,,,Total albarán 11917903T,,,,,,,,"0,115",,,,"3,92",,,,,
MTU002,,,UD. TURRON JIJONA 300 GR.,11,   917921T,22/12/2025,,,,,1,"12,1",,,"12,1",,,,,T251222
,,,Total albarán 11917921T,,,,,,,,1,,,,"12,1",,,,,
MTU032,,,UD. TURRON CHOCO-LECHE P. ALM. CARAMELIZADA,11,   917927T,22/12/2025,,,,,1,"9,9",,,"9,9",,,,,T251222
,,,Total albarán 11917927T,,,,,,,,1,,,,"9,9",,,,,
MTU012,,,KG. PASTELES YEMA-CHOCOLATE,11,   917928T,22/12/2025,,,,,"0,415","38,5",,,"15,98",,,,,T251222
,,,Total albarán 11917928T,,,,,,,,"0,415",,,,"15,98",,,,,
MBB003,,,KG. LENGUAS DE GATO,11,   917937T,23/12/2025,,,,,"0,11","34,1",,,"3,75",,,,,T251223
,,,Total albarán 11917937T,,,,,,,,"0,11",,,,"3,75",,,,,
MBB001,,,KG. BOMBONES SURTIDOS,11,   917944T,23/12/2025,,,,,"0,25","51,7",,,"12,93",,,,,T251223
,,,Total albarán 11917944T,,,,,,,,"0,25",,,,"12,93",,,,,
MTU002,,,UD. TURRON JIJONA 300 GR.,11,   917954T,23/12/2025,,,,,2,"12,1",,,"24,2",,,,,T251223
,,,Total albarán 11917954T,,,,,,,,2,,,,"24,2",,,,,
MTU019,,,UD. BOLSA PIÑONES 150 GR.,11,   917963T,23/12/2025,,,,,1,11,,,11,,,,,T251223
,,,Total albarán 11917963T,,,,,,,,1,,,,11,,,,,
MTU016,,,KG. POLVORONES Y MANTECADOS,11,   917969T,23/12/2025,,,,,"0,34","19,8",,,"6,73",,,,,T251223
,,,Total albarán 11917969T,,,,,,,,"0,34",,,,"6,73",,,,,
MBB001,,,KG. BOMBONES SURTIDOS,11,   917973T,23/12/2025,,,,,"0,22","51,7",,,"11,37",,,,,T251223
,,,Total albarán 11917973T,,,,,,,,"0,22",,,,"11,37",,,,,
MTU018,,,UD. BOLSA PELADILLA 150 GR.,11,   917995T,23/12/2025,,,,,2,"6,05",,,"12,1",,,,,T251223
,,,Total albarán 11917995T,,,,,,,,2,,,,"12,1",,,,,
MTU019,,,UD. BOLSA PIÑONES 150 GR.,11,   918012T,23/12/2025,,,,,1,11,,,11,,,,,T251223
,,,Total albarán 11918012T,,,,,,,,1,,,,11,,,,,
MCK015A,,,UD. TUBO MENTOS FRUTAS 38 GR.,11,   918017T,23/12/2025,,,,,2,"1,1",,,"2,2",,,,,T251223
,,,Total albarán 11918017T,,,,,,,,2,,,,"2,2",,,,,
,04/03/2026 20:10:44,,,,,,,,,,,,,,,,,Página: 92,,
MCG006A,,,UD. SOMBRILLA DE CHOCOLATE 15 GMS.,11,   918021T,23/12/2025,,,,,1,"1,1",,,"1,1",,,,,T251223
MCK015A,,,UD. TUBO MENTOS FRUTAS 38 GR.,11,   918021T,23/12/2025,,,,,1,"1,1",,,"1,1",,,,,T251223
MTU002,,,UD. TURRON JIJONA 300 GR.,11,   918021T,23/12/2025,,,,,2,"12,1",,,"24,2",,,,,T251223
,,,Total albarán 11918021T,,,,,,,,4,,,,"26,4",,,,,
MTU016,,,KG. POLVORONES Y MANTECADOS,11,   918023T,23/12/2025,,,,,"0,52","19,8",,,"10,3",,,,,T251223
,,,Total albarán 11918023T,,,,,,,,"0,52",,,,"10,3",,,,,
MCK015A,,,UD. TUBO MENTOS FRUTAS 38 GR.,11,   918026T,23/12/2025,,,,,1,"1,1",,,"1,1",,,,,T251223
,,,Total albarán 11918026T,,,,,,,,1,,,,"1,1",,,,,
MFA001,,,KG. FRUTA ESCARCHADA,11,   918028T,23/12/2025,,,,,"0,3","29,7",,,"8,91",,,,,T251223
,,,Total albarán 11918028T,,,,,,,,"0,3",,,,"8,91",,,,,
MBB003,,,KG. LENGUAS DE GATO,11,   918042T,23/12/2025,,,,,"0,165","34,1",,,"5,63",,,,,T251223
,,,Total albarán 11918042T,,,,,,,,"0,165",,,,"5,63",,,,,
MCK008R,,,UD. SMINT BUBLLE FRESH,11,   918070T,23/12/2025,,,,,1,"2,2",,,"2,2",,,,,T251223
MCO004K,,,UD. BOTE TRIDENT PIPPERMIN,11,   918070T,23/12/2025,,,,,1,"3,5",,,"3,5",,,,,T251223
,,,Total albarán 11918070T,,,,,,,,2,,,,"5,7",,,,,
MTU010,,,KG. ALMENDRAS RELLENAS,11,   918094T,23/12/2025,,,,,"0,05","41,8",,,"2,09",,,,,T251223
,,,Total albarán 11918094T,,,,,,,,"0,05",,,,"2,09",,,,,
MTU011,,,KG. PASTELES YEMA,11,   918097T,23/12/2025,,,,,"0,22","38,5",,,"8,47",,,,,T251223
MTU010,,,KG. ALMENDRAS RELLENAS,11,   918097T,23/12/2025,,,,,"0,165","41,8",,,"6,9",,,,,T251223
,,,Total albarán 11918097T,,,,,,,,"0,385",,,,"15,37",,,,,
MBB001,,,KG. BOMBONES SURTIDOS,11,   918105T,23/12/2025,,,,,"0,25","51,7",,,"12,93",,,,,T251223
,,,Total albarán 11918105T,,,,,,,,"0,25",,,,"12,93",,,,,
MTU010,,,KG. ALMENDRAS RELLENAS,11,   918108T,23/12/2025,,,,,"0,155","41,8",,,"6,48",,,,,T251223
,,,Total albarán 11918108T,,,,,,,,"0,155",,,,"6,48",,,,,
MBB003,,,KG. LENGUAS DE GATO,11,   918112T,23/12/2025,,,,,"0,03","34,1",,,"1,02",,,,,T251223
,,,Total albarán 11918112T,,,,,,,,"0,03",,,,"1,02",,,,,
MCJ012B,,,UD. SACO CARBON 100 GR. PIFARRE,11,   918116T,23/12/2025,,,,,1,"3,3",,,"3,3",,,,,T251223
,,,Total albarán 11918116T,,,,,,,,1,,,,"3,3",,,,,
MTU016,,,KG. POLVORONES Y MANTECADOS,11,   918118T,23/12/2025,,,,,"0,5","19,8",,,"9,9",,,,,T251223
,,,Total albarán 11918118T,,,,,,,,"0,5",,,,"9,9",,,,,
,04/03/2026 20:10:44,,,,,,,,,,,,,,,,,Página: 93,,
MBB003,,,KG. LENGUAS DE GATO,11,   918138T,23/12/2025,,,,,"0,235","34,1",,,"8,01",,,,,T251223
MBB003,,,KG. LENGUAS DE GATO,11,   918138T,23/12/2025,,,,,"0,25","34,1",,,"8,53",,,,,T251223
,,,Total albarán 11918138T,,,,,,,,"0,485",,,,"16,54",,,,,
MBB001,,,KG. BOMBONES SURTIDOS,11,   918142T,23/12/2025,,,,,"0,07","51,7",,,"3,62",,,,,T251223
,,,Total albarán 11918142T,,,,,,,,"0,07",,,,"3,62",,,,,
MTU019,,,UD. BOLSA PIÑONES 150 GR.,11,   918161T,23/12/2025,,,,,1,11,,,11,,,,,T251223
,,,Total albarán 11918161T,,,,,,,,1,,,,11,,,,,
MCN011,,,UD. MELODY POPS,11,   918168T,23/12/2025,,,,,1,"0,66",,,"0,66",,,,,T251223
,,,Total albarán 11918168T,,,,,,,,1,,,,"0,66",,,,,
MVH010B,,,UD. BOTELLA AGUA 1/2 L. AQUABONA,11,   918180T,23/12/2025,,,,,1,"1,1",,,"1,1",,,,,T251223
,,,Total albarán 11918180T,,,,,,,,1,,,,"1,1",,,,,
MVA002,,,UD. VELA COLOR INDIVIDUAL,11,   918190T,23/12/2025,,,,,1,"0,11",,,"0,11",,,,,T251223
,,,Total albarán 11918190T,,,,,,,,1,,,,"0,11",,,,,
MTU010,,,KG. ALMENDRAS RELLENAS,11,   918194T,23/12/2025,,,,,"0,025","41,8",,,"1,05",,,,,T251223
,,,Total albarán 11918194T,,,,,,,,"0,025",,,,"1,05",,,,,
MTU010,,,KG. ALMENDRAS RELLENAS,11,   918200T,23/12/2025,,,,,"0,11","41,8",,,"4,6",,,,,T251223
,,,Total albarán 11918200T,,,,,,,,"0,11",,,,"4,6",,,,,
MVH010B,,,UD. BOTELLA AGUA 1/2 L. AQUABONA,11,   918242T,23/12/2025,,,,,1,"1,1",,,"1,1",,,,,T251223
,,,Total albarán 11918242T,,,,,,,,1,,,,"1,1",,,,,
MTU019,,,UD. BOLSA PIÑONES 150 GR.,11,   918249T,23/12/2025,,,,,1,11,,,11,,,,,T251223
,,,Total albarán 11918249T,,,,,,,,1,,,,11,,,,,
MTU011,,,KG. PASTELES YEMA,11,   918255T,23/12/2025,,,,,"0,39","38,5",,,"15,02",,,,,T251223
MTU002,,,UD. TURRON JIJONA 300 GR.,11,   918255T,23/12/2025,,,,,2,"12,1",,,"24,2",,,,,T251223
MTU001,,,UD. TURRON ALICANTE 300 GR.,11,   918255T,23/12/2025,,,,,2,"12,1",,,"24,2",,,,,T251223
MCJ012B,,,UD. SACO CARBON 100 GR. PIFARRE,11,   918255T,23/12/2025,,,,,1,"3,3",,,"3,3",,,,,T251223
MFA001,,,KG. FRUTA ESCARCHADA,11,   918255T,23/12/2025,,,,,"0,13","29,7",,,"3,86",,,,,T251223
,,,Total albarán 11918255T,,,,,,,,"5,52",,,,"70,58",,,,,
MCN011,,,UD. MELODY POPS,11,   918260T,23/12/2025,,,,,2,"0,66",,,"1,32",,,,,T251223
,,,Total albarán 11918260T,,,,,,,,2,,,,"1,32",,,,,
MCN011,,,UD. MELODY POPS,11,   918264T,23/12/2025,,,,,2,"0,66",,,"1,32",,,,,T251223
,04/03/2026 20:10:44,,,,,,,,,,,,,,,,,Página: 94,,
,,,Total albarán 11918264T,,,,,,,,2,,,,"1,32",,,,,
MBB003,,,KG. LENGUAS DE GATO,11,   918274T,23/12/2025,,,,,"0,055","34,1",,,"1,88",,,,,T251223
,,,Total albarán 11918274T,,,,,,,,"0,055",,,,"1,88",,,,,
MTU012,,,KG. PASTELES YEMA-CHOCOLATE,11,   918298T,23/12/2025,,,,,"0,04","38,5",,,"1,54",,,,,T251223
,,,Total albarán 11918298T,,,,,,,,"0,04",,,,"1,54",,,,,
MBB003,,,KG. LENGUAS DE GATO,11,   918300T,23/12/2025,,,,,"0,14","34,1",,,"4,77",,,,,T251223
MCN011,,,UD. MELODY POPS,11,   918300T,23/12/2025,,,,,3,"0,66",,,"1,98",,,,,T251223
,,,Total albarán 11918300T,,,,,,,,"3,14",,,,"6,75",,,,,
MCK015A,,,UD. TUBO MENTOS FRUTAS 38 GR.,11,   918304T,23/12/2025,,,,,2,"1,1",,,"2,2",,,,,T251223
,,,Total albarán 11918304T,,,,,,,,2,,,,"2,2",,,,,
MVH010B,,,UD. BOTELLA AGUA 1/2 L. AQUABONA,11,   918336T,23/12/2025,,,,,1,"1,1",,,"1,1",,,,,T251223
,,,Total albarán 11918336T,,,,,,,,1,,,,"1,1",,,,,
MFA001,,,KG. FRUTA ESCARCHADA,11,   918346T,23/12/2025,,,,,"0,27","29,7",,,"8,02",,,,,T251223
,,,Total albarán 11918346T,,,,,,,,"0,27",,,,"8,02",,,,,
MTU002,,,UD. TURRON JIJONA 300 GR.,11,   918361T,23/12/2025,,,,,2,"12,1",,,"24,2",,,,,T251223
,,,Total albarán 11918361T,,,,,,,,2,,,,"24,2",,,,,
MTU016,,,KG. POLVORONES Y MANTECADOS,11,   918367T,23/12/2025,,,,,"0,285","19,8",,,"5,64",,,,,T251223
,,,Total albarán 11918367T,,,,,,,,"0,285",,,,"5,64",,,,,
MTU012,,,KG. PASTELES YEMA-CHOCOLATE,11,   918369T,23/12/2025,,,,,"0,065","38,5",,,"2,5",,,,,T251223
,,,Total albarán 11918369T,,,,,,,,"0,065",,,,"2,5",,,,,
MFA001,,,KG. FRUTA ESCARCHADA,11,   918377T,23/12/2025,,,,,"0,25","29,7",,,"7,43",,,,,T251223
,,,Total albarán 11918377T,,,,,,,,"0,25",,,,"7,43",,,,,
MBB001,,,KG. BOMBONES SURTIDOS,11,   918384T,23/12/2025,,,,,"0,095","51,7",,,"4,91",,,,,T251223
,,,Total albarán 11918384T,,,,,,,,"0,095",,,,"4,91",,,,,
MTU010,,,KG. ALMENDRAS RELLENAS,11,   918386T,23/12/2025,,,,,"0,25","41,8",,,"10,45",,,,,T251223
,,,Total albarán 11918386T,,,,,,,,"0,25",,,,"10,45",,,,,
MFA002,,,KG. FRUTAS DE ARAGON,11,   918401T,23/12/2025,,,,,"0,25",33,,,"8,25",,,,,T251223
MCG005,,,UD. SOMBRILLA DE CHOCOLATE 10 GMS.,11,   918401T,23/12/2025,,,,,1,"0,9",,,"0,9",,,,,T251223
MVH010B,,,UD. BOTELLA AGUA 1/2 L. AQUABONA,11,   918401T,23/12/2025,,,,,1,"1,1",,,"1,1",,,,,T251223
,,,Total albarán 11918401T,,,,,,,,"2,25",,,,"10,25",,,,,
,04/03/2026 20:10:44,,,,,,,,,,,,,,,,,Página: 95,,
MTU011,,,KG. PASTELES YEMA,11,   918402T,23/12/2025,,,,,"0,19","38,5",,,"7,32",,,,,T251223
,,,Total albarán 11918402T,,,,,,,,"0,19",,,,"7,32",,,,,
MTU010,,,KG. ALMENDRAS RELLENAS,11,   918408T,23/12/2025,,,,,"0,25","41,8",,,"10,45",,,,,T251223
MTU019,,,UD. BOLSA PIÑONES 150 GR.,11,   918408T,23/12/2025,,,,,1,11,,,11,,,,,T251223
,,,Total albarán 11918408T,,,,,,,,"1,25",,,,"21,45",,,,,
MTU002,,,UD. TURRON JIJONA 300 GR.,11,   918439T,23/12/2025,,,,,1,"12,1",,,"12,1",,,,,T251223
MTU001,,,UD. TURRON ALICANTE 300 GR.,11,   918439T,23/12/2025,,,,,1,"12,1",,,"12,1",,,,,T251223
,,,Total albarán 11918439T,,,,,,,,2,,,,"24,2",,,,,
MTU010,,,KG. ALMENDRAS RELLENAS,11,   918480T,23/12/2025,,,,,"0,145","41,8",,,"6,06",,,,,T251223
,,,Total albarán 11918480T,,,,,,,,"0,145",,,,"6,06",,,,,
MTU011,,,KG. PASTELES YEMA,11,   918481T,23/12/2025,,,,,"0,105","38,5",,,"4,04",,,,,T251223
,,,Total albarán 11918481T,,,,,,,,"0,105",,,,"4,04",,,,,
MCJ003I,,,UD. BOLSA CARAMELOS GUMI,11,   918498T,23/12/2025,,,,,1,"3,3",,,"3,3",,,,,T251223
,,,Total albarán 11918498T,,,,,,,,1,,,,"3,3",,,,,
MCG005,,,UD. SOMBRILLA DE CHOCOLATE 10 GMS.,11,   918500T,23/12/2025,,,,,2,"0,9",,,"1,8",,,,,T251223
,,,Total albarán 11918500T,,,,,,,,2,,,,"1,8",,,,,
MTU010,,,KG. ALMENDRAS RELLENAS,11,   918506T,23/12/2025,,,,,"0,25","41,8",,,"10,45",,,,,T251223
,,,Total albarán 11918506T,,,,,,,,"0,25",,,,"10,45",,,,,
MBB001,,,KG. BOMBONES SURTIDOS,11,   918508T,23/12/2025,,,,,"0,16","51,7",,,"8,27",,,,,T251223
,,,Total albarán 11918508T,,,,,,,,"0,16",,,,"8,27",,,,,
MTU010,,,KG. ALMENDRAS RELLENAS,11,   918512T,24/12/2025,,,,,"0,05","41,8",,,"2,09",,,,,T251224
,,,Total albarán 11918512T,,,,,,,,"0,05",,,,"2,09",,,,,
MBB001,,,KG. BOMBONES SURTIDOS,11,   918520T,24/12/2025,,,,,"0,5","51,7",,,"25,85",,,,,T251224
,,,Total albarán 11918520T,,,,,,,,"0,5",,,,"25,85",,,,,
MTU016,,,KG. POLVORONES Y MANTECADOS,11,   918539T,24/12/2025,,,,,"0,085","19,8",,,"1,68",,,,,T251224
,,,Total albarán 11918539T,,,,,,,,"0,085",,,,"1,68",,,,,
MVH010B,,,UD. BOTELLA AGUA 1/2 L. AQUABONA,11,   918541T,24/12/2025,,,,,2,"1,1",,,"2,2",,,,,T251224
,,,Total albarán 11918541T,,,,,,,,2,,,,"2,2",,,,,
MVH010B,,,UD. BOTELLA AGUA 1/2 L. AQUABONA,11,   918560T,24/12/2025,,,,,1,"1,1",,,"1,1",,,,,T251224
,,,Total albarán 11918560T,,,,,,,,1,,,,"1,1",,,,,
,04/03/2026 20:10:44,,,,,,,,,,,,,,,,,Página: 96,,
MBB003,,,KG. LENGUAS DE GATO,11,   918579T,24/12/2025,,,,,"0,245","34,1",,,"8,35",,,,,T251224
MCK015A,,,UD. TUBO MENTOS FRUTAS 38 GR.,11,   918579T,24/12/2025,,,,,1,"1,1",,,"1,1",,,,,T251224
MCK008R,,,UD. SMINT BUBLLE FRESH,11,   918579T,24/12/2025,,,,,1,"2,2",,,"2,2",,,,,T251224
,,,Total albarán 11918579T,,,,,,,,"2,245",,,,"11,65",,,,,
MCN001,,,UD. CHUPA CHUPS,11,   918587T,24/12/2025,,,,,2,"0,3",,,"0,6",,,,,T251224
,,,Total albarán 11918587T,,,,,,,,2,,,,"0,6",,,,,
MBB003,,,KG. LENGUAS DE GATO,11,   918589T,24/12/2025,,,,,"0,22","34,1",,,"7,5",,,,,T251224
,,,Total albarán 11918589T,,,,,,,,"0,22",,,,"7,5",,,,,
MBB001,,,KG. BOMBONES SURTIDOS,11,   918603T,26/12/2025,,,,,"0,24","51,7",,,"12,41",,,,,T251226
MBB003,,,KG. LENGUAS DE GATO,11,   918603T,26/12/2025,,,,,"0,03","34,1",,,"1,02",,,,,T251226
,,,Total albarán 11918603T,,,,,,,,"0,27",,,,"13,43",,,,,
MVH010B,,,UD. BOTELLA AGUA 1/2 L. AQUABONA,11,   918605T,26/12/2025,,,,,6,"1,1",,,"6,6",,,,,T251226
,,,Total albarán 11918605T,,,,,,,,6,,,,"6,6",,,,,
MTU010,,,KG. ALMENDRAS RELLENAS,11,   918616T,26/12/2025,,,,,"0,11","41,8",,,"4,6",,,,,T251226
,,,Total albarán 11918616T,,,,,,,,"0,11",,,,"4,6",,,,,
MCG006A,,,UD. SOMBRILLA DE CHOCOLATE 15 GMS.,11,   918630T,26/12/2025,,,,,2,"1,1",,,"2,2",,,,,T251226
,,,Total albarán 11918630T,,,,,,,,2,,,,"2,2",,,,,
MTU010,,,KG. ALMENDRAS RELLENAS,11,   918631T,26/12/2025,,,,,"0,07","41,8",,,"2,93",,,,,T251226
,,,Total albarán 11918631T,,,,,,,,"0,07",,,,"2,93",,,,,
MVA001,,,UD. VELA NUMERO,11,   918636T,26/12/2025,,,,,2,"0,99",,,"1,98",,,,,T251226
,,,Total albarán 11918636T,,,,,,,,2,,,,"1,98",,,,,
MVH010B,,,UD. BOTELLA AGUA 1/2 L. AQUABONA,11,   918645T,26/12/2025,,,,,1,"1,1",,,"1,1",,,,,T251226
,,,Total albarán 11918645T,,,,,,,,1,,,,"1,1",,,,,
MCG005,,,UD. SOMBRILLA DE CHOCOLATE 10 GMS.,11,   918646T,26/12/2025,,,,,3,"0,9",,,"2,7",,,,,T251226
,,,Total albarán 11918646T,,,,,,,,3,,,,"2,7",,,,,
MBB001,,,KG. BOMBONES SURTIDOS,11,   918656T,26/12/2025,,,,,"0,09","51,7",,,"4,65",,,,,T251226
,,,Total albarán 11918656T,,,,,,,,"0,09",,,,"4,65",,,,,
MCN001,,,UD. CHUPA CHUPS,11,   918674T,26/12/2025,,,,,1,"0,3",,,"0,3",,,,,T251226
,,,Total albarán 11918674T,,,,,,,,1,,,,"0,3",,,,,
MTU032,,,UD. TURRON CHOCO-LECHE P. ALM. CARAMELIZADA,11,   918689T,26/12/2025,,,,,1,"9,9",,,"9,9",,,,,T251226
,,,Total albarán 11918689T,,,,,,,,1,,,,"9,9",,,,,
,04/03/2026 20:10:44,,,,,,,,,,,,,,,,,Página: 97,,
MBB003,,,KG. LENGUAS DE GATO,11,   918694T,26/12/2025,,,,,"0,25","34,1",,,"8,53",,,,,T251226
,,,Total albarán 11918694T,,,,,,,,"0,25",,,,"8,53",,,,,
MCJ003,,,UD. BOLSA CARAMELOS MIEL 175 GR.,11,   918705T,26/12/2025,,,,,1,"3,3",,,"3,3",,,,,T251226
,,,Total albarán 11918705T,,,,,,,,1,,,,"3,3",,,,,
MTU010,,,KG. ALMENDRAS RELLENAS,11,   918708T,26/12/2025,,,,,"0,06","41,8",,,"2,51",,,,,T251226
,,,Total albarán 11918708T,,,,,,,,"0,06",,,,"2,51",,,,,
MCJ003,,,UD. BOLSA CARAMELOS MIEL 175 GR.,11,   918720T,26/12/2025,,,,,1,"3,3",,,"3,3",,,,,T251226
,,,Total albarán 11918720T,,,,,,,,1,,,,"3,3",,,,,
MCJ003F,,,UD. BOLSA CARAMELO MIEL - EUCALIPTO 175 GR.,11,   918736T,26/12/2025,,,,,1,"3,3",,,"3,3",,,,,T251226
,,,Total albarán 11918736T,,,,,,,,1,,,,"3,3",,,,,
MVH010B,,,UD. BOTELLA AGUA 1/2 L. AQUABONA,11,   918739T,26/12/2025,,,,,1,"1,1",,,"1,1",,,,,T251226
,,,Total albarán 11918739T,,,,,,,,1,,,,"1,1",,,,,
MVH012B,,,UD. BOTELLA COCA COLA LIGHT,11,   918747T,26/12/2025,,,,,1,2,,,2,,,,,T251226
,,,Total albarán 11918747T,,,,,,,,1,,,,2,,,,,
MCJ012B,,,UD. SACO CARBON 100 GR. PIFARRE,11,   918749T,26/12/2025,,,,,1,"3,3",,,"3,3",,,,,T251226
,,,Total albarán 11918749T,,,,,,,,1,,,,"3,3",,,,,
MTU010,,,KG. ALMENDRAS RELLENAS,11,   918763T,26/12/2025,,,,,"0,03","41,8",,,"1,25",,,,,T251226
,,,Total albarán 11918763T,,,,,,,,"0,03",,,,"1,25",,,,,
MTU010,,,KG. ALMENDRAS RELLENAS,11,   918775T,26/12/2025,,,,,"0,2","41,8",,,"8,36",,,,,T251226
,,,Total albarán 11918775T,,,,,,,,"0,2",,,,"8,36",,,,,
MTU010,,,KG. ALMENDRAS RELLENAS,11,   918782T,26/12/2025,,,,,"0,11","41,8",,,"4,6",,,,,T251226
,,,Total albarán 11918782T,,,,,,,,"0,11",,,,"4,6",,,,,
MCN034E,,,UD. PIRULETA CORAZON,11,   918810T,26/12/2025,,,,,1,"2,2",,,"2,2",,,,,T251226
,,,Total albarán 11918810T,,,,,,,,1,,,,"2,2",,,,,
MVH012,,,UD. BOTELLA COCA COLA,11,   918816T,26/12/2025,,,,,1,2,,,2,,,,,T251226
,,,Total albarán 11918816T,,,,,,,,1,,,,2,,,,,
MBB003,,,KG. LENGUAS DE GATO,11,   918850T,26/12/2025,,,,,"0,085","34,1",,,"2,9",,,,,T251226
,,,Total albarán 11918850T,,,,,,,,"0,085",,,,"2,9",,,,,
MVH010B,,,UD. BOTELLA AGUA 1/2 L. AQUABONA,11,   918852T,26/12/2025,,,,,1,"1,1",,,"1,1",,,,,T251226
,,,Total albarán 11918852T,,,,,,,,1,,,,"1,1",,,,,
,04/03/2026 20:10:44,,,,,,,,,,,,,,,,,Página: 98,,
MFA001,,,KG. FRUTA ESCARCHADA,11,   918912T,26/12/2025,,,,,"0,06","29,7",,,"1,78",,,,,T251226
,,,Total albarán 11918912T,,,,,,,,"0,06",,,,"1,78",,,,,
MTU019,,,UD. BOLSA PIÑONES 150 GR.,11,   918920T,26/12/2025,,,,,1,11,,,11,,,,,T251226
,,,Total albarán 11918920T,,,,,,,,1,,,,11,,,,,
MVH010B,,,UD. BOTELLA AGUA 1/2 L. AQUABONA,11,   918932T,26/12/2025,,,,,2,"1,1",,,"2,2",,,,,T251226
MVH012A,,,UD. BOTELLA COCA COLA ZERO,11,   918932T,26/12/2025,,,,,1,2,,,2,,,,,T251226
,,,Total albarán 11918932T,,,,,,,,3,,,,"4,2",,,,,
MVH010B,,,UD. BOTELLA AGUA 1/2 L. AQUABONA,11,   918936T,26/12/2025,,,,,1,"1,1",,,"1,1",,,,,T251226
,,,Total albarán 11918936T,,,,,,,,1,,,,"1,1",,,,,
MVH010B,,,UD. BOTELLA AGUA 1/2 L. AQUABONA,11,   918939T,26/12/2025,,,,,1,"1,1",,,"1,1",,,,,T251226
,,,Total albarán 11918939T,,,,,,,,1,,,,"1,1",,,,,
MBB003,,,KG. LENGUAS DE GATO,11,   918940T,26/12/2025,,,,,"0,065","34,1",,,"2,22",,,,,T251226
,,,Total albarán 11918940T,,,,,,,,"0,065",,,,"2,22",,,,,
MCG007C,,,UD. MEDALLON SANTO TOME 60 GR.,11,   918941T,26/12/2025,,,,,1,"2,75",,,"2,75",,,,,T251226
,,,Total albarán 11918941T,,,,,,,,1,,,,"2,75",,,,,
MBB001,,,KG. BOMBONES SURTIDOS,11,   918944T,26/12/2025,,,,,"0,03","51,7",,,"1,55",,,,,T251226
,,,Total albarán 11918944T,,,,,,,,"0,03",,,,"1,55",,,,,
MVH010B,,,UD. BOTELLA AGUA 1/2 L. AQUABONA,11,   918970T,26/12/2025,,,,,1,"1,1",,,"1,1",,,,,T251226
,,,Total albarán 11918970T,,,,,,,,1,,,,"1,1",,,,,
MTU002,,,UD. TURRON JIJONA 300 GR.,11,   919010T,26/12/2025,,,,,1,"12,1",,,"12,1",,,,,T251226
,,,Total albarán 11919010T,,,,,,,,1,,,,"12,1",,,,,
MBB003,,,KG. LENGUAS DE GATO,11,   919016T,26/12/2025,,,,,1,"34,1",,,"34,1",,,,,T251226
,,,Total albarán 11919016T,,,,,,,,1,,,,"34,1",,,,,
MVH010B,,,UD. BOTELLA AGUA 1/2 L. AQUABONA,11,   919021T,26/12/2025,,,,,1,"1,1",,,"1,1",,,,,T251226
,,,Total albarán 11919021T,,,,,,,,1,,,,"1,1",,,,,
MTU010,,,KG. ALMENDRAS RELLENAS,11,   919022T,26/12/2025,,,,,"0,165","41,8",,,"6,9",,,,,T251226
,,,Total albarán 11919022T,,,,,,,,"0,165",,,,"6,9",,,,,
MFA002,,,KG. FRUTAS DE ARAGON,11,   919030T,26/12/2025,,,,,"0,25",33,,,"8,25",,,,,T251226
,,,Total albarán 11919030T,,,,,,,,"0,25",,,,"8,25",,,,,
MVH010B,,,UD. BOTELLA AGUA 1/2 L. AQUABONA,11,   919031T,26/12/2025,,,,,1,"1,1",,,"1,1",,,,,T251226
,04/03/2026 20:10:44,,,,,,,,,,,,,,,,,Página: 99,,
,,,Total albarán 11919031T,,,,,,,,1,,,,"1,1",,,,,
MVH012,,,UD. BOTELLA COCA COLA,11,   919039T,26/12/2025,,,,,1,2,,,2,,,,,T251226
,,,Total albarán 11919039T,,,,,,,,1,,,,2,,,,,
MBB001,,,KG. BOMBONES SURTIDOS,11,   919047T,26/12/2025,,,,,"0,215","51,7",,,"11,12",,,,,T251226
,,,Total albarán 11919047T,,,,,,,,"0,215",,,,"11,12",,,,,
MCN001,,,UD. CHUPA CHUPS,11,   919068T,26/12/2025,,,,,2,"0,3",,,"0,6",,,,,T251226
,,,Total albarán 11919068T,,,,,,,,2,,,,"0,6",,,,,
MFA001,,,KG. FRUTA ESCARCHADA,11,   919070T,26/12/2025,,,,,"0,135","29,7",,,"4,01",,,,,T251226
,,,Total albarán 11919070T,,,,,,,,"0,135",,,,"4,01",,,,,
MTU016,,,KG. POLVORONES Y MANTECADOS,11,   919097T,27/12/2025,,,,,"0,095","19,8",,,"1,88",,,,,T251227
,,,Total albarán 11919097T,,,,,,,,"0,095",,,,"1,88",,,,,
MCF015X,,,UD. CHOC. 100 GR. CACHET ORANGE & ALMONS 57 %,11,   919099T,27/12/2025,,,,,1,"3,3",,,"3,3",,,,,T251227
,,,Total albarán 11919099T,,,,,,,,1,,,,"3,3",,,,,
MTU010,,,KG. ALMENDRAS RELLENAS,11,   919109T,27/12/2025,,,,,"0,025","41,8",,,"1,05",,,,,T251227
,,,Total albarán 11919109T,,,,,,,,"0,025",,,,"1,05",,,,,
MVH010B,,,UD. BOTELLA AGUA 1/2 L. AQUABONA,11,   919115T,27/12/2025,,,,,1,"1,1",,,"1,1",,,,,T251227
MCK015A,,,UD. TUBO MENTOS FRUTAS 38 GR.,11,   919115T,27/12/2025,,,,,1,"1,1",,,"1,1",,,,,T251227
,,,Total albarán 11919115T,,,,,,,,2,,,,"2,2",,,,,
MCG006A,,,UD. SOMBRILLA DE CHOCOLATE 15 GMS.,11,   919120T,27/12/2025,,,,,1,"1,1",,,"1,1",,,,,T251227
,,,Total albarán 11919120T,,,,,,,,1,,,,"1,1",,,,,
MVH008,,,"UD. AGUA MINERAL DE 1, 5 L. AQUABONA",11,   919138T,27/12/2025,,,,,1,"1,75",,,"1,75",,,,,T251227
,,,Total albarán 11919138T,,,,,,,,1,,,,"1,75",,,,,
MBB003,,,KG. LENGUAS DE GATO,11,   919153T,27/12/2025,,,,,"0,25","34,1",,,"8,53",,,,,T251227
,,,Total albarán 11919153T,,,,,,,,"0,25",,,,"8,53",,,,,
MVH010B,,,UD. BOTELLA AGUA 1/2 L. AQUABONA,11,   919175T,27/12/2025,,,,,1,"1,1",,,"1,1",,,,,T251227
,,,Total albarán 11919175T,,,,,,,,1,,,,"1,1",,,,,
MCJ003F,,,UD. BOLSA CARAMELO MIEL - EUCALIPTO 175 GR.,11,   919198T,27/12/2025,,,,,1,"3,3",,,"3,3",,,,,T251227
,,,Total albarán 11919198T,,,,,,,,1,,,,"3,3",,,,,
MCN001S,,,UD. CHUPA CHUPS GRANDE,11,   919204T,27/12/2025,,,,,3,1,,,3,,,,,T251227
,,,Total albarán 11919204T,,,,,,,,3,,,,3,,,,,
,04/03/2026 20:10:44,,,,,,,,,,,,,,,,,Página: 100,,
MTU032,,,UD. TURRON CHOCO-LECHE P. ALM. CARAMELIZADA,11,   919215T,27/12/2025,,,,,1,"9,9",,,"9,9",,,,,T251227
,,,Total albarán 11919215T,,,,,,,,1,,,,"9,9",,,,,
MTU010,,,KG. ALMENDRAS RELLENAS,11,   919222T,27/12/2025,,,,,"0,06","41,8",,,"2,51",,,,,T251227
,,,Total albarán 11919222T,,,,,,,,"0,06",,,,"2,51",,,,,
MTU016,,,KG. POLVORONES Y MANTECADOS,11,   919224T,27/12/2025,,,,,"0,1","19,8",,,"1,98",,,,,T251227
,,,Total albarán 11919224T,,,,,,,,"0,1",,,,"1,98",,,,,
MTU010,,,KG. ALMENDRAS RELLENAS,11,   919248T,27/12/2025,,,,,"0,145","41,8",,,"6,06",,,,,T251227
,,,Total albarán 11919248T,,,,,,,,"0,145",,,,"6,06",,,,,
MCG006A,,,UD. SOMBRILLA DE CHOCOLATE 15 GMS.,11,   919251T,27/12/2025,,,,,1,"1,1",,,"1,1",,,,,T251227
,,,Total albarán 11919251T,,,,,,,,1,,,,"1,1",,,,,
MVH008,,,"UD. AGUA MINERAL DE 1, 5 L. AQUABONA",11,   919273T,27/12/2025,,,,,1,"1,75",,,"1,75",,,,,T251227
,,,Total albarán 11919273T,,,,,,,,1,,,,"1,75",,,,,
MTU002,,,UD. TURRON JIJONA 300 GR.,11,   919279T,27/12/2025,,,,,2,"12,1",,,"24,2",,,,,T251227
,,,Total albarán 11919279T,,,,,,,,2,,,,"24,2",,,,,
MBB001,,,KG. BOMBONES SURTIDOS,11,   919293T,27/12/2025,,,,,"0,35","51,7",,,"18,1",,,,,T251227
,,,Total albarán 11919293T,,,,,,,,"0,35",,,,"18,1",,,,,
MCN001,,,UD. CHUPA CHUPS,11,   919296T,27/12/2025,,,,,1,"0,33",,,"0,33",,,,,T251227
,,,Total albarán 11919296T,,,,,,,,1,,,,"0,33",,,,,
MVH010B,,,UD. BOTELLA AGUA 1/2 L. AQUABONA,11,   919303T,27/12/2025,,,,,2,"1,1",,,"2,2",,,,,T251227
MTU010,,,KG. ALMENDRAS RELLENAS,11,   919303T,27/12/2025,,,,,"0,05","41,8",,,"2,09",,,,,T251227
,,,Total albarán 11919303T,,,,,,,,"2,05",,,,"4,29",,,,,
MFA002,,,KG. FRUTAS DE ARAGON,11,   919305T,27/12/2025,,,,,"0,26",33,,,"8,58",,,,,T251227
,,,Total albarán 11919305T,,,,,,,,"0,26",,,,"8,58",,,,,
MTU032,,,UD. TURRON CHOCO-LECHE P. ALM. CARAMELIZADA,11,   919309T,27/12/2025,,,,,1,"9,9",,,"9,9",,,,,T251227
,,,Total albarán 11919309T,,,,,,,,1,,,,"9,9",,,,,
MVH010B,,,UD. BOTELLA AGUA 1/2 L. AQUABONA,11,   919312T,27/12/2025,,,,,1,"1,1",,,"1,1",,,,,T251227
MCK015A,,,UD. TUBO MENTOS FRUTAS 38 GR.,11,   919312T,27/12/2025,,,,,1,"1,1",,,"1,1",,,,,T251227
,,,Total albarán 11919312T,,,,,,,,2,,,,"2,2",,,,,
MVH010B,,,UD. BOTELLA AGUA 1/2 L. AQUABONA,11,   919318T,27/12/2025,,,,,1,"1,1",,,"1,1",,,,,T251227
,,,Total albarán 11919318T,,,,,,,,1,,,,"1,1",,,,,
,04/03/2026 20:10:45,,,,,,,,,,,,,,,,,Página: 101,,
MFA001,,,KG. FRUTA ESCARCHADA,11,   919324T,27/12/2025,,,,,"0,095","29,7",,,"2,82",,,,,T251227
,,,Total albarán 11919324T,,,,,,,,"0,095",,,,"2,82",,,,,
MCN001,,,UD. CHUPA CHUPS,11,   919331T,27/12/2025,,,,,1,"0,33",,,"0,33",,,,,T251227
,,,Total albarán 11919331T,,,,,,,,1,,,,"0,33",,,,,
MTU011,,,KG. PASTELES YEMA,11,   919336T,27/12/2025,,,,,"0,075","38,5",,,"2,89",,,,,T251227
,,,Total albarán 11919336T,,,,,,,,"0,075",,,,"2,89",,,,,
MTU019,,,UD. BOLSA PIÑONES 150 GR.,11,   919344T,27/12/2025,,,,,2,11,,,22,,,,,T251227
,,,Total albarán 11919344T,,,,,,,,2,,,,22,,,,,
MVH012,,,UD. BOTELLA COCA COLA,11,   919345T,27/12/2025,,,,,1,2,,,2,,,,,T251227
,,,Total albarán 11919345T,,,,,,,,1,,,,2,,,,,
MBB001,,,KG. BOMBONES SURTIDOS,11,   919349T,27/12/2025,,,,,"0,235","51,7",,,"12,15",,,,,T251227
,,,Total albarán 11919349T,,,,,,,,"0,235",,,,"12,15",,,,,
MBB003,,,KG. LENGUAS DE GATO,11,   919359T,27/12/2025,,,,,"0,135","34,1",,,"4,6",,,,,T251227
,,,Total albarán 11919359T,,,,,,,,"0,135",,,,"4,6",,,,,
MVH010B,,,UD. BOTELLA AGUA 1/2 L. AQUABONA,11,   919363T,27/12/2025,,,,,1,"1,1",,,"1,1",,,,,T251227
,,,Total albarán 11919363T,,,,,,,,1,,,,"1,1",,,,,
MCG006A,,,UD. SOMBRILLA DE CHOCOLATE 15 GMS.,11,   919371T,27/12/2025,,,,,1,"1,1",,,"1,1",,,,,T251227
,,,Total albarán 11919371T,,,,,,,,1,,,,"1,1",,,,,
MTU019,,,UD. BOLSA PIÑONES 150 GR.,11,   919383T,27/12/2025,,,,,1,11,,,11,,,,,T251227
,,,Total albarán 11919383T,,,,,,,,1,,,,11,,,,,
MCN001,,,UD. CHUPA CHUPS,11,   919384T,27/12/2025,,,,,2,"0,33",,,"0,66",,,,,T251227
,,,Total albarán 11919384T,,,,,,,,2,,,,"0,66",,,,,
MCG007C,,,UD. MEDALLON SANTO TOME 60 GR.,11,   919385T,27/12/2025,,,,,1,"2,75",,,"2,75",,,,,T251227
,,,Total albarán 11919385T,,,,,,,,1,,,,"2,75",,,,,
MVH010B,,,UD. BOTELLA AGUA 1/2 L. AQUABONA,11,   919393T,27/12/2025,,,,,1,"1,1",,,"1,1",,,,,T251227
,,,Total albarán 11919393T,,,,,,,,1,,,,"1,1",,,,,
MVH012,,,UD. BOTELLA COCA COLA,11,   919403T,27/12/2025,,,,,1,2,,,2,,,,,T251227
,,,Total albarán 11919403T,,,,,,,,1,,,,2,,,,,
MVH010B,,,UD. BOTELLA AGUA 1/2 L. AQUABONA,11,   919404T,27/12/2025,,,,,1,"1,1",,,"1,1",,,,,T251227
,,,Total albarán 11919404T,,,,,,,,1,,,,"1,1",,,,,
,04/03/2026 20:10:45,,,,,,,,,,,,,,,,,Página: 102,,
MCN001S,,,UD. CHUPA CHUPS GRANDE,11,   919409T,27/12/2025,,,,,1,1,,,1,,,,,T251227
,,,Total albarán 11919409T,,,,,,,,1,,,,1,,,,,
MBB003,,,KG. LENGUAS DE GATO,11,   919411T,27/12/2025,,,,,"0,1","34,1",,,"3,41",,,,,T251227
,,,Total albarán 11919411T,,,,,,,,"0,1",,,,"3,41",,,,,
MBB003,,,KG. LENGUAS DE GATO,11,   919412T,27/12/2025,,,,,"0,225","34,1",,,"7,67",,,,,T251227
,,,Total albarán 11919412T,,,,,,,,"0,225",,,,"7,67",,,,,
MBB003,,,KG. LENGUAS DE GATO,11,   919414T,27/12/2025,,,,,"0,2","34,1",,,"6,82",,,,,T251227
,,,Total albarán 11919414T,,,,,,,,"0,2",,,,"6,82",,,,,
MCG006A,,,UD. SOMBRILLA DE CHOCOLATE 15 GMS.,11,   919436T,27/12/2025,,,,,4,"1,1",,,"4,4",,,,,T251227
,,,Total albarán 11919436T,,,,,,,,4,,,,"4,4",,,,,
MCG006A,,,UD. SOMBRILLA DE CHOCOLATE 15 GMS.,11,   919445T,27/12/2025,,,,,3,"1,1",,,"3,3",,,,,T251227
,,,Total albarán 11919445T,,,,,,,,3,,,,"3,3",,,,,
MTU010,,,KG. ALMENDRAS RELLENAS,11,   919452T,27/12/2025,,,,,"0,02","41,8",,,"0,84",,,,,T251227
,,,Total albarán 11919452T,,,,,,,,"0,02",,,,"0,84",,,,,
MBB001,,,KG. BOMBONES SURTIDOS,11,   919472T,27/12/2025,,,,,"0,445","51,7",,,"23,01",,,,,T251227
,,,Total albarán 11919472T,,,,,,,,"0,445",,,,"23,01",,,,,
MVH010B,,,UD. BOTELLA AGUA 1/2 L. AQUABONA,11,   919498T,27/12/2025,,,,,1,"1,1",,,"1,1",,,,,T251227
,,,Total albarán 11919498T,,,,,,,,1,,,,"1,1",,,,,
MCN011,,,UD. MELODY POPS,11,   919507T,27/12/2025,,,,,2,"0,66",,,"1,32",,,,,T251227
,,,Total albarán 11919507T,,,,,,,,2,,,,"1,32",,,,,
MFA002,,,KG. FRUTAS DE ARAGON,11,   919510T,27/12/2025,,,,,"0,125",33,,,"4,13",,,,,T251227
,,,Total albarán 11919510T,,,,,,,,"0,125",,,,"4,13",,,,,
MTU016,,,KG. POLVORONES Y MANTECADOS,11,   919516T,27/12/2025,,,,,"0,27","19,8",,,"5,35",,,,,T251227
,,,Total albarán 11919516T,,,,,,,,"0,27",,,,"5,35",,,,,
MBB003,,,KG. LENGUAS DE GATO,11,   919538T,27/12/2025,,,,,"0,2","34,1",,,"6,82",,,,,T251227
,,,Total albarán 11919538T,,,,,,,,"0,2",,,,"6,82",,,,,
MTU011,,,KG. PASTELES YEMA,11,   919540T,27/12/2025,,,,,"0,2","38,5",,,"7,7",,,,,T251227
,,,Total albarán 11919540T,,,,,,,,"0,2",,,,"7,7",,,,,
MBB003,,,KG. LENGUAS DE GATO,11,   919541T,27/12/2025,,,,,"0,065","34,1",,,"2,22",,,,,T251227
,,,Total albarán 11919541T,,,,,,,,"0,065",,,,"2,22",,,,,
MTU010,,,KG. ALMENDRAS RELLENAS,11,   919548T,27/12/2025,,,,,"0,05","41,8",,,"2,09",,,,,T251227
,04/03/2026 20:10:45,,,,,,,,,,,,,,,,,Página: 103,,
,,,Total albarán 11919548T,,,,,,,,"0,05",,,,"2,09",,,,,
MFA002,,,KG. FRUTAS DE ARAGON,11,   919571T,27/12/2025,,,,,"0,5",33,,,"16,5",,,,,T251227
,,,Total albarán 11919571T,,,,,,,,"0,5",,,,"16,5",,,,,
MCG006A,,,UD. SOMBRILLA DE CHOCOLATE 15 GMS.,11,   919574T,27/12/2025,,,,,1,"1,1",,,"1,1",,,,,T251227
,,,Total albarán 11919574T,,,,,,,,1,,,,"1,1",,,,,
MFA002,,,KG. FRUTAS DE ARAGON,11,   919575T,27/12/2025,,,,,"0,13",33,,,"4,29",,,,,T251227
,,,Total albarán 11919575T,,,,,,,,"0,13",,,,"4,29",,,,,
MBB003,,,KG. LENGUAS DE GATO,11,   919576T,27/12/2025,,,,,"0,2","34,1",,,"6,82",,,,,T251227
,,,Total albarán 11919576T,,,,,,,,"0,2",,,,"6,82",,,,,
MCN001S,,,UD. CHUPA CHUPS GRANDE,11,   919577T,27/12/2025,,,,,5,1,,,5,,,,,T251227
,,,Total albarán 11919577T,,,,,,,,5,,,,5,,,,,
MTU010,,,KG. ALMENDRAS RELLENAS,11,   919597T,27/12/2025,,,,,"0,07","41,8",,,"2,93",,,,,T251227
,,,Total albarán 11919597T,,,,,,,,"0,07",,,,"2,93",,,,,
MVH008,,,"UD. AGUA MINERAL DE 1, 5 L. AQUABONA",11,   919602T,27/12/2025,,,,,1,"1,75",,,"1,75",,,,,T251227
,,,Total albarán 11919602T,,,,,,,,1,,,,"1,75",,,,,
MVH010B,,,UD. BOTELLA AGUA 1/2 L. AQUABONA,11,   919604T,27/12/2025,,,,,1,"1,1",,,"1,1",,,,,T251227
,,,Total albarán 11919604T,,,,,,,,1,,,,"1,1",,,,,
MVH010B,,,UD. BOTELLA AGUA 1/2 L. AQUABONA,11,   919608T,28/12/2025,,,,,1,"1,1",,,"1,1",,,,,T251228
,,,Total albarán 11919608T,,,,,,,,1,,,,"1,1",,,,,
MCN001S,,,UD. CHUPA CHUPS GRANDE,11,   919618T,28/12/2025,,,,,2,1,,,2,,,,,T251228
,,,Total albarán 11919618T,,,,,,,,2,,,,2,,,,,
MCN011,,,UD. MELODY POPS,11,   919619T,28/12/2025,,,,,1,"0,66",,,"0,66",,,,,T251228
,,,Total albarán 11919619T,,,,,,,,1,,,,"0,66",,,,,
MFA001,,,KG. FRUTA ESCARCHADA,11,   919639T,28/12/2025,,,,,"0,2","29,7",,,"5,94",,,,,T251228
,,,Total albarán 11919639T,,,,,,,,"0,2",,,,"5,94",,,,,
MFA001,,,KG. FRUTA ESCARCHADA,11,   919650T,28/12/2025,,,,,"0,29","29,7",,,"8,61",,,,,T251228
,,,Total albarán 11919650T,,,,,,,,"0,29",,,,"8,61",,,,,
MVH010B,,,UD. BOTELLA AGUA 1/2 L. AQUABONA,11,   919660T,28/12/2025,,,,,1,"1,1",,,"1,1",,,,,T251228
,,,Total albarán 11919660T,,,,,,,,1,,,,"1,1",,,,,
MTU010,,,KG. ALMENDRAS RELLENAS,11,   919661T,28/12/2025,,,,,"0,025","41,8",,,"1,05",,,,,T251228
,,,Total albarán 11919661T,,,,,,,,"0,025",,,,"1,05",,,,,
,04/03/2026 20:10:45,,,,,,,,,,,,,,,,,Página: 104,,
MCG006A,,,UD. SOMBRILLA DE CHOCOLATE 15 GMS.,11,   919665T,28/12/2025,,,,,1,"1,1",,,"1,1",,,,,T251228
,,,Total albarán 11919665T,,,,,,,,1,,,,"1,1",,,,,
MVH010B,,,UD. BOTELLA AGUA 1/2 L. AQUABONA,11,   919689T,28/12/2025,,,,,1,"1,1",,,"1,1",,,,,T251228
,,,Total albarán 11919689T,,,,,,,,1,,,,"1,1",,,,,
MBB003,,,KG. LENGUAS DE GATO,11,   919694T,28/12/2025,,,,,"0,03","34,1",,,"1,02",,,,,T251228
MVH010B,,,UD. BOTELLA AGUA 1/2 L. AQUABONA,11,   919694T,28/12/2025,,,,,3,"1,1",,,"3,3",,,,,T251228
,,,Total albarán 11919694T,,,,,,,,"3,03",,,,"4,32",,,,,
MTU011,,,KG. PASTELES YEMA,11,   919713T,28/12/2025,,,,,"0,035","38,5",,,"1,35",,,,,T251228
,,,Total albarán 11919713T,,,,,,,,"0,035",,,,"1,35",,,,,
MCJ003D,,,UD. BOLSA CARAMELO NARANJA 175 GR.,11,   919714T,28/12/2025,,,,,1,"3,3",,,"3,3",,,,,T251228
,,,Total albarán 11919714T,,,,,,,,1,,,,"3,3",,,,,
MVH010B,,,UD. BOTELLA AGUA 1/2 L. AQUABONA,11,   919721T,28/12/2025,,,,,1,"1,1",,,"1,1",,,,,T251228
,,,Total albarán 11919721T,,,,,,,,1,,,,"1,1",,,,,
MCG001I,,,UD. HUEVO HOTWHEELS,11,   919740T,28/12/2025,,,,,1,"1,5",,,"1,5",,,,,T251228
,,,Total albarán 11919740T,,,,,,,,1,,,,"1,5",,,,,
MTU011,,,KG. PASTELES YEMA,11,   919742T,28/12/2025,,,,,"0,075","38,5",,,"2,89",,,,,T251228
MCG001I,,,UD. HUEVO HOTWHEELS,11,   919742T,28/12/2025,,,,,1,"1,5",,,"1,5",,,,,T251228
,,,Total albarán 11919742T,,,,,,,,"1,075",,,,"4,39",,,,,
MFA001,,,KG. FRUTA ESCARCHADA,11,   919763T,28/12/2025,,,,,"0,3","29,7",,,"8,91",,,,,T251228
,,,Total albarán 11919763T,,,,,,,,"0,3",,,,"8,91",,,,,
MTU002,,,UD. TURRON JIJONA 300 GR.,11,   919776T,28/12/2025,,,,,1,"12,1",,,"12,1",,,,,T251228
,,,Total albarán 11919776T,,,,,,,,1,,,,"12,1",,,,,
MBB003,,,KG. LENGUAS DE GATO,11,   919778T,28/12/2025,,,,,"0,08","34,1",,,"2,73",,,,,T251228
,,,Total albarán 11919778T,,,,,,,,"0,08",,,,"2,73",,,,,
MTU019,,,UD. BOLSA PIÑONES 150 GR.,11,   919784T,28/12/2025,,,,,1,11,,,11,,,,,T251228
MFA001,,,KG. FRUTA ESCARCHADA,11,   919784T,28/12/2025,,,,,"0,5","29,7",,,"14,85",,,,,T251228
,,,Total albarán 11919784T,,,,,,,,"1,5",,,,"25,85",,,,,
MBB001,,,KG. BOMBONES SURTIDOS,11,   919791T,28/12/2025,,,,,"0,08","51,7",,,"4,14",,,,,T251228
,,,Total albarán 11919791T,,,,,,,,"0,08",,,,"4,14",,,,,
MTU016,,,KG. POLVORONES Y MANTECADOS,11,   919797T,28/12/2025,,,,,"0,175","19,8",,,"3,47",,,,,T251228
,04/03/2026 20:10:45,,,,,,,,,,,,,,,,,Página: 105,,
,,,Total albarán 11919797T,,,,,,,,"0,175",,,,"3,47",,,,,
MTU002,,,UD. TURRON JIJONA 300 GR.,11,   919816T,28/12/2025,,,,,1,"12,1",,,"12,1",,,,,T251228
,,,Total albarán 11919816T,,,,,,,,1,,,,"12,1",,,,,
MVH008,,,"UD. AGUA MINERAL DE 1, 5 L. AQUABONA",11,   919832T,28/12/2025,,,,,1,"1,75",,,"1,75",,,,,T251228
,,,Total albarán 11919832T,,,,,,,,1,,,,"1,75",,,,,
MTU010,,,KG. ALMENDRAS RELLENAS,11,   919871T,28/12/2025,,,,,"0,1","41,8",,,"4,18",,,,,T251228
,,,Total albarán 11919871T,,,,,,,,"0,1",,,,"4,18",,,,,
MCN001S,,,UD. CHUPA CHUPS GRANDE,11,   919875T,28/12/2025,,,,,1,1,,,1,,,,,T251228
MCG006A,,,UD. SOMBRILLA DE CHOCOLATE 15 GMS.,11,   919875T,28/12/2025,,,,,1,"1,1",,,"1,1",,,,,T251228
,,,Total albarán 11919875T,,,,,,,,2,,,,"2,1",,,,,
MCO004L,,,UD. BOTE TRIDENT MENTA,11,   919890T,28/12/2025,,,,,1,"3,5",,,"3,5",,,,,T251228
,,,Total albarán 11919890T,,,,,,,,1,,,,"3,5",,,,,
MVH010B,,,UD. BOTELLA AGUA 1/2 L. AQUABONA,11,   919896T,28/12/2025,,,,,1,"1,1",,,"1,1",,,,,T251228
,,,Total albarán 11919896T,,,,,,,,1,,,,"1,1",,,,,
MFA001,,,KG. FRUTA ESCARCHADA,11,   919918T,28/12/2025,,,,,"0,27","29,7",,,"8,02",,,,,T251228
,,,Total albarán 11919918T,,,,,,,,"0,27",,,,"8,02",,,,,
MBB001,,,KG. BOMBONES SURTIDOS,11,   919919T,28/12/2025,,,,,"0,13","51,7",,,"6,72",,,,,T251228
,,,Total albarán 11919919T,,,,,,,,"0,13",,,,"6,72",,,,,
MVH008,,,"UD. AGUA MINERAL DE 1, 5 L. AQUABONA",11,   919928T,28/12/2025,,,,,1,"1,75",,,"1,75",,,,,T251228
,,,Total albarán 11919928T,,,,,,,,1,,,,"1,75",,,,,
MVH010B,,,UD. BOTELLA AGUA 1/2 L. AQUABONA,11,   919929T,28/12/2025,,,,,1,"1,1",,,"1,1",,,,,T251228
,,,Total albarán 11919929T,,,,,,,,1,,,,"1,1",,,,,
MCN011,,,UD. MELODY POPS,11,   919934T,28/12/2025,,,,,2,"0,66",,,"1,32",,,,,T251228
,,,Total albarán 11919934T,,,,,,,,2,,,,"1,32",,,,,
MTU010,,,KG. ALMENDRAS RELLENAS,11,   919936T,28/12/2025,,,,,"0,04","41,8",,,"1,67",,,,,T251228
,,,Total albarán 11919936T,,,,,,,,"0,04",,,,"1,67",,,,,
MVH008,,,"UD. AGUA MINERAL DE 1, 5 L. AQUABONA",11,   919940T,28/12/2025,,,,,1,"1,75",,,"1,75",,,,,T251228
,,,Total albarán 11919940T,,,,,,,,1,,,,"1,75",,,,,
MVH008,,,"UD. AGUA MINERAL DE 1, 5 L. AQUABONA",11,   919947T,28/12/2025,,,,,1,"1,75",,,"1,75",,,,,T251228
,,,Total albarán 11919947T,,,,,,,,1,,,,"1,75",,,,,
,04/03/2026 20:10:45,,,,,,,,,,,,,,,,,Página: 106,,
MVH015,,,UD. BOTELLA AQUARIUS,11,   919952T,28/12/2025,,,,,1,2,,,2,,,,,T251228
,,,Total albarán 11919952T,,,,,,,,1,,,,2,,,,,
MVH012,,,UD. BOTELLA COCA COLA,11,   919958T,28/12/2025,,,,,1,2,,,2,,,,,T251228
,,,Total albarán 11919958T,,,,,,,,1,,,,2,,,,,
MCN001S,,,UD. CHUPA CHUPS GRANDE,11,   919959T,28/12/2025,,,,,4,1,,,4,,,,,T251228
,,,Total albarán 11919959T,,,,,,,,4,,,,4,,,,,
MVHA013A,,,UD. BOTELLA FANTA LIMON,11,   919960T,28/12/2025,,,,,1,2,,,2,,,,,T251228
,,,Total albarán 11919960T,,,,,,,,1,,,,2,,,,,
MCF050A,,,UD. CHOCOLATE 50 % CACAO AMATLLER 18 GR,11,   919963T,28/12/2025,,,,,1,"1,1",,,"1,1",,,,,T251228
MCN001,,,UD. CHUPA CHUPS,11,   919963T,28/12/2025,,,,,1,"0,33",,,"0,33",,,,,T251228
,,,Total albarán 11919963T,,,,,,,,2,,,,"1,43",,,,,
MVH010B,,,UD. BOTELLA AGUA 1/2 L. AQUABONA,11,   919981T,28/12/2025,,,,,1,"1,1",,,"1,1",,,,,T251228
,,,Total albarán 11919981T,,,,,,,,1,,,,"1,1",,,,,
MTU010,,,KG. ALMENDRAS RELLENAS,11,   919996T,28/12/2025,,,,,"0,28","41,8",,,"11,7",,,,,T251228
MVH010B,,,UD. BOTELLA AGUA 1/2 L. AQUABONA,11,   919996T,28/12/2025,,,,,1,"1,1",,,"1,1",,,,,T251228
,,,Total albarán 11919996T,,,,,,,,"1,28",,,,"12,8",,,,,
MVH008,,,"UD. AGUA MINERAL DE 1, 5 L. AQUABONA",11,   920000T,28/12/2025,,,,,1,"1,75",,,"1,75",,,,,T251228
,,,Total albarán 11920000T,,,,,,,,1,,,,"1,75",,,,,
MCN011,,,UD. MELODY POPS,11,   920002T,28/12/2025,,,,,3,"0,66",,,"1,98",,,,,T251228
,,,Total albarán 11920002T,,,,,,,,3,,,,"1,98",,,,,
MVH010B,,,UD. BOTELLA AGUA 1/2 L. AQUABONA,11,   920017T,28/12/2025,,,,,1,"1,1",,,"1,1",,,,,T251228
,,,Total albarán 11920017T,,,,,,,,1,,,,"1,1",,,,,
MVH012,,,UD. BOTELLA COCA COLA,11,   920022T,28/12/2025,,,,,1,2,,,2,,,,,T251228
MVH015,,,UD. BOTELLA AQUARIUS,11,   920022T,28/12/2025,,,,,1,2,,,2,,,,,T251228
,,,Total albarán 11920022T,,,,,,,,2,,,,4,,,,,
MVH010B,,,UD. BOTELLA AGUA 1/2 L. AQUABONA,11,   920023T,28/12/2025,,,,,1,"1,1",,,"1,1",,,,,T251228
,,,Total albarán 11920023T,,,,,,,,1,,,,"1,1",,,,,
MVH010B,,,UD. BOTELLA AGUA 1/2 L. AQUABONA,11,   920024T,28/12/2025,,,,,1,"1,1",,,"1,1",,,,,T251228
,,,Total albarán 11920024T,,,,,,,,1,,,,"1,1",,,,,
MVH010B,,,UD. BOTELLA AGUA 1/2 L. AQUABONA,11,   920030T,28/12/2025,,,,,1,"1,1",,,"1,1",,,,,T251228
,04/03/2026 20:10:45,,,,,,,,,,,,,,,,,Página: 107,,
,,,Total albarán 11920030T,,,,,,,,1,,,,"1,1",,,,,
MVH015,,,UD. BOTELLA AQUARIUS,11,   920047T,28/12/2025,,,,,1,2,,,2,,,,,T251228
,,,Total albarán 11920047T,,,,,,,,1,,,,2,,,,,
MCG006A,,,UD. SOMBRILLA DE CHOCOLATE 15 GMS.,11,   920057T,28/12/2025,,,,,1,"1,1",,,"1,1",,,,,T251228
,,,Total albarán 11920057T,,,,,,,,1,,,,"1,1",,,,,
MBB001,,,KG. BOMBONES SURTIDOS,11,   920069T,28/12/2025,,,,,"0,045","51,7",,,"2,33",,,,,T251228
MBB003,,,KG. LENGUAS DE GATO,11,   920069T,28/12/2025,,,,,1,"0,1",,,"0,1",,,,,T251228
,,,Total albarán 11920069T,,,,,,,,"1,045",,,,"2,43",,,,,
MTU010,,,KG. ALMENDRAS RELLENAS,11,   920076T,28/12/2025,,,,,"0,07","41,8",,,"2,93",,,,,T251228
,,,Total albarán 11920076T,,,,,,,,"0,07",,,,"2,93",,,,,
MFA002,,,KG. FRUTAS DE ARAGON,11,   920082T,28/12/2025,,,,,"0,085",33,,,"2,81",,,,,T251228
,,,Total albarán 11920082T,,,,,,,,"0,085",,,,"2,81",,,,,
MTU010,,,KG. ALMENDRAS RELLENAS,11,   920088T,28/12/2025,,,,,"0,02","41,8",,,"0,84",,,,,T251228
,,,Total albarán 11920088T,,,,,,,,"0,02",,,,"0,84",,,,,
MCG001F,,,UD. HUEVO PATRULLA CANINA,11,   920093T,28/12/2025,,,,,1,"1,5",,,"1,5",,,,,T251228
,,,Total albarán 11920093T,,,,,,,,1,,,,"1,5",,,,,
MCG006A,,,UD. SOMBRILLA DE CHOCOLATE 15 GMS.,11,   920101T,28/12/2025,,,,,1,"1,1",,,"1,1",,,,,T251228
MCG001H,,,UD. HUEVO BARBIE,11,   920101T,28/12/2025,,,,,1,"1,5",,,"1,5",,,,,T251228
,,,Total albarán 11920101T,,,,,,,,2,,,,"2,6",,,,,
MVH010B,,,UD. BOTELLA AGUA 1/2 L. AQUABONA,11,   920103T,28/12/2025,,,,,1,"1,1",,,"1,1",,,,,T251228
MCN001S,,,UD. CHUPA CHUPS GRANDE,11,   920103T,28/12/2025,,,,,1,1,,,1,,,,,T251228
MCG006A,,,UD. SOMBRILLA DE CHOCOLATE 15 GMS.,11,   920103T,28/12/2025,,,,,1,"1,1",,,"1,1",,,,,T251228
,,,Total albarán 11920103T,,,,,,,,3,,,,"3,2",,,,,
MTU010,,,KG. ALMENDRAS RELLENAS,11,   920107T,28/12/2025,,,,,"0,04","41,8",,,"1,67",,,,,T251228
MFA002,,,KG. FRUTAS DE ARAGON,11,   920107T,28/12/2025,,,,,"0,055",33,,,"1,82",,,,,T251228
,,,Total albarán 11920107T,,,,,,,,"0,095",,,,"3,49",,,,,
MTU010,,,KG. ALMENDRAS RELLENAS,11,   920110T,28/12/2025,,,,,"0,25","41,8",,,"10,45",,,,,T251228
,,,Total albarán 11920110T,,,,,,,,"0,25",,,,"10,45",,,,,
MFA001,,,KG. FRUTA ESCARCHADA,11,   920114T,28/12/2025,,,,,"0,11","29,7",,,"3,27",,,,,T251228
,,,Total albarán 11920114T,,,,,,,,"0,11",,,,"3,27",,,,,
MCG006A,,,UD. SOMBRILLA DE CHOCOLATE 15 GMS.,11,   920116T,28/12/2025,,,,,1,"1,1",,,"1,1",,,,,T251228
,04/03/2026 20:10:45,,,,,,,,,,,,,,,,,Página: 108,,
MVH010B,,,UD. BOTELLA AGUA 1/2 L. AQUABONA,11,   920116T,28/12/2025,,,,,1,"1,1",,,"1,1",,,,,T251228
,,,Total albarán 11920116T,,,,,,,,2,,,,"2,2",,,,,
MTU001,,,UD. TURRON ALICANTE 300 GR.,11,   920118T,29/12/2025,,,,,1,"12,1",,,"12,1",,,,,T251229
MTU002,,,UD. TURRON JIJONA 300 GR.,11,   920118T,29/12/2025,,,,,1,"12,1",,,"12,1",,,,,T251229
,,,Total albarán 11920118T,,,,,,,,2,,,,"24,2",,,,,
MVH010B,,,UD. BOTELLA AGUA 1/2 L. AQUABONA,11,   920120T,29/12/2025,,,,,1,"1,1",,,"1,1",,,,,T251229
,,,Total albarán 11920120T,,,,,,,,1,,,,"1,1",,,,,
MVH012,,,UD. BOTELLA COCA COLA,11,   920124T,29/12/2025,,,,,1,2,,,2,,,,,T251229
,,,Total albarán 11920124T,,,,,,,,1,,,,2,,,,,
MVH013,,,UD. BOTELLA FANTA NARANJA,11,   920127T,29/12/2025,,,,,1,2,,,2,,,,,T251229
MVH010B,,,UD. BOTELLA AGUA 1/2 L. AQUABONA,11,   920127T,29/12/2025,,,,,1,"1,1",,,"1,1",,,,,T251229
,,,Total albarán 11920127T,,,,,,,,2,,,,"3,1",,,,,
MFA001,,,KG. FRUTA ESCARCHADA,11,   920139T,29/12/2025,,,,,"0,365","29,7",,,"10,84",,,,,T251229
,,,Total albarán 11920139T,,,,,,,,"0,365",,,,"10,84",,,,,
MTU019,,,UD. BOLSA PIÑONES 150 GR.,11,   920160T,29/12/2025,,,,,1,11,,,11,,,,,T251229
MTU002,,,UD. TURRON JIJONA 300 GR.,11,   920160T,29/12/2025,,,,,2,"12,1",,,"24,2",,,,,T251229
,,,Total albarán 11920160T,,,,,,,,3,,,,"35,2",,,,,
MBB001,,,KG. BOMBONES SURTIDOS,11,   920161T,29/12/2025,,,,,"0,195","51,7",,,"10,08",,,,,T251229
MBB003,,,KG. LENGUAS DE GATO,11,   920161T,29/12/2025,,,,,"0,01","34,1",,,"0,34",,,,,T251229
,,,Total albarán 11920161T,,,,,,,,"0,205",,,,"10,42",,,,,
MFA001,,,KG. FRUTA ESCARCHADA,11,   920169T,29/12/2025,,,,,"0,31","29,7",,,"9,21",,,,,T251229
,,,Total albarán 11920169T,,,,,,,,"0,31",,,,"9,21",,,,,
MBB003,,,KG. LENGUAS DE GATO,11,   920188T,29/12/2025,,,,,"0,135","34,1",,,"4,6",,,,,T251229
MBB001,,,KG. BOMBONES SURTIDOS,11,   920188T,29/12/2025,,,,,"0,265","51,7",,,"13,7",,,,,T251229
,,,Total albarán 11920188T,,,,,,,,"0,4",,,,"18,3",,,,,
MTU019,,,UD. BOLSA PIÑONES 150 GR.,11,   920194T,29/12/2025,,,,,1,11,,,11,,,,,T251229
,,,Total albarán 11920194T,,,,,,,,1,,,,11,,,,,
MVH010B,,,UD. BOTELLA AGUA 1/2 L. AQUABONA,11,   920197T,29/12/2025,,,,,1,"1,1",,,"1,1",,,,,T251229
,,,Total albarán 11920197T,,,,,,,,1,,,,"1,1",,,,,
MCG006,,,UD. SOMBRILLA DE CHOCOLATE 35 GMS.,11,   920205T,29/12/2025,,,,,1,"2,2",,,"2,2",,,,,T251229
,04/03/2026 20:10:45,,,,,,,,,,,,,,,,,Página: 109,,
,,,Total albarán 11920205T,,,,,,,,1,,,,"2,2",,,,,
MBB001,,,KG. BOMBONES SURTIDOS,11,   920211T,29/12/2025,,,,,"0,195","51,7",,,"10,08",,,,,T251229
,,,Total albarán 11920211T,,,,,,,,"0,195",,,,"10,08",,,,,
MTU002,,,UD. TURRON JIJONA 300 GR.,11,   920224T,29/12/2025,,,,,1,"12,1",,,"12,1",,,,,T251229
MCN001S,,,UD. CHUPA CHUPS GRANDE,11,   920224T,29/12/2025,,,,,5,1,,,5,,,,,T251229
,,,Total albarán 11920224T,,,,,,,,6,,,,"17,1",,,,,
MFA002,,,KG. FRUTAS DE ARAGON,11,   920238T,29/12/2025,,,,,"0,5",33,,,"16,5",,,,,T251229
,,,Total albarán 11920238T,,,,,,,,"0,5",,,,"16,5",,,,,
MVH010B,,,UD. BOTELLA AGUA 1/2 L. AQUABONA,11,   920246T,29/12/2025,,,,,1,"1,1",,,"1,1",,,,,T251229
,,,Total albarán 11920246T,,,,,,,,1,,,,"1,1",,,,,
MTU010,,,KG. ALMENDRAS RELLENAS,11,   920254T,29/12/2025,,,,,"0,025","41,8",,,"1,05",,,,,T251229
,,,Total albarán 11920254T,,,,,,,,"0,025",,,,"1,05",,,,,
MTU012,,,KG. PASTELES YEMA-CHOCOLATE,11,   920266T,29/12/2025,,,,,"0,255","38,5",,,"9,82",,,,,T251229
,,,Total albarán 11920266T,,,,,,,,"0,255",,,,"9,82",,,,,
MFA002,,,KG. FRUTAS DE ARAGON,11,   920285T,29/12/2025,,,,,"0,5",33,,,"16,5",,,,,T251229
,,,Total albarán 11920285T,,,,,,,,"0,5",,,,"16,5",,,,,
MBB003,,,KG. LENGUAS DE GATO,11,   920288T,29/12/2025,,,,,"0,2","34,1",15,,"5,8",,,,,T251229
,,,Total albarán 11920288T,,,,,,,,"0,2",,,,"5,8",,,,,
MTU019,,,UD. BOLSA PIÑONES 150 GR.,11,   920310T,29/12/2025,,,,,1,11,,,11,,,,,T251229
,,,Total albarán 11920310T,,,,,,,,1,,,,11,,,,,
MBB001,,,KG. BOMBONES SURTIDOS,11,   920314T,29/12/2025,,,,,"0,04","51,7",,,"2,07",,,,,T251229
,,,Total albarán 11920314T,,,,,,,,"0,04",,,,"2,07",,,,,
MCN001S,,,UD. CHUPA CHUPS GRANDE,11,   920316T,29/12/2025,,,,,2,1,,,2,,,,,T251229
MCN011,,,UD. MELODY POPS,11,   920316T,29/12/2025,,,,,2,"0,66",,,"1,32",,,,,T251229
MCG001I,,,UD. HUEVO HOTWHEELS,11,   920316T,29/12/2025,,,,,2,"1,5",,,3,,,,,T251229
MCG007C,,,UD. MEDALLON SANTO TOME 60 GR.,11,   920316T,29/12/2025,,,,,2,"2,75",,,"5,5",,,,,T251229
MCG006,,,UD. SOMBRILLA DE CHOCOLATE 35 GMS.,11,   920316T,29/12/2025,,,,,2,"2,2",,,"4,4",,,,,T251229
,,,Total albarán 11920316T,,,,,,,,10,,,,"16,22",,,,,
MTU012,,,KG. PASTELES YEMA-CHOCOLATE,11,   920338T,29/12/2025,,,,,"0,085","38,5",,,"3,27",,,,,T251229
,,,Total albarán 11920338T,,,,,,,,"0,085",,,,"3,27",,,,,
MCN001,,,UD. CHUPA CHUPS,11,   920343T,29/12/2025,,,,,3,"0,33",,,"0,99",,,,,T251229
,04/03/2026 20:10:45,,,,,,,,,,,,,,,,,Página: 110,,
,,,Total albarán 11920343T,,,,,,,,3,,,,"0,99",,,,,
MFA002,,,KG. FRUTAS DE ARAGON,11,   920344T,29/12/2025,,,,,"0,25",33,,,"8,25",,,,,T251229
,,,Total albarán 11920344T,,,,,,,,"0,25",,,,"8,25",,,,,
MCN001,,,UD. CHUPA CHUPS,11,   920347T,29/12/2025,,,,,1,"0,33",,,"0,33",,,,,T251229
,,,Total albarán 11920347T,,,,,,,,1,,,,"0,33",,,,,
MBB003,,,KG. LENGUAS DE GATO,11,   920349T,29/12/2025,,,,,"0,065","34,1",,,"2,22",,,,,T251229
MBB001,,,KG. BOMBONES SURTIDOS,11,   920349T,29/12/2025,,,,,"0,245","51,7",,,"12,67",,,,,T251229
MVHA013A,,,UD. BOTELLA FANTA LIMON,11,   920349T,29/12/2025,,,,,1,2,,,2,,,,,T251229
MVH010B,,,UD. BOTELLA AGUA 1/2 L. AQUABONA,11,   920349T,29/12/2025,,,,,1,"1,1",,,"1,1",,,,,T251229
,,,Total albarán 11920349T,,,,,,,,"2,31",,,,"17,99",,,,,
MFA002,,,KG. FRUTAS DE ARAGON,11,   920364T,29/12/2025,,,,,"0,37",33,,,"12,21",,,,,T251229
,,,Total albarán 11920364T,,,,,,,,"0,37",,,,"12,21",,,,,
MBB003,,,KG. LENGUAS DE GATO,11,   920365T,29/12/2025,,,,,"0,03","34,1",,,"1,02",,,,,T251229
MBB001,,,KG. BOMBONES SURTIDOS,11,   920365T,29/12/2025,,,,,"0,05","51,7",,,"2,59",,,,,T251229
,,,Total albarán 11920365T,,,,,,,,"0,08",,,,"3,61",,,,,
MTU002,,,UD. TURRON JIJONA 300 GR.,11,   920366T,29/12/2025,,,,,1,"12,1",,,"12,1",,,,,T251229
MTU001,,,UD. TURRON ALICANTE 300 GR.,11,   920366T,29/12/2025,,,,,1,"12,1",,,"12,1",,,,,T251229
MTU032,,,UD. TURRON CHOCO-LECHE P. ALM. CARAMELIZADA,11,   920366T,29/12/2025,,,,,1,"9,9",,,"9,9",,,,,T251229
,,,Total albarán 11920366T,,,,,,,,3,,,,"34,1",,,,,
MBB003,,,KG. LENGUAS DE GATO,11,   920402T,29/12/2025,,,,,"0,395","34,1",,,"13,47",,,,,T251229
,,,Total albarán 11920402T,,,,,,,,"0,395",,,,"13,47",,,,,
MVH008,,,"UD. AGUA MINERAL DE 1, 5 L. AQUABONA",11,   920408T,29/12/2025,,,,,1,"1,75",,,"1,75",,,,,T251229
,,,Total albarán 11920408T,,,,,,,,1,,,,"1,75",,,,,
MVH013,,,UD. BOTELLA FANTA NARANJA,11,   920417T,29/12/2025,,,,,1,2,,,2,,,,,T251229
MVH012,,,UD. BOTELLA COCA COLA,11,   920417T,29/12/2025,,,,,1,2,,,2,,,,,T251229
,,,Total albarán 11920417T,,,,,,,,2,,,,4,,,,,
MVH014,,,UD. BOTELLA NESTEA,11,   920425T,29/12/2025,,,,,1,2,,,2,,,,,T251229
,,,Total albarán 11920425T,,,,,,,,1,,,,2,,,,,
MVH010B,,,UD. BOTELLA AGUA 1/2 L. AQUABONA,11,   920447T,29/12/2025,,,,,1,"1,1",,,"1,1",,,,,T251229
,,,Total albarán 11920447T,,,,,,,,1,,,,"1,1",,,,,
MFA001,,,KG. FRUTA ESCARCHADA,11,   920456T,29/12/2025,,,,,"0,055","29,7",,,"1,63",,,,,T251229
,04/03/2026 20:10:45,,,,,,,,,,,,,,,,,Página: 111,,
MTU010,,,KG. ALMENDRAS RELLENAS,11,   920456T,29/12/2025,,,,,"0,02","41,8",,,"0,84",,,,,T251229
,,,Total albarán 11920456T,,,,,,,,"0,075",,,,"2,47",,,,,
MBB003,,,KG. LENGUAS DE GATO,11,   920457T,29/12/2025,,,,,"0,2","34,1",,,"6,82",,,,,T251229
,,,Total albarán 11920457T,,,,,,,,"0,2",,,,"6,82",,,,,
MVH010B,,,UD. BOTELLA AGUA 1/2 L. AQUABONA,11,   920461T,29/12/2025,,,,,1,"1,1",,,"1,1",,,,,T251229
,,,Total albarán 11920461T,,,,,,,,1,,,,"1,1",,,,,
MFA002,,,KG. FRUTAS DE ARAGON,11,   920474T,29/12/2025,,,,,"0,12",33,,,"3,96",,,,,T251229
,,,Total albarán 11920474T,,,,,,,,"0,12",,,,"3,96",,,,,
MFA001,,,KG. FRUTA ESCARCHADA,11,   920478T,29/12/2025,,,,,"0,145","29,7",,,"4,31",,,,,T251229
,,,Total albarán 11920478T,,,,,,,,"0,145",,,,"4,31",,,,,
MBB003,,,KG. LENGUAS DE GATO,11,   920480T,29/12/2025,,,,,"0,4","34,1",,,"13,64",,,,,T251229
,,,Total albarán 11920480T,,,,,,,,"0,4",,,,"13,64",,,,,
MTU011,,,KG. PASTELES YEMA,11,   920488T,29/12/2025,,,,,"0,335","38,5",,,"12,9",,,,,T251229
,,,Total albarán 11920488T,,,,,,,,"0,335",,,,"12,9",,,,,
MFA001,,,KG. FRUTA ESCARCHADA,11,   920516T,29/12/2025,,,,,"0,2","29,7",,,"5,94",,,,,T251229
,,,Total albarán 11920516T,,,,,,,,"0,2",,,,"5,94",,,,,
MTU019,,,UD. BOLSA PIÑONES 150 GR.,11,   920518T,29/12/2025,,,,,1,11,,,11,,,,,T251229
,,,Total albarán 11920518T,,,,,,,,1,,,,11,,,,,
MCG006A,,,UD. SOMBRILLA DE CHOCOLATE 15 GMS.,11,   920519T,29/12/2025,,,,,1,"1,1",,,"1,1",,,,,T251229
,,,Total albarán 11920519T,,,,,,,,1,,,,"1,1",,,,,
MCG001F,,,UD. HUEVO PATRULLA CANINA,11,   920530T,29/12/2025,,,,,1,"1,5",,,"1,5",,,,,T251229
,,,Total albarán 11920530T,,,,,,,,1,,,,"1,5",,,,,
MVH010B,,,UD. BOTELLA AGUA 1/2 L. AQUABONA,11,   920531T,29/12/2025,,,,,1,"1,1",,,"1,1",,,,,T251229
MTU010,,,KG. ALMENDRAS RELLENAS,11,   920531T,29/12/2025,,,,,"0,07","41,8",,,"2,93",,,,,T251229
,,,Total albarán 11920531T,,,,,,,,"1,07",,,,"4,03",,,,,
MTU019,,,UD. BOLSA PIÑONES 150 GR.,11,   920555T,29/12/2025,,,,,1,11,,,11,,,,,T251229
,,,Total albarán 11920555T,,,,,,,,1,,,,11,,,,,
MCJ003I,,,UD. BOLSA CARAMELOS GUMI,11,   920557T,29/12/2025,,,,,1,"3,3",,,"3,3",,,,,T251229
,,,Total albarán 11920557T,,,,,,,,1,,,,"3,3",,,,,
MTU011,,,KG. PASTELES YEMA,11,   920558T,29/12/2025,,,,,"0,07","38,5",,,"2,7",,,,,T251229
,04/03/2026 20:10:45,,,,,,,,,,,,,,,,,Página: 112,,
,,,Total albarán 11920558T,,,,,,,,"0,07",,,,"2,7",,,,,
MBB003,,,KG. LENGUAS DE GATO,11,   920571T,29/12/2025,,,,,"0,28","34,1",,,"9,55",,,,,T251229
,,,Total albarán 11920571T,,,,,,,,"0,28",,,,"9,55",,,,,
MFA002,,,KG. FRUTAS DE ARAGON,11,   920581T,29/12/2025,,,,,"0,7",33,,,"23,1",,,,,T251229
,,,Total albarán 11920581T,,,,,,,,"0,7",,,,"23,1",,,,,
MCG001F,,,UD. HUEVO PATRULLA CANINA,11,   920607T,29/12/2025,,,,,2,"1,5",,,3,,,,,T251229
,,,Total albarán 11920607T,,,,,,,,2,,,,3,,,,,
MTU011,,,KG. PASTELES YEMA,11,   920608T,29/12/2025,,,,,"0,175","38,5",,,"6,74",,,,,T251229
MTU010,,,KG. ALMENDRAS RELLENAS,11,   920608T,29/12/2025,,,,,"0,25","41,8",,,"10,45",,,,,T251229
,,,Total albarán 11920608T,,,,,,,,"0,425",,,,"17,19",,,,,
MBB001,,,KG. BOMBONES SURTIDOS,11,   920627T,29/12/2025,,,,,"0,055","51,7",,,"2,84",,,,,T251229
,,,Total albarán 11920627T,,,,,,,,"0,055",,,,"2,84",,,,,
MBB001,,,KG. BOMBONES SURTIDOS,11,   920628T,29/12/2025,,,,,"0,065","51,7",,,"3,36",,,,,T251229
MFA001,,,KG. FRUTA ESCARCHADA,11,   920628T,29/12/2025,,,,,"0,38","29,7",,,"11,29",,,,,T251229
,,,Total albarán 11920628T,,,,,,,,"0,445",,,,"14,65",,,,,
MFA001,,,KG. FRUTA ESCARCHADA,11,   920630T,29/12/2025,,,,,"0,435","29,7",,,"12,92",,,,,T251229
,,,Total albarán 11920630T,,,,,,,,"0,435",,,,"12,92",,,,,
MVH012,,,UD. BOTELLA COCA COLA,11,   920648T,29/12/2025,,,,,1,2,,,2,,,,,T251229
,,,Total albarán 11920648T,,,,,,,,1,,,,2,,,,,
MVH010B,,,UD. BOTELLA AGUA 1/2 L. AQUABONA,11,   920651T,29/12/2025,,,,,2,"1,1",,,"2,2",,,,,T251229
,,,Total albarán 11920651T,,,,,,,,2,,,,"2,2",,,,,
MBB003,,,KG. LENGUAS DE GATO,11,   920656T,29/12/2025,,,,,"0,03","34,1",,,"1,02",,,,,T251229
,,,Total albarán 11920656T,,,,,,,,"0,03",,,,"1,02",,,,,
MVH008,,,"UD. AGUA MINERAL DE 1, 5 L. AQUABONA",11,   920663T,29/12/2025,,,,,1,"1,75",,,"1,75",,,,,T251229
,,,Total albarán 11920663T,,,,,,,,1,,,,"1,75",,,,,
MBB003,,,KG. LENGUAS DE GATO,11,   920665T,29/12/2025,,,,,"0,28","34,1",,,"9,55",,,,,T251229
,,,Total albarán 11920665T,,,,,,,,"0,28",,,,"9,55",,,,,
MTU010,,,KG. ALMENDRAS RELLENAS,11,   920677T,30/12/2025,,,,,"0,02","41,8",,,"0,84",,,,,T251230
,,,Total albarán 11920677T,,,,,,,,"0,02",,,,"0,84",,,,,
MVH010B,,,UD. BOTELLA AGUA 1/2 L. AQUABONA,11,   920679T,30/12/2025,,,,,1,"1,1",,,"1,1",,,,,T251230
,,,Total albarán 11920679T,,,,,,,,1,,,,"1,1",,,,,
,04/03/2026 20:10:45,,,,,,,,,,,,,,,,,Página: 113,,
MCO004O,,,UD. TRIDENT MENTA SIN AZUCAR,11,   920685T,30/12/2025,,,,,1,"1,65",,,"1,65",,,,,T251230
,,,Total albarán 11920685T,,,,,,,,1,,,,"1,65",,,,,
MBB003,,,KG. LENGUAS DE GATO,11,   920687T,30/12/2025,,,,,"0,215","34,1",,,"7,33",,,,,T251230
,,,Total albarán 11920687T,,,,,,,,"0,215",,,,"7,33",,,,,
MVH008,,,"UD. AGUA MINERAL DE 1, 5 L. AQUABONA",11,   920689T,30/12/2025,,,,,1,"1,75",,,"1,75",,,,,T251230
,,,Total albarán 11920689T,,,,,,,,1,,,,"1,75",,,,,
MTU019,,,UD. BOLSA PIÑONES 150 GR.,11,   920731T,30/12/2025,,,,,1,11,,,11,,,,,T251230
,,,Total albarán 11920731T,,,,,,,,1,,,,11,,,,,
MCG006A,,,UD. SOMBRILLA DE CHOCOLATE 15 GMS.,11,   920743T,30/12/2025,,,,,2,"1,1",,,"2,2",,,,,T251230
,,,Total albarán 11920743T,,,,,,,,2,,,,"2,2",,,,,
MCG007C,,,UD. MEDALLON SANTO TOME 60 GR.,11,   920759T,30/12/2025,,,,,3,"2,75",,,"8,25",,,,,T251230
,,,Total albarán 11920759T,,,,,,,,3,,,,"8,25",,,,,
MBB001,,,KG. BOMBONES SURTIDOS,11,   920772T,30/12/2025,,,,,"0,21","51,7",,,"10,86",,,,,T251230
,,,Total albarán 11920772T,,,,,,,,"0,21",,,,"10,86",,,,,
MCJ003I,,,UD. BOLSA CARAMELOS GUMI,11,   920797T,30/12/2025,,,,,1,"3,3",,,"3,3",,,,,T251230
MCK048,,,UD. MEGA-ROULETE,11,   920797T,30/12/2025,,,,,1,"0,7",,,"0,7",,,,,T251230
,,,Total albarán 11920797T,,,,,,,,2,,,,4,,,,,
MCG006A,,,UD. SOMBRILLA DE CHOCOLATE 15 GMS.,11,   920798T,30/12/2025,,,,,2,"1,1",,,"2,2",,,,,T251230
MTU019,,,UD. BOLSA PIÑONES 150 GR.,11,   920798T,30/12/2025,,,,,1,11,,,11,,,,,T251230
MCG001I,,,UD. HUEVO HOTWHEELS,11,   920798T,30/12/2025,,,,,1,"1,5",,,"1,5",,,,,T251230
,,,Total albarán 11920798T,,,,,,,,4,,,,"14,7",,,,,
MTU019,,,UD. BOLSA PIÑONES 150 GR.,11,   920814T,30/12/2025,,,,,1,11,,,11,,,,,T251230
,,,Total albarán 11920814T,,,,,,,,1,,,,11,,,,,
MFA001,,,KG. FRUTA ESCARCHADA,11,   920827T,30/12/2025,,,,,"0,13","29,7",,,"3,86",,,,,T251230
,,,Total albarán 11920827T,,,,,,,,"0,13",,,,"3,86",,,,,
MVH010B,,,UD. BOTELLA AGUA 1/2 L. AQUABONA,11,   920829T,30/12/2025,,,,,3,"1,1",,,"3,3",,,,,T251230
,,,Total albarán 11920829T,,,,,,,,3,,,,"3,3",,,,,
MTU016,,,KG. POLVORONES Y MANTECADOS,11,   920830T,30/12/2025,,,,,"0,13","19,8",,,"2,57",,,,,T251230
MTU011,,,KG. PASTELES YEMA,11,   920830T,30/12/2025,,,,,"0,07","38,5",,,"2,7",,,,,T251230
,04/03/2026 20:10:45,,,,,,,,,,,,,,,,,Página: 114,,
,,,Total albarán 11920830T,,,,,,,,"0,2",,,,"5,27",,,,,
MFA002,,,KG. FRUTAS DE ARAGON,11,   920835T,30/12/2025,,,,,"0,145",33,,,"4,79",,,,,T251230
,,,Total albarán 11920835T,,,,,,,,"0,145",,,,"4,79",,,,,
MTU001,,,UD. TURRON ALICANTE 300 GR.,11,   920842T,30/12/2025,,,,,1,"12,1",,,"12,1",,,,,T251230
MVH008,,,"UD. AGUA MINERAL DE 1, 5 L. AQUABONA",11,   920842T,30/12/2025,,,,,1,"1,75",,,"1,75",,,,,T251230
,,,Total albarán 11920842T,,,,,,,,2,,,,"13,85",,,,,
MBB003,,,KG. LENGUAS DE GATO,11,   920857T,30/12/2025,,,,,"0,42","34,1",,,"14,32",,,,,T251230
,,,Total albarán 11920857T,,,,,,,,"0,42",,,,"14,32",,,,,
MTU011,,,KG. PASTELES YEMA,11,   920870T,30/12/2025,,,,,"0,125","38,5",,,"4,81",,,,,T251230
,,,Total albarán 11920870T,,,,,,,,"0,125",,,,"4,81",,,,,
MVH008,,,"UD. AGUA MINERAL DE 1, 5 L. AQUABONA",11,   920895T,30/12/2025,,,,,1,"1,75",,,"1,75",,,,,T251230
,,,Total albarán 11920895T,,,,,,,,1,,,,"1,75",,,,,
MTU011,,,KG. PASTELES YEMA,11,   920914T,30/12/2025,,,,,"0,075","38,5",,,"2,89",,,,,T251230
,,,Total albarán 11920914T,,,,,,,,"0,075",,,,"2,89",,,,,
MTU011,,,KG. PASTELES YEMA,11,   920936T,30/12/2025,,,,,"0,135","38,5",,,"5,2",,,,,T251230
,,,Total albarán 11920936T,,,,,,,,"0,135",,,,"5,2",,,,,
MBB001,,,KG. BOMBONES SURTIDOS,11,   920942T,30/12/2025,,,,,"0,37","51,7",,,"19,13",,,,,T251230
,,,Total albarán 11920942T,,,,,,,,"0,37",,,,"19,13",,,,,
MVH010B,,,UD. BOTELLA AGUA 1/2 L. AQUABONA,11,   920950T,30/12/2025,,,,,1,"1,1",,,"1,1",,,,,T251230
,,,Total albarán 11920950T,,,,,,,,1,,,,"1,1",,,,,
MFA001,,,KG. FRUTA ESCARCHADA,11,   920969T,30/12/2025,,,,,"0,495","29,7",,,"14,7",,,,,T251230
,,,Total albarán 11920969T,,,,,,,,"0,495",,,,"14,7",,,,,
MCN001,,,UD. CHUPA CHUPS,11,   920971T,30/12/2025,,,,,1,"0,33",,,"0,33",,,,,T251230
MCK015A,,,UD. TUBO MENTOS FRUTAS 38 GR.,11,   920971T,30/12/2025,,,,,1,"1,1",,,"1,1",,,,,T251230
MCO004L,,,UD. BOTE TRIDENT MENTA,11,   920971T,30/12/2025,,,,,1,"3,5",,,"3,5",,,,,T251230
MFA001,,,KG. FRUTA ESCARCHADA,11,   920971T,30/12/2025,,,,,"0,25","29,7",,,"7,43",,,,,T251230
,,,Total albarán 11920971T,,,,,,,,"3,25",,,,"12,36",,,,,
MTU016,,,KG. POLVORONES Y MANTECADOS,11,   920982T,30/12/2025,,,,,"0,25","19,8",,,"4,95",,,,,T251230
MTU002,,,UD. TURRON JIJONA 300 GR.,11,   920982T,30/12/2025,,,,,1,"12,1",,,"12,1",,,,,T251230
,,,Total albarán 11920982T,,,,,,,,"1,25",,,,"17,05",,,,,
MFA001,,,KG. FRUTA ESCARCHADA,11,   920983T,30/12/2025,,,,,"0,155","29,7",,,"4,6",,,,,T251230
,04/03/2026 20:10:46,,,,,,,,,,,,,,,,,Página: 115,,
,,,Total albarán 11920983T,,,,,,,,"0,155",,,,"4,6",,,,,
MBB003,,,KG. LENGUAS DE GATO,11,   920987T,30/12/2025,,,,,1,10,,,10,,,,,T251230
,,,Total albarán 11920987T,,,,,,,,1,,,,10,,,,,
MCN001S,,,UD. CHUPA CHUPS GRANDE,11,   921012T,30/12/2025,,,,,3,1,,,3,,,,,T251230
,,,Total albarán 11921012T,,,,,,,,3,,,,3,,,,,
MVH010B,,,UD. BOTELLA AGUA 1/2 L. AQUABONA,11,   921017T,30/12/2025,,,,,1,"1,1",,,"1,1",,,,,T251230
,,,Total albarán 11921017T,,,,,,,,1,,,,"1,1",,,,,
MVH008,,,"UD. AGUA MINERAL DE 1, 5 L. AQUABONA",11,   921051T,30/12/2025,,,,,1,"1,75",,,"1,75",,,,,T251230
,,,Total albarán 11921051T,,,,,,,,1,,,,"1,75",,,,,
MBB001,,,KG. BOMBONES SURTIDOS,11,   921052T,30/12/2025,,,,,"0,25","51,7",,,"12,93",,,,,T251230
,,,Total albarán 11921052T,,,,,,,,"0,25",,,,"12,93",,,,,
MCN011,,,UD. MELODY POPS,11,   921064T,30/12/2025,,,,,3,"0,66",,,"1,98",,,,,T251230
MCN001,,,UD. CHUPA CHUPS,11,   921064T,30/12/2025,,,,,1,"0,3",,,"0,3",,,,,T251230
,,,Total albarán 11921064T,,,,,,,,4,,,,"2,28",,,,,
MCN011,,,UD. MELODY POPS,11,   921067T,30/12/2025,,,,,1,"0,66",,,"0,66",,,,,T251230
,,,Total albarán 11921067T,,,,,,,,1,,,,"0,66",,,,,
MTU011,,,KG. PASTELES YEMA,11,   921070T,30/12/2025,,,,,"0,065","38,5",,,"2,5",,,,,T251230
,,,Total albarán 11921070T,,,,,,,,"0,065",,,,"2,5",,,,,
MVH012A,,,UD. BOTELLA COCA COLA ZERO,11,   921074T,30/12/2025,,,,,1,2,,,2,,,,,T251230
,,,Total albarán 11921074T,,,,,,,,1,,,,2,,,,,
MTU002,,,UD. TURRON JIJONA 300 GR.,11,   921077T,30/12/2025,,,,,1,"12,1",,,"12,1",,,,,T251230
,,,Total albarán 11921077T,,,,,,,,1,,,,"12,1",,,,,
MFA002,,,KG. FRUTAS DE ARAGON,11,   921091T,30/12/2025,,,,,"0,3",33,,,"9,9",,,,,T251230
,,,Total albarán 11921091T,,,,,,,,"0,3",,,,"9,9",,,,,
MBB001,,,KG. BOMBONES SURTIDOS,11,   921097T,30/12/2025,,,,,"0,23","51,7",,,"11,89",,,,,T251230
,,,Total albarán 11921097T,,,,,,,,"0,23",,,,"11,89",,,,,
MFA001,,,KG. FRUTA ESCARCHADA,11,   921112T,30/12/2025,,,,,"0,27","29,7",,,"8,02",,,,,T251230
,,,Total albarán 11921112T,,,,,,,,"0,27",,,,"8,02",,,,,
MTU002,,,UD. TURRON JIJONA 300 GR.,11,   921119T,30/12/2025,,,,,2,"12,1",,,"24,2",,,,,T251230
,,,Total albarán 11921119T,,,,,,,,2,,,,"24,2",,,,,
MVH010B,,,UD. BOTELLA AGUA 1/2 L. AQUABONA,11,   921136T,30/12/2025,,,,,1,"1,1",,,"1,1",,,,,T251230
,04/03/2026 20:10:46,,,,,,,,,,,,,,,,,Página: 116,,
,,,Total albarán 11921136T,,,,,,,,1,,,,"1,1",,,,,
MCG007C,,,UD. MEDALLON SANTO TOME 60 GR.,11,   921146T,30/12/2025,,,,,1,"2,75",,,"2,75",,,,,T251230
,,,Total albarán 11921146T,,,,,,,,1,,,,"2,75",,,,,
MFA002,,,KG. FRUTAS DE ARAGON,11,   921159T,30/12/2025,,,,,"0,095",33,,,"3,14",,,,,T251230
,,,Total albarán 11921159T,,,,,,,,"0,095",,,,"3,14",,,,,
MCJ012B,,,UD. SACO CARBON 100 GR. PIFARRE,11,   921160T,30/12/2025,,,,,1,"3,3",,,"3,3",,,,,T251230
,,,Total albarán 11921160T,,,,,,,,1,,,,"3,3",,,,,
MCG007C,,,UD. MEDALLON SANTO TOME 60 GR.,11,   921165T,30/12/2025,,,,,1,"2,75",,,"2,75",,,,,T251230
,,,Total albarán 11921165T,,,,,,,,1,,,,"2,75",,,,,
MBB003,,,KG. LENGUAS DE GATO,11,   921182T,30/12/2025,,,,,"0,26","34,1",,,"8,87",,,,,T251230
,,,Total albarán 11921182T,,,,,,,,"0,26",,,,"8,87",,,,,
MBB003,,,KG. LENGUAS DE GATO,11,   921197T,30/12/2025,,,,,"0,065","34,1",,,"2,22",,,,,T251230
,,,Total albarán 11921197T,,,,,,,,"0,065",,,,"2,22",,,,,
MTU011,,,KG. PASTELES YEMA,11,   921217T,30/12/2025,,,,,"0,1","38,5",,,"3,85",,,,,T251230
,,,Total albarán 11921217T,,,,,,,,"0,1",,,,"3,85",,,,,
MFA001,,,KG. FRUTA ESCARCHADA,11,   921218T,30/12/2025,,,,,"0,28","29,7",,,"8,32",,,,,T251230
,,,Total albarán 11921218T,,,,,,,,"0,28",,,,"8,32",,,,,
MFA001,,,KG. FRUTA ESCARCHADA,11,   921220T,30/12/2025,,,,,"0,13","29,7",,,"3,86",,,,,T251230
,,,Total albarán 11921220T,,,,,,,,"0,13",,,,"3,86",,,,,
MVH010B,,,UD. BOTELLA AGUA 1/2 L. AQUABONA,11,   921236T,30/12/2025,,,,,1,"1,1",,,"1,1",,,,,T251230
,,,Total albarán 11921236T,,,,,,,,1,,,,"1,1",,,,,
MVH014,,,UD. BOTELLA NESTEA,11,   921250T,30/12/2025,,,,,1,2,,,2,,,,,T251230
,,,Total albarán 11921250T,,,,,,,,1,,,,2,,,,,
MTU002,,,UD. TURRON JIJONA 300 GR.,11,   921260T,30/12/2025,,,,,1,"12,1",,,"12,1",,,,,T251230
,,,Total albarán 11921260T,,,,,,,,1,,,,"12,1",,,,,
MTU002,,,UD. TURRON JIJONA 300 GR.,11,   921273T,31/12/2025,,,,,2,"12,1",,,"24,2",,,,,T251231
,,,Total albarán 11921273T,,,,,,,,2,,,,"24,2",,,,,
MTU002,,,UD. TURRON JIJONA 300 GR.,11,   921301T,31/12/2025,,,,,1,"12,1",,,"12,1",,,,,T251231
,,,Total albarán 11921301T,,,,,,,,1,,,,"12,1",,,,,
MCJ003F,,,UD. BOLSA CARAMELO MIEL - EUCALIPTO 175 GR.,11,   921308T,31/12/2025,,,,,1,"3,3",,,"3,3",,,,,T251231
,,,Total albarán 11921308T,,,,,,,,1,,,,"3,3",,,,,
,04/03/2026 20:10:46,,,,,,,,,,,,,,,,,Página: 117,,
MCK015A,,,UD. TUBO MENTOS FRUTAS 38 GR.,11,   921309T,31/12/2025,,,,,1,"1,1",,,"1,1",,,,,T251231
,,,Total albarán 11921309T,,,,,,,,1,,,,"1,1",,,,,
MFA001,,,KG. FRUTA ESCARCHADA,11,   921316T,31/12/2025,,,,,"0,37","29,7",,,"10,99",,,,,T251231
,,,Total albarán 11921316T,,,,,,,,"0,37",,,,"10,99",,,,,
MTU011,,,KG. PASTELES YEMA,11,   921319T,31/12/2025,,,,,"0,19","38,5",,,"7,32",,,,,T251231
MFA001,,,KG. FRUTA ESCARCHADA,11,   921319T,31/12/2025,,,,,"0,43","29,7",,,"12,77",,,,,T251231
,,,Total albarán 11921319T,,,,,,,,"0,62",,,,"20,09",,,,,
